Epsilon Scale,Force (N)
0.1,1128303591597.0183
0.5,225660718319.40366
1.0,112830359159.70183
2.0,56415179579.850914
5.0,22566071831.94037
10.0,11283035915.970184
