time_s,force_N
0.000000e+00,0.000000e+00
1.000000e-04,3.928773e-09
2.000000e-04,7.857547e-09
3.000000e-04,1.254732e-07
4.000000e-04,1.571509e-08
5.000000e-04,3.214166e-07
6.000000e-04,2.509463e-07
7.000000e-04,5.409328e-07
8.000000e-04,3.143019e-08
9.000000e-04,3.057016e-07
1.000000e-03,6.428333e-07
1.100000e-03,7.047033e-08
1.200000e-03,5.018926e-07
1.300000e-03,1.647609e-07
1.400000e-03,1.081866e-06
1.500000e-03,5.095026e-07
1.600000e-03,6.286038e-08
1.700000e-03,6.352233e-07
1.800000e-03,6.114031e-07
1.900000e-03,3.904014e-08
2.000000e-03,1.285667e-06
2.100000e-03,1.105686e-06
2.200000e-03,1.409407e-07
2.300000e-03,1.387567e-06
2.400000e-03,1.003785e-06
2.500000e-03,2.428412e-07
2.600000e-03,3.295218e-07
2.700000e-03,9.018847e-07
2.800000e-03,2.163731e-06
2.900000e-03,1.591368e-06
3.000000e-03,1.019005e-06
3.100000e-03,4.466422e-07
3.200000e-03,1.257208e-07
3.300000e-03,2.939895e-06
3.400000e-03,1.270447e-06
3.500000e-03,1.795169e-06
3.600000e-03,1.222806e-06
3.700000e-03,6.504432e-07
3.800000e-03,7.808028e-08
3.900000e-03,4.942827e-07
4.000000e-03,2.571333e-06
4.100000e-03,1.639009e-06
4.200000e-03,2.211372e-06
4.300000e-03,8.542443e-07
4.400000e-03,2.818813e-07
4.500000e-03,2.904816e-07
4.600000e-03,2.775134e-06
4.700000e-03,2.202771e-06
4.800000e-03,2.007571e-06
4.900000e-03,4.696024e-06
5.000000e-03,4.856824e-07
5.100000e-03,8.668061e-08
5.200000e-03,6.590436e-07
5.300000e-03,1.231407e-06
5.400000e-03,1.803769e-06
5.500000e-03,2.376132e-06
5.600000e-03,4.327462e-06
5.700000e-03,3.755099e-06
5.800000e-03,3.182736e-06
5.900000e-03,2.610373e-06
6.000000e-03,2.038010e-06
6.100000e-03,1.465647e-06
6.200000e-03,8.932844e-07
6.300000e-03,3.209215e-07
6.400000e-03,2.514415e-07
6.500000e-03,8.238045e-07
6.600000e-03,5.879790e-06
6.700000e-03,1.968530e-06
6.800000e-03,2.540893e-06
6.900000e-03,3.113256e-06
7.000000e-03,3.590338e-06
7.100000e-03,3.017975e-06
7.200000e-03,2.445612e-06
7.300000e-03,1.873249e-06
7.400000e-03,1.300886e-06
7.500000e-03,7.285235e-07
7.600000e-03,1.561606e-07
7.700000e-03,4.162024e-07
7.800000e-03,9.885654e-07
7.900000e-03,1.560928e-06
8.000000e-03,5.142666e-06
8.100000e-03,4.570303e-06
8.200000e-03,3.278017e-06
8.300000e-03,3.425577e-06
8.400000e-03,4.422743e-06
8.500000e-03,2.280852e-06
8.600000e-03,1.708489e-06
8.700000e-03,6.139832e-06
8.800000e-03,5.637626e-07
8.900000e-03,7.267357e-06
9.000000e-03,5.809633e-07
9.100000e-03,1.153326e-06
9.200000e-03,5.550268e-06
9.300000e-03,2.298052e-06
9.400000e-03,4.405542e-06
9.500000e-03,3.833180e-06
9.600000e-03,4.015141e-06
9.700000e-03,2.688454e-06
9.800000e-03,9.392048e-06
9.900000e-03,1.543728e-06
1.000000e-02,9.713647e-07
1.010000e-02,6.876956e-06
1.020000e-02,1.733612e-07
1.030000e-02,6.530233e-06
1.040000e-02,1.318087e-06
1.050000e-02,5.385508e-06
1.060000e-02,2.462813e-06
1.070000e-02,4.240782e-06
1.080000e-02,3.607539e-06
1.090000e-02,3.096056e-06
1.100000e-02,4.752265e-06
1.110000e-02,1.951330e-06
1.120000e-02,8.654924e-06
1.130000e-02,8.066038e-07
1.140000e-02,7.510198e-06
1.150000e-02,3.381221e-07
1.160000e-02,6.365473e-06
1.170000e-02,1.482848e-06
1.180000e-02,5.220747e-06
1.190000e-02,2.627574e-06
1.200000e-02,4.076021e-06
1.210000e-02,3.772300e-06
1.220000e-02,2.931295e-06
1.230000e-02,9.634889e-06
1.240000e-02,1.786569e-06
1.250000e-02,8.490163e-06
1.260000e-02,6.418429e-07
1.270000e-02,7.206478e-06
1.280000e-02,5.028830e-07
1.290000e-02,6.200712e-06
1.300000e-02,1.647609e-06
1.310000e-02,5.055986e-06
1.320000e-02,1.175958e-05
1.330000e-02,3.911260e-06
1.340000e-02,3.937061e-06
1.350000e-02,2.766534e-06
1.360000e-02,5.081787e-06
1.370000e-02,1.621808e-06
1.380000e-02,6.226513e-06
1.390000e-02,4.770820e-07
1.400000e-02,7.180677e-06
1.410000e-02,6.676439e-07
1.420000e-02,6.035951e-06
1.430000e-02,1.812370e-06
1.440000e-02,4.891225e-06
1.450000e-02,2.957096e-06
1.460000e-02,3.746499e-06
1.470000e-02,4.101822e-06
1.480000e-02,2.601773e-06
1.490000e-02,9.305368e-06
1.500000e-02,1.457047e-06
1.510000e-02,8.160642e-06
1.520000e-02,3.123211e-07
1.530000e-02,7.015916e-06
1.540000e-02,8.324048e-07
1.550000e-02,5.871190e-06
1.560000e-02,1.977131e-06
1.570000e-02,9.825451e-06
1.580000e-02,3.121857e-06
1.590000e-02,3.581738e-06
1.600000e-02,1.028533e-05
1.610000e-02,2.437012e-06
1.620000e-02,9.140607e-06
1.630000e-02,1.292286e-06
1.640000e-02,6.556034e-06
1.650000e-02,1.475602e-07
1.660000e-02,6.851155e-06
1.670000e-02,1.355475e-05
1.680000e-02,8.845486e-06
1.690000e-02,2.141892e-06
1.700000e-02,4.561703e-06
1.710000e-02,3.286618e-06
1.720000e-02,3.416977e-06
1.730000e-02,1.012057e-05
1.740000e-02,1.227966e-05
1.750000e-02,5.576069e-06
1.760000e-02,1.127525e-06
1.770000e-02,7.831120e-06
1.780000e-02,1.453471e-05
1.790000e-02,6.686394e-06
1.800000e-02,1.161927e-06
1.810000e-02,5.541668e-06
1.820000e-02,2.306652e-06
1.830000e-02,4.396942e-06
1.840000e-02,1.110054e-05
1.850000e-02,1.129970e-05
1.860000e-02,4.596104e-06
1.870000e-02,2.107490e-06
1.880000e-02,8.811085e-06
1.890000e-02,9.627644e-07
1.900000e-02,7.666359e-06
1.910000e-02,1.819615e-07
1.920000e-02,8.030282e-06
1.930000e-02,1.326687e-06
1.940000e-02,5.376907e-06
1.950000e-02,1.208050e-05
1.960000e-02,1.878410e-05
1.970000e-02,3.616139e-06
1.980000e-02,3.087455e-06
1.990000e-02,4.760865e-06
2.000000e-02,1.942729e-06
2.010000e-02,8.646324e-06
2.020000e-02,1.375391e-05
2.030000e-02,7.050317e-06
2.040000e-02,3.467224e-07
2.050000e-02,6.356872e-06
2.060000e-02,1.306047e-05
2.070000e-02,5.212146e-06
2.080000e-02,2.636174e-06
2.090000e-02,4.067420e-06
2.100000e-02,1.077102e-05
2.110000e-02,1.747461e-05
2.120000e-02,4.925626e-06
2.130000e-02,1.777969e-06
2.140000e-02,8.481563e-06
2.150000e-02,1.391867e-05
2.160000e-02,7.215078e-06
2.170000e-02,5.114833e-07
2.180000e-02,6.192111e-06
2.190000e-02,1.289571e-05
2.200000e-02,9.504530e-06
2.210000e-02,2.800935e-06
2.220000e-02,3.902659e-06
2.230000e-02,1.060625e-05
2.240000e-02,1.730985e-05
2.250000e-02,5.090387e-06
2.260000e-02,1.613208e-06
2.270000e-02,8.316802e-06
2.280000e-02,1.502040e-05
2.290000e-02,2.172399e-05
2.300000e-02,6.762442e-07
2.310000e-02,6.027350e-06
2.320000e-02,1.273095e-05
2.330000e-02,9.669291e-06
2.340000e-02,2.965696e-06
2.350000e-02,3.737899e-06
2.360000e-02,1.044149e-05
2.370000e-02,1.195874e-05
2.380000e-02,5.255148e-06
2.390000e-02,1.448447e-06
2.400000e-02,8.152041e-06
2.410000e-02,1.485564e-05
2.420000e-02,7.544600e-06
2.430000e-02,8.410051e-07
2.440000e-02,5.862590e-06
2.450000e-02,1.256618e-05
2.460000e-02,1.926978e-05
2.470000e-02,2.597337e-05
2.480000e-02,3.573138e-06
2.490000e-02,1.027673e-05
2.500000e-02,1.698033e-05
2.510000e-02,5.419909e-06
2.520000e-02,1.283686e-06
2.530000e-02,7.987280e-06
2.540000e-02,1.441296e-05
2.550000e-02,7.709361e-06
2.560000e-02,1.005766e-06
2.570000e-02,5.697829e-06
2.580000e-02,1.240142e-05
2.590000e-02,9.998813e-06
2.600000e-02,3.295218e-06
2.610000e-02,3.408377e-06
2.620000e-02,1.011197e-05
2.630000e-02,1.681557e-05
2.640000e-02,2.351916e-05
2.650000e-02,1.118925e-06
2.660000e-02,7.822520e-06
2.670000e-02,1.452611e-05
2.680000e-02,7.874122e-06
2.690000e-02,1.170527e-06
2.700000e-02,5.533068e-06
2.710000e-02,1.686717e-05
2.720000e-02,1.016357e-05
2.730000e-02,3.459979e-06
2.740000e-02,3.243616e-06
2.750000e-02,9.947211e-06
2.760000e-02,1.245303e-05
2.770000e-02,5.749431e-06
2.780000e-02,9.541641e-07
2.790000e-02,7.657759e-06
2.800000e-02,1.436135e-05
2.810000e-02,2.106495e-05
2.820000e-02,1.335288e-06
2.830000e-02,5.368307e-06
2.840000e-02,1.207190e-05
2.850000e-02,1.877550e-05
2.860000e-02,3.624740e-06
2.870000e-02,3.078855e-06
2.880000e-02,9.782450e-06
2.890000e-02,1.261779e-05
2.900000e-02,5.914191e-06
2.910000e-02,7.894032e-07
2.920000e-02,7.492998e-06
2.930000e-02,1.490724e-05
2.940000e-02,8.203643e-06
2.950000e-02,1.500049e-06
2.960000e-02,5.203546e-06
2.970000e-02,1.190714e-05
2.980000e-02,1.861074e-05
2.990000e-02,3.789501e-06
3.000000e-02,2.914094e-06
3.010000e-02,9.617689e-06
3.020000e-02,1.632128e-05
3.030000e-02,2.302488e-05
3.040000e-02,6.246423e-07
3.050000e-02,7.328237e-06
3.060000e-02,1.403183e-05
3.070000e-02,8.368404e-06
3.080000e-02,1.664810e-06
3.090000e-02,5.038785e-06
3.100000e-02,1.174238e-05
3.110000e-02,1.065786e-05
3.120000e-02,3.954261e-06
3.130000e-02,2.749333e-06
3.140000e-02,1.965090e-05
3.150000e-02,1.615652e-05
3.160000e-02,6.243713e-06
3.170000e-02,2.956371e-05
3.180000e-02,7.163476e-06
3.190000e-02,1.523676e-05
3.200000e-02,2.057067e-05
3.210000e-02,1.829570e-06
3.220000e-02,4.874024e-06
3.230000e-02,1.157762e-05
3.240000e-02,1.828121e-05
3.250000e-02,4.119022e-06
3.260000e-02,2.584572e-06
3.270000e-02,9.288167e-06
3.280000e-02,1.311207e-05
3.290000e-02,2.269536e-05
3.300000e-02,2.951205e-07
3.310000e-02,2.210512e-05
3.320000e-02,1.370231e-05
3.330000e-02,8.697926e-06
3.340000e-02,2.710950e-05
3.350000e-02,4.709263e-06
3.360000e-02,1.769097e-05
3.370000e-02,1.811645e-05
3.380000e-02,4.283783e-06
3.390000e-02,3.152364e-05
3.400000e-02,9.123406e-06
3.410000e-02,1.582700e-05
3.420000e-02,6.573235e-06
3.430000e-02,1.303596e-07
3.440000e-02,6.833954e-06
3.450000e-02,1.556628e-05
3.460000e-02,2.024114e-05
3.470000e-02,2.159092e-06
3.480000e-02,2.455933e-05
3.490000e-02,1.124810e-05
3.500000e-02,1.115214e-05
3.510000e-02,2.465529e-05
3.520000e-02,2.255051e-06
3.530000e-02,2.014519e-05
3.540000e-02,1.566224e-05
3.550000e-02,6.737996e-06
3.560000e-02,2.906943e-05
3.570000e-02,6.669193e-06
3.580000e-02,1.337279e-05
3.590000e-02,2.007638e-05
3.600000e-02,2.323853e-06
3.610000e-02,4.379742e-06
3.620000e-02,1.108334e-05
3.630000e-02,1.778693e-05
3.640000e-02,4.613305e-06
3.650000e-02,2.701354e-05
3.660000e-02,8.793884e-06
3.670000e-02,1.360635e-05
3.680000e-02,2.220107e-05
3.690000e-02,1.991622e-07
3.700000e-02,2.259940e-05
3.710000e-02,1.320803e-05
3.720000e-02,9.192209e-06
3.730000e-02,2.661522e-05
3.740000e-02,4.214981e-06
3.750000e-02,1.091858e-05
3.760000e-02,1.762217e-05
3.770000e-02,4.778066e-06
3.780000e-02,1.925529e-06
3.790000e-02,8.629123e-06
3.800000e-02,1.533272e-05
3.810000e-02,7.067518e-06
3.820000e-02,3.639231e-07
3.830000e-02,6.339672e-06
3.840000e-02,1.606056e-05
3.850000e-02,1.974686e-05
3.860000e-02,2.653375e-06
3.870000e-02,2.505361e-05
3.880000e-02,1.075381e-05
3.890000e-02,1.164642e-05
3.900000e-02,2.416100e-05
3.910000e-02,1.760768e-06
3.920000e-02,3.756819e-05
3.930000e-02,1.516796e-05
3.940000e-02,7.232279e-06
3.950000e-02,2.857515e-05
3.960000e-02,6.174911e-06
3.970000e-02,1.287851e-05
3.980000e-02,9.521730e-06
3.990000e-02,2.818136e-06
4.000000e-02,3.885459e-06
4.010000e-02,1.851478e-05
4.020000e-02,1.729265e-05
4.030000e-02,5.107588e-06
4.040000e-02,2.750782e-05
4.050000e-02,8.299602e-06
4.060000e-02,1.410063e-05
4.070000e-02,2.170679e-05
4.080000e-02,6.934449e-07
4.090000e-02,3.511398e-05
4.100000e-02,1.271374e-05
4.110000e-02,9.686491e-06
4.120000e-02,2.612093e-05
4.130000e-02,3.720698e-06
4.140000e-02,1.042429e-05
4.150000e-02,1.712789e-05
4.160000e-02,5.272349e-06
4.170000e-02,1.431246e-06
4.180000e-02,8.134841e-06
4.190000e-02,4.394227e-05
4.200000e-02,2.154203e-05
4.210000e-02,8.582058e-07
4.220000e-02,3.494922e-05
4.230000e-02,1.254898e-05
4.240000e-02,9.851252e-06
4.250000e-02,2.595617e-05
4.260000e-02,3.555937e-06
4.270000e-02,1.884430e-05
4.280000e-02,1.696313e-05
4.290000e-02,5.437109e-06
4.300000e-02,2.783735e-05
4.310000e-02,7.970080e-06
4.320000e-02,1.443016e-05
4.330000e-02,3.683039e-05
4.340000e-02,1.022967e-06
4.350000e-02,2.342320e-05
4.360000e-02,1.238422e-05
4.370000e-02,1.001601e-05
4.380000e-02,2.579141e-05
4.390000e-02,3.391176e-06
4.400000e-02,1.900906e-05
4.410000e-02,1.679837e-05
4.420000e-02,5.601870e-06
4.430000e-02,3.020555e-05
4.440000e-02,7.805319e-06
4.450000e-02,1.459492e-05
4.460000e-02,2.121251e-05
4.470000e-02,1.187728e-06
4.480000e-02,3.461970e-05
4.490000e-02,1.221946e-05
4.500000e-02,1.018077e-05
4.510000e-02,2.562665e-05
4.520000e-02,3.226415e-06
4.530000e-02,3.903384e-05
4.540000e-02,1.663360e-05
4.550000e-02,5.244103e-05
4.560000e-02,3.004079e-05
4.570000e-02,7.640558e-06
4.580000e-02,4.344798e-05
4.590000e-02,2.104775e-05
4.600000e-02,1.352488e-06
4.610000e-02,3.445494e-05
4.620000e-02,1.205470e-05
4.630000e-02,1.034553e-05
4.640000e-02,2.546189e-05
4.650000e-02,3.061654e-06
4.660000e-02,1.933858e-05
4.670000e-02,4.173882e-05
4.680000e-02,5.931392e-06
4.690000e-02,2.833163e-05
4.700000e-02,7.475797e-06
4.710000e-02,1.492444e-05
4.720000e-02,2.088299e-05
4.730000e-02,1.517249e-06
4.740000e-02,2.391749e-05
4.750000e-02,1.188994e-05
4.760000e-02,1.051030e-05
4.770000e-02,2.529713e-05
4.780000e-02,2.896893e-06
4.790000e-02,1.950334e-05
4.800000e-02,1.630408e-05
4.810000e-02,6.096153e-06
4.820000e-02,2.971127e-05
4.830000e-02,7.311036e-06
4.840000e-02,1.508920e-05
4.850000e-02,2.071823e-05
4.860000e-02,1.682010e-06
4.870000e-02,3.412541e-05
4.880000e-02,1.172518e-05
4.890000e-02,4.753260e-05
4.900000e-02,2.513237e-05
4.910000e-02,2.732133e-06
4.920000e-02,3.853956e-05
4.930000e-02,1.613932e-05
4.940000e-02,5.194675e-05
4.950000e-02,2.954651e-05
4.960000e-02,7.146275e-06
4.970000e-02,4.295370e-05
4.980000e-02,2.055346e-05
4.990000e-02,1.846771e-06
5.000000e-02,3.396065e-05
5.010000e-02,1.156042e-05
5.020000e-02,1.083982e-05
5.030000e-02,3.324005e-05
5.040000e-02,2.567372e-06
5.050000e-02,1.983286e-05
5.060000e-02,1.597456e-05
5.070000e-02,6.425675e-06
5.080000e-02,2.882591e-05
5.090000e-02,6.981514e-06
5.100000e-02,1.541872e-05
5.110000e-02,2.038870e-05
5.120000e-02,2.011532e-06
5.130000e-02,2.441177e-05
5.140000e-02,1.139566e-05
5.150000e-02,1.100458e-05
5.160000e-02,2.480285e-05
5.170000e-02,2.402611e-06
5.180000e-02,1.999763e-05
5.190000e-02,1.580980e-05
5.200000e-02,6.590436e-06
5.210000e-02,2.921699e-05
5.220000e-02,6.816754e-06
5.230000e-02,4.262418e-05
5.240000e-02,2.022394e-05
5.250000e-02,2.176293e-06
5.260000e-02,3.363113e-05
5.270000e-02,1.123090e-05
5.280000e-02,4.703832e-05
5.290000e-02,2.463809e-05
5.300000e-02,2.237850e-06
5.310000e-02,3.804528e-05
5.320000e-02,1.564504e-05
5.330000e-02,5.145246e-05
5.340000e-02,2.905223e-05
5.350000e-02,6.651993e-06
5.360000e-02,1.574824e-05
5.370000e-02,2.005918e-05
5.380000e-02,2.341054e-06
5.390000e-02,2.474129e-05
5.400000e-02,1.106614e-05
5.410000e-02,1.133410e-05
5.420000e-02,3.373434e-05
5.430000e-02,2.073089e-06
5.440000e-02,2.032715e-05
5.450000e-02,1.548028e-05
5.460000e-02,6.919957e-06
5.470000e-02,2.932019e-05
5.480000e-02,6.487232e-06
5.490000e-02,1.591300e-05
5.500000e-02,1.989442e-05
5.510000e-02,2.505815e-06
5.520000e-02,2.490605e-05
5.530000e-02,1.090137e-05
5.540000e-02,1.149886e-05
5.550000e-02,2.430856e-05
5.560000e-02,1.908328e-06
5.570000e-02,3.771575e-05
5.580000e-02,1.531552e-05
5.590000e-02,7.084718e-06
5.600000e-02,2.872271e-05
5.610000e-02,6.322471e-06
5.620000e-02,4.212990e-05
5.630000e-02,1.972966e-05
5.640000e-02,2.670576e-06
5.650000e-02,3.313685e-05
5.660000e-02,1.073661e-05
5.670000e-02,4.654404e-05
5.680000e-02,2.414380e-05
5.690000e-02,1.743567e-06
5.700000e-02,3.755099e-05
5.710000e-02,1.515076e-05
5.720000e-02,7.249479e-06
5.730000e-02,2.855795e-05
5.740000e-02,6.157710e-06
5.750000e-02,1.624253e-05
5.760000e-02,1.956490e-05
5.770000e-02,2.835336e-06
5.780000e-02,2.523557e-05
5.790000e-02,1.057185e-05
5.800000e-02,1.182838e-05
5.810000e-02,3.422862e-05
5.820000e-02,1.578806e-06
5.830000e-02,2.082143e-05
5.840000e-02,1.498600e-05
5.850000e-02,7.414240e-06
5.860000e-02,2.981448e-05
5.870000e-02,5.992949e-06
5.880000e-02,1.640729e-05
5.890000e-02,1.940014e-05
5.900000e-02,3.000097e-06
5.910000e-02,3.280733e-05
5.920000e-02,1.040709e-05
5.930000e-02,1.199314e-05
5.940000e-02,2.381428e-05
5.950000e-02,1.414045e-06
5.960000e-02,3.722147e-05
5.970000e-02,1.482123e-05
5.980000e-02,7.579001e-06
5.990000e-02,2.822842e-05
6.000000e-02,5.828188e-06
6.010000e-02,4.163561e-05
6.020000e-02,1.923538e-05
6.030000e-02,5.504280e-05
6.040000e-02,3.264257e-05
6.050000e-02,1.024233e-05
6.060000e-02,4.604976e-05
6.070000e-02,2.364952e-05
6.080000e-02,1.249285e-06
6.090000e-02,3.705671e-05
6.100000e-02,1.465647e-05
6.110000e-02,7.743762e-06
6.120000e-02,2.806366e-05
6.130000e-02,5.663427e-06
6.140000e-02,1.673681e-05
6.150000e-02,3.913704e-05
6.160000e-02,3.329619e-06
6.170000e-02,2.572985e-05
6.180000e-02,1.007757e-05
6.190000e-02,1.232267e-05
6.200000e-02,2.348476e-05
6.210000e-02,1.084524e-06
6.220000e-02,2.131571e-05
6.230000e-02,1.449171e-05
6.240000e-02,7.908523e-06
6.250000e-02,2.789890e-05
6.260000e-02,5.498666e-06
6.270000e-02,1.690157e-05
6.280000e-02,3.930181e-05
6.290000e-02,5.471328e-05
6.300000e-02,3.231305e-05
6.310000e-02,9.912809e-06
6.320000e-02,1.248743e-05
6.330000e-02,3.488766e-05
6.340000e-02,5.912742e-05
6.350000e-02,3.672719e-05
6.360000e-02,1.432695e-05
6.370000e-02,8.073284e-06
6.380000e-02,3.047352e-05
6.390000e-02,6.354157e-05
6.400000e-02,4.114133e-05
6.410000e-02,1.874109e-05
6.420000e-02,3.659141e-06
6.430000e-02,2.605938e-05
6.440000e-02,9.748048e-06
6.450000e-02,4.555547e-05
6.460000e-02,2.315524e-05
6.470000e-02,7.550019e-07
6.480000e-02,3.656243e-05
6.490000e-02,1.416219e-05
6.500000e-02,8.238045e-06
6.510000e-02,3.063828e-05
6.520000e-02,5.169145e-06
6.530000e-02,4.097657e-05
6.540000e-02,1.857633e-05
6.550000e-02,3.823902e-06
6.560000e-02,2.622414e-05
6.570000e-02,4.862437e-05
6.580000e-02,4.539071e-05
6.590000e-02,2.299048e-05
6.600000e-02,5.902410e-07
6.610000e-02,2.180999e-05
6.620000e-02,4.421023e-05
6.630000e-02,4.980486e-05
6.640000e-02,2.740462e-05
6.650000e-02,5.004384e-06
6.660000e-02,1.739585e-05
6.670000e-02,3.979609e-05
6.680000e-02,5.421900e-05
6.690000e-02,3.181876e-05
6.700000e-02,9.418527e-06
6.710000e-02,1.298171e-05
6.720000e-02,3.538195e-05
6.730000e-02,5.863314e-05
6.740000e-02,3.623291e-05
6.750000e-02,1.383267e-05
6.760000e-02,8.567566e-06
6.770000e-02,3.096780e-05
6.780000e-02,6.304728e-05
6.790000e-02,4.064705e-05
6.800000e-02,1.824681e-05
6.810000e-02,4.153424e-06
6.820000e-02,3.165400e-05
6.830000e-02,9.253766e-06
6.840000e-02,1.314647e-05
6.850000e-02,2.266096e-05
6.860000e-02,2.607192e-07
6.870000e-02,3.606814e-05
6.880000e-02,1.366791e-05
6.890000e-02,8.732327e-06
6.900000e-02,3.113256e-05
6.910000e-02,4.674862e-06
6.920000e-02,4.048229e-05
6.930000e-02,1.808205e-05
6.940000e-02,4.318185e-06
6.950000e-02,2.671842e-05
6.960000e-02,4.911866e-05
6.970000e-02,4.489643e-05
6.980000e-02,2.249619e-05
6.990000e-02,9.595830e-08
7.000000e-02,2.230428e-05
7.010000e-02,4.470451e-05
7.020000e-02,4.931057e-05
7.030000e-02,2.691034e-05
7.040000e-02,4.510101e-06
7.050000e-02,1.789013e-05
7.060000e-02,4.029037e-05
7.070000e-02,5.372472e-05
7.080000e-02,3.132448e-05
7.090000e-02,8.924244e-06
7.100000e-02,1.347599e-05
7.110000e-02,8.053909e-05
7.120000e-02,5.813886e-05
7.130000e-02,3.573862e-05
7.140000e-02,1.333839e-05
7.150000e-02,9.061849e-06
7.160000e-02,2.674558e-05
7.170000e-02,4.345340e-06
7.180000e-02,4.015277e-05
7.190000e-02,1.775253e-05
7.200000e-02,4.647706e-06
7.210000e-02,3.115972e-05
7.220000e-02,8.759483e-06
7.230000e-02,1.364075e-05
7.240000e-02,2.216667e-05
7.250000e-02,2.335635e-07
7.260000e-02,3.557386e-05
7.270000e-02,1.317363e-05
7.280000e-02,9.226610e-06
7.290000e-02,3.162685e-05
7.300000e-02,5.402708e-05
7.310000e-02,3.998800e-05
7.320000e-02,1.758777e-05
7.330000e-02,4.812467e-06
7.340000e-02,2.721270e-05
7.350000e-02,4.961294e-05
7.360000e-02,4.440215e-05
7.370000e-02,2.200191e-05
7.380000e-02,3.983244e-07
7.390000e-02,2.279856e-05
7.400000e-02,4.519880e-05
7.410000e-02,4.881629e-05
7.420000e-02,2.641605e-05
7.430000e-02,4.015818e-06
7.440000e-02,1.838442e-05
7.450000e-02,7.563067e-05
7.460000e-02,5.323043e-05
7.470000e-02,3.083020e-05
7.480000e-02,8.429961e-06
7.490000e-02,1.397027e-05
7.500000e-02,2.183715e-05
7.510000e-02,5.764458e-05
7.520000e-02,3.524434e-05
7.530000e-02,1.284410e-05
7.540000e-02,9.556132e-06
7.550000e-02,2.625129e-05
7.560000e-02,3.851058e-06
7.570000e-02,3.965848e-05
7.580000e-02,1.725825e-05
7.590000e-02,5.141989e-06
7.600000e-02,3.066544e-05
7.610000e-02,8.265200e-06
7.620000e-02,1.413504e-05
7.630000e-02,3.653527e-05
7.640000e-02,7.278462e-07
7.650000e-02,3.507958e-05
7.660000e-02,1.267934e-05
7.670000e-02,9.720893e-06
7.680000e-02,3.212113e-05
7.690000e-02,5.452136e-05
7.700000e-02,3.949372e-05
7.710000e-02,1.709349e-05
7.720000e-02,5.306750e-06
7.730000e-02,2.770699e-05
7.740000e-02,5.010722e-05
7.750000e-02,4.390786e-05
7.760000e-02,2.150763e-05
7.770000e-02,8.926071e-07
7.780000e-02,2.329284e-05
7.790000e-02,7.072224e-05
7.800000e-02,4.832201e-05
7.810000e-02,2.592177e-05
7.820000e-02,3.521536e-06
7.830000e-02,1.887870e-05
7.840000e-02,7.513639e-05
7.850000e-02,5.273615e-05
7.860000e-02,3.033591e-05
7.870000e-02,7.935679e-06
7.880000e-02,1.446456e-05
7.890000e-02,2.134287e-05
7.900000e-02,5.715029e-05
7.910000e-02,3.475006e-05
7.920000e-02,1.234982e-05
7.930000e-02,1.005041e-05
7.940000e-02,2.575701e-05
7.950000e-02,3.356775e-06
7.960000e-02,1.904346e-05
7.970000e-02,1.676396e-05
7.980000e-02,5.636272e-06
7.990000e-02,3.017115e-05
8.000000e-02,7.770918e-06
8.010000e-02,1.462932e-05
8.020000e-02,3.702955e-05
8.030000e-02,1.222129e-06
8.040000e-02,3.458530e-05
8.050000e-02,1.218506e-05
8.060000e-02,1.021518e-05
8.070000e-02,3.261541e-05
8.080000e-02,5.501565e-05
8.090000e-02,3.899944e-05
8.100000e-02,1.659920e-05
8.110000e-02,5.801033e-06
8.120000e-02,2.820127e-05
8.130000e-02,6.581382e-05
8.140000e-02,4.341358e-05
8.150000e-02,2.101335e-05
8.160000e-02,1.386890e-06
8.170000e-02,2.378713e-05
8.180000e-02,7.022796e-05
8.190000e-02,4.782772e-05
8.200000e-02,2.542749e-05
8.210000e-02,3.027253e-06
8.220000e-02,1.937298e-05
8.230000e-02,7.464210e-05
8.240000e-02,5.224187e-05
8.250000e-02,2.984163e-05
8.260000e-02,7.441396e-06
8.270000e-02,1.495884e-05
8.280000e-02,2.084859e-05
8.290000e-02,5.665601e-05
8.300000e-02,3.425577e-05
8.310000e-02,1.185554e-05
8.320000e-02,1.054470e-05
8.330000e-02,2.526273e-05
8.340000e-02,2.862492e-06
8.350000e-02,3.866992e-05
8.360000e-02,1.626968e-05
8.370000e-02,6.130554e-06
8.380000e-02,8.788453e-05
8.390000e-02,6.548430e-05
8.400000e-02,4.308406e-05
8.410000e-02,2.068382e-05
8.420000e-02,1.716412e-06
8.430000e-02,9.229867e-05
8.440000e-02,6.989844e-05
8.450000e-02,4.749820e-05
8.460000e-02,2.509797e-05
8.470000e-02,2.697731e-06
8.480000e-02,1.970250e-05
8.490000e-02,7.431258e-05
8.500000e-02,5.191235e-05
8.510000e-02,2.951211e-05
8.520000e-02,7.111874e-06
8.530000e-02,1.528836e-05
8.540000e-02,3.768860e-05
8.550000e-02,6.008883e-05
8.560000e-02,3.392625e-05
8.570000e-02,1.152602e-05
8.580000e-02,1.087422e-05
8.590000e-02,3.327445e-05
8.600000e-02,5.567469e-05
8.610000e-02,7.807493e-05
8.620000e-02,1.594016e-05
8.630000e-02,6.460076e-06
8.640000e-02,2.886031e-05
8.650000e-02,5.126055e-05
8.660000e-02,7.366078e-05
8.670000e-02,2.035430e-05
8.680000e-02,2.045933e-06
8.690000e-02,2.444617e-05
8.700000e-02,4.684640e-05
8.710000e-02,6.924664e-05
8.720000e-02,2.476845e-05
8.730000e-02,2.368210e-06
8.740000e-02,2.003203e-05
8.750000e-02,4.243226e-05
8.760000e-02,5.158282e-05
8.770000e-02,2.918259e-05
8.780000e-02,6.782352e-06
8.790000e-02,1.561788e-05
8.800000e-02,3.801812e-05
8.810000e-02,5.599697e-05
8.820000e-02,3.359673e-05
8.830000e-02,1.119650e-05
8.840000e-02,1.120374e-05
8.850000e-02,3.360398e-05
8.860000e-02,6.041111e-05
8.870000e-02,3.801087e-05
8.880000e-02,1.561064e-05
8.890000e-02,6.789598e-06
8.900000e-02,2.918983e-05
8.910000e-02,6.482525e-05
8.920000e-02,4.242502e-05
8.930000e-02,2.002478e-05
8.940000e-02,2.375455e-06
8.950000e-02,2.477569e-05
8.960000e-02,6.923940e-05
8.970000e-02,4.683916e-05
8.980000e-02,2.443892e-05
8.990000e-02,2.038688e-06
9.000000e-02,2.036155e-05
9.010000e-02,7.365354e-05
9.020000e-02,5.125330e-05
9.030000e-02,2.885307e-05
9.040000e-02,6.452831e-06
9.050000e-02,1.594741e-05
9.060000e-02,7.806768e-05
9.070000e-02,5.566744e-05
9.080000e-02,3.326721e-05
9.090000e-02,1.086697e-05
9.100000e-02,1.048821e-04
9.110000e-02,8.248182e-05
9.120000e-02,6.008159e-05
9.130000e-02,3.768135e-05
9.140000e-02,1.528112e-05
9.150000e-02,1.092962e-04
9.160000e-02,8.689597e-05
9.170000e-02,6.449573e-05
9.180000e-02,4.209549e-05
9.190000e-02,1.969526e-05
9.200000e-02,2.704977e-06
9.210000e-02,2.510521e-05
9.220000e-02,6.890987e-05
9.230000e-02,4.650964e-05
9.240000e-02,2.410940e-05
9.250000e-02,1.709166e-06
9.260000e-02,2.069107e-05
9.270000e-02,4.309131e-05
9.280000e-02,5.092378e-05
9.290000e-02,2.852354e-05
9.300000e-02,6.123309e-06
9.310000e-02,1.627693e-05
9.320000e-02,3.867716e-05
9.330000e-02,6.107740e-05
9.340000e-02,8.347763e-05
9.350000e-02,1.053745e-05
9.360000e-02,1.186278e-05
9.370000e-02,3.426302e-05
9.380000e-02,5.666326e-05
9.390000e-02,7.906349e-05
9.400000e-02,1.495159e-05
9.410000e-02,7.448641e-06
9.420000e-02,2.984888e-05
9.430000e-02,5.224911e-05
9.440000e-02,4.176597e-05
9.450000e-02,1.936574e-05
9.460000e-02,3.034499e-06
9.470000e-02,2.543473e-05
9.480000e-02,4.783497e-05
9.490000e-02,4.618012e-05
9.500000e-02,2.377988e-05
9.510000e-02,1.379644e-06
9.520000e-02,2.102059e-05
9.530000e-02,4.342083e-05
9.540000e-02,5.059426e-05
9.550000e-02,2.819402e-05
9.560000e-02,5.793787e-06
9.570000e-02,1.660645e-05
9.580000e-02,3.900668e-05
9.590000e-02,5.500840e-05
9.600000e-02,3.260817e-05
9.610000e-02,1.020793e-05
9.620000e-02,1.219231e-05
9.630000e-02,3.459254e-05
9.640000e-02,5.942254e-05
9.650000e-02,3.702231e-05
9.660000e-02,1.462207e-05
9.670000e-02,7.778163e-06
9.680000e-02,3.017840e-05
9.690000e-02,6.383669e-05
9.700000e-02,4.143645e-05
9.710000e-02,1.903622e-05
9.720000e-02,3.364020e-06
9.730000e-02,2.576426e-05
9.740000e-02,6.825083e-05
9.750000e-02,4.585059e-05
9.760000e-02,2.345036e-05
9.770000e-02,1.050122e-06
9.780000e-02,9.506521e-05
9.790000e-02,7.266497e-05
9.800000e-02,5.026474e-05
9.810000e-02,2.786450e-05
9.820000e-02,5.464265e-06
9.830000e-02,9.947935e-05
9.840000e-02,7.707912e-05
9.850000e-02,5.467888e-05
9.860000e-02,3.227864e-05
9.870000e-02,9.878408e-06
9.880000e-02,1.038935e-04
9.890000e-02,8.149326e-05
9.900000e-02,5.909302e-05
9.910000e-02,3.669279e-05
9.920000e-02,1.429255e-05
9.930000e-02,8.107685e-06
9.940000e-02,8.590740e-05
9.950000e-02,6.350717e-05
9.960000e-02,4.110693e-05
9.970000e-02,1.870669e-05
9.980000e-02,3.693542e-06
9.990000e-02,2.609378e-05
1.000000e-01,6.792131e-05
1.001000e-01,4.552107e-05
1.002000e-01,2.312084e-05
1.003000e-01,7.206006e-07
1.004000e-01,2.167964e-05
1.005000e-01,4.407987e-05
1.006000e-01,6.648011e-05
1.007000e-01,2.753498e-05
1.008000e-01,5.134743e-06
1.009000e-01,1.726549e-05
1.010000e-01,3.966573e-05
1.011000e-01,6.206596e-05
1.012000e-01,3.194912e-05
1.013000e-01,9.548886e-06
1.014000e-01,1.285135e-05
1.015000e-01,3.525159e-05
1.016000e-01,5.765182e-05
1.017000e-01,3.636326e-05
1.018000e-01,1.396303e-05
1.019000e-01,8.437207e-06
1.020000e-01,3.083744e-05
1.021000e-01,5.323768e-05
1.022000e-01,4.077741e-05
1.023000e-01,1.837717e-05
1.024000e-01,4.023064e-06
1.025000e-01,2.642330e-05
1.026000e-01,4.882354e-05
1.027000e-01,4.519155e-05
1.028000e-01,2.279131e-05
1.029000e-01,3.910788e-07
1.030000e-01,2.200916e-05
1.031000e-01,4.440939e-05
1.032000e-01,4.960569e-05
1.033000e-01,2.720546e-05
1.034000e-01,4.805222e-06
1.035000e-01,1.759501e-05
1.036000e-01,3.999525e-05
1.037000e-01,5.401984e-05
1.038000e-01,3.161960e-05
1.039000e-01,9.219364e-06
1.040000e-01,1.318087e-05
1.041000e-01,8.083421e-05
1.042000e-01,5.843398e-05
1.043000e-01,3.603374e-05
1.044000e-01,1.363351e-05
1.045000e-01,8.766729e-06
1.046000e-01,8.524836e-05
1.047000e-01,6.284812e-05
1.048000e-01,4.044789e-05
1.049000e-01,1.804765e-05
1.050000e-01,4.352586e-06
1.051000e-01,8.966250e-05
1.052000e-01,6.726226e-05
1.053000e-01,4.486203e-05
1.054000e-01,2.246179e-05
1.055000e-01,6.155701e-08
1.056000e-01,9.407664e-05
1.057000e-01,7.167641e-05
1.058000e-01,4.927617e-05
1.059000e-01,2.687594e-05
1.060000e-01,4.475700e-06
1.061000e-01,9.849079e-05
1.062000e-01,7.609055e-05
1.063000e-01,5.369031e-05
1.064000e-01,3.129008e-05
1.065000e-01,8.889843e-06
1.066000e-01,1.029049e-04
1.067000e-01,8.050469e-05
1.068000e-01,5.810446e-05
1.069000e-01,3.570422e-05
1.070000e-01,1.330399e-05
1.071000e-01,9.096250e-06
1.072000e-01,3.149649e-05
1.073000e-01,6.251860e-05
1.074000e-01,4.011836e-05
1.075000e-01,1.771813e-05
1.076000e-01,4.682108e-06
1.077000e-01,2.708234e-05
1.078000e-01,4.948258e-05
1.079000e-01,4.453251e-05
1.080000e-01,2.213227e-05
1.081000e-01,2.679648e-07
1.082000e-01,2.266820e-05
1.083000e-01,4.506844e-05
1.084000e-01,6.746867e-05
1.085000e-01,2.654641e-05
1.086000e-01,4.146178e-06
1.087000e-01,1.825406e-05
1.088000e-01,4.065429e-05
1.089000e-01,6.305453e-05
1.090000e-01,3.096056e-05
1.091000e-01,8.560321e-06
1.092000e-01,1.383991e-05
1.093000e-01,3.624015e-05
1.094000e-01,5.864039e-05
1.095000e-01,3.537470e-05
1.096000e-01,1.297446e-05
1.097000e-01,9.425772e-06
1.098000e-01,3.182601e-05
1.099000e-01,5.422624e-05
1.100000e-01,3.978884e-05
1.101000e-01,1.738861e-05
1.102000e-01,5.011629e-06
1.103000e-01,2.741187e-05
1.104000e-01,4.981210e-05
1.105000e-01,4.420299e-05
1.106000e-01,2.180275e-05
1.107000e-01,5.974866e-07
1.108000e-01,2.299772e-05
1.109000e-01,7.101736e-05
1.110000e-01,4.861713e-05
1.111000e-01,2.621689e-05
1.112000e-01,3.816656e-06
1.113000e-01,1.858358e-05
1.114000e-01,7.543151e-05
1.115000e-01,5.303127e-05
1.116000e-01,3.063103e-05
1.117000e-01,8.230799e-06
1.118000e-01,1.416944e-05
1.119000e-01,7.984565e-05
1.120000e-01,5.744541e-05
1.121000e-01,3.504518e-05
1.122000e-01,1.264494e-05
1.123000e-01,9.755294e-06
1.124000e-01,8.425979e-05
1.125000e-01,6.185956e-05
1.126000e-01,3.945932e-05
1.127000e-01,1.705908e-05
1.128000e-01,5.341151e-06
1.129000e-01,8.867393e-05
1.130000e-01,6.627370e-05
1.131000e-01,4.387346e-05
1.132000e-01,2.147323e-05
1.133000e-01,9.270083e-07
1.134000e-01,9.308808e-05
1.135000e-01,7.068784e-05
1.136000e-01,4.828761e-05
1.137000e-01,2.588737e-05
1.138000e-01,3.487134e-06
1.139000e-01,9.750222e-05
1.140000e-01,7.510198e-05
1.141000e-01,5.270175e-05
1.142000e-01,3.030151e-05
1.143000e-01,7.901277e-06
1.144000e-01,1.449896e-05
1.145000e-01,7.951613e-05
1.146000e-01,5.711589e-05
1.147000e-01,3.471566e-05
1.148000e-01,1.231542e-05
1.149000e-01,1.008482e-05
1.150000e-01,3.248505e-05
1.151000e-01,5.488529e-05
1.152000e-01,3.912980e-05
1.153000e-01,1.672956e-05
1.154000e-01,5.670673e-06
1.155000e-01,2.807091e-05
1.156000e-01,5.047114e-05
1.157000e-01,7.287138e-05
1.158000e-01,2.114371e-05
1.159000e-01,1.256530e-06
1.160000e-01,2.365677e-05
1.161000e-01,4.605700e-05
1.162000e-01,6.845724e-05
1.163000e-01,2.555785e-05
1.164000e-01,3.157613e-06
1.165000e-01,1.924262e-05
1.166000e-01,4.164286e-05
1.167000e-01,6.404309e-05
1.168000e-01,2.997199e-05
1.169000e-01,7.571755e-06
1.170000e-01,1.482848e-05
1.171000e-01,3.722872e-05
1.172000e-01,5.962895e-05
1.173000e-01,3.438613e-05
1.174000e-01,1.198590e-05
1.175000e-01,1.041434e-05
1.176000e-01,3.281457e-05
1.177000e-01,6.120051e-05
1.178000e-01,3.880028e-05
1.179000e-01,1.640004e-05
1.180000e-01,6.000195e-06
1.181000e-01,2.840043e-05
1.182000e-01,6.561466e-05
1.183000e-01,4.321442e-05
1.184000e-01,2.081418e-05
1.185000e-01,1.586052e-06
1.186000e-01,2.398629e-05
1.187000e-01,7.002880e-05
1.188000e-01,4.762856e-05
1.189000e-01,2.522833e-05
1.190000e-01,2.828091e-06
1.191000e-01,1.957214e-05
1.192000e-01,7.444294e-05
1.193000e-01,5.204271e-05
1.194000e-01,2.964247e-05
1.195000e-01,7.242234e-06
1.196000e-01,1.515800e-05
1.197000e-01,7.885708e-05
1.198000e-01,5.645685e-05
1.199000e-01,3.405661e-05
1.200000e-01,1.165638e-05
1.201000e-01,1.074386e-05
1.202000e-01,8.327123e-05
1.203000e-01,6.087099e-05
1.204000e-01,3.847076e-05
1.205000e-01,1.607052e-05
1.206000e-01,1.100856e-04
1.207000e-01,8.768537e-05
1.208000e-01,6.528513e-05
1.209000e-01,4.288490e-05
1.210000e-01,2.048466e-05
1.211000e-01,1.144997e-04
1.212000e-01,9.209951e-05
1.213000e-01,6.969928e-05
1.214000e-01,4.729904e-05
1.215000e-01,2.489880e-05
1.216000e-01,2.498569e-06
1.217000e-01,1.990167e-05
1.218000e-01,7.411342e-05
1.219000e-01,5.171318e-05
1.220000e-01,2.931295e-05
1.221000e-01,6.912712e-06
1.222000e-01,1.548752e-05
1.223000e-01,3.788776e-05
1.224000e-01,5.612733e-05
1.225000e-01,3.372709e-05
1.226000e-01,1.132685e-05
1.227000e-01,1.107338e-05
1.228000e-01,3.347362e-05
1.229000e-01,5.587385e-05
1.230000e-01,7.827409e-05
1.231000e-01,1.574100e-05
1.232000e-01,6.659238e-06
1.233000e-01,2.905947e-05
1.234000e-01,5.145971e-05
1.235000e-01,7.385995e-05
1.236000e-01,2.015514e-05
1.237000e-01,2.245095e-06
1.238000e-01,2.464533e-05
1.239000e-01,4.704557e-05
1.240000e-01,4.696952e-05
1.241000e-01,2.456928e-05
1.242000e-01,2.169047e-06
1.243000e-01,2.023119e-05
1.244000e-01,4.263142e-05
1.245000e-01,5.138366e-05
1.246000e-01,2.898343e-05
1.247000e-01,6.583190e-06
1.248000e-01,1.581705e-05
1.249000e-01,3.821728e-05
1.250000e-01,5.579780e-05
1.251000e-01,8.301775e-05
1.252000e-01,1.099733e-05
1.253000e-01,1.050124e-04
1.254000e-01,3.380314e-05
1.255000e-01,6.021195e-05
1.256000e-01,7.860361e-05
1.257000e-01,1.541148e-05
1.258000e-01,1.094266e-04
1.259000e-01,2.938900e-05
1.260000e-01,6.462609e-05
1.261000e-01,7.418947e-05
1.262000e-01,1.982562e-05
1.263000e-01,1.138407e-04
1.264000e-01,2.497485e-05
1.265000e-01,6.904023e-05
1.266000e-01,6.977532e-05
1.267000e-01,2.423976e-05
1.268000e-01,1.182548e-04
1.269000e-01,2.056071e-05
1.270000e-01,7.345438e-05
1.271000e-01,6.536118e-05
1.272000e-01,2.865390e-05
1.273000e-01,1.226690e-04
1.274000e-01,1.614657e-05
1.275000e-01,7.786852e-05
1.276000e-01,6.094704e-05
1.277000e-01,3.306805e-05
1.278000e-01,1.270831e-04
1.279000e-01,1.173242e-05
1.280000e-01,8.228266e-05
1.281000e-01,5.653290e-05
1.282000e-01,3.748219e-05
1.283000e-01,1.314973e-04
1.284000e-01,7.318282e-06
1.285000e-01,8.669680e-05
1.286000e-01,5.211875e-05
1.287000e-01,4.189633e-05
1.288000e-01,1.949610e-05
1.289000e-01,2.904139e-06
1.290000e-01,9.111095e-05
1.291000e-01,6.871071e-05
1.292000e-01,4.631048e-05
1.293000e-01,2.391024e-05
1.294000e-01,1.510004e-06
1.295000e-01,2.089023e-05
1.296000e-01,7.312485e-05
1.297000e-01,5.072462e-05
1.298000e-01,2.832438e-05
1.299000e-01,5.924147e-06
1.300000e-01,1.647609e-05
1.301000e-01,7.753900e-05
1.302000e-01,6.127656e-05
1.303000e-01,3.273853e-05
1.304000e-01,1.033829e-05
1.305000e-01,1.206195e-05
1.306000e-01,8.195314e-05
1.307000e-01,5.686242e-05
1.308000e-01,3.715267e-05
1.309000e-01,1.016629e-04
1.310000e-01,7.647804e-06
1.311000e-01,8.636728e-05
1.312000e-01,5.244828e-05
1.313000e-01,4.156681e-05
1.314000e-01,9.724875e-05
1.315000e-01,3.233661e-06
1.316000e-01,9.078143e-05
1.317000e-01,4.803413e-05
1.318000e-01,4.598095e-05
1.319000e-01,9.283460e-05
1.320000e-01,1.180482e-06
1.321000e-01,9.519557e-05
1.322000e-01,4.361999e-05
1.323000e-01,5.039510e-05
1.324000e-01,8.842046e-05
1.325000e-01,5.594625e-06
1.326000e-01,9.960971e-05
1.327000e-01,3.920585e-05
1.328000e-01,5.480924e-05
1.329000e-01,8.400632e-05
1.330000e-01,1.000877e-05
1.331000e-01,1.040239e-04
1.332000e-01,3.479170e-05
1.333000e-01,5.922338e-05
1.334000e-01,7.959218e-05
1.335000e-01,1.442291e-05
1.336000e-01,1.084380e-04
1.337000e-01,3.037756e-05
1.338000e-01,6.363752e-05
1.339000e-01,7.517803e-05
1.340000e-01,1.883705e-05
1.341000e-01,1.128521e-04
1.342000e-01,2.596342e-05
1.343000e-01,6.805167e-05
1.344000e-01,7.076389e-05
1.345000e-01,2.325120e-05
1.346000e-01,1.172663e-04
1.347000e-01,2.154928e-05
1.348000e-01,7.246581e-05
1.349000e-01,6.634975e-05
1.350000e-01,2.766534e-05
1.351000e-01,1.216804e-04
1.352000e-01,1.713513e-05
1.353000e-01,7.687995e-05
1.354000e-01,6.193560e-05
1.355000e-01,3.207948e-05
1.356000e-01,1.260946e-04
1.357000e-01,1.272099e-05
1.358000e-01,8.129410e-05
1.359000e-01,5.889386e-05
1.360000e-01,3.649362e-05
1.361000e-01,1.409339e-05
1.362000e-01,8.306847e-06
1.363000e-01,8.570824e-05
1.364000e-01,6.330800e-05
1.365000e-01,4.090777e-05
1.366000e-01,1.850753e-05
1.367000e-01,3.892704e-06
1.368000e-01,2.629294e-05
1.369000e-01,6.772215e-05
1.370000e-01,4.532191e-05
1.371000e-01,2.292167e-05
1.372000e-01,5.214384e-07
1.373000e-01,2.187880e-05
1.374000e-01,7.213629e-05
1.375000e-01,4.973605e-05
1.376000e-01,2.733582e-05
1.377000e-01,4.935581e-06
1.378000e-01,1.746465e-05
1.379000e-01,7.655043e-05
1.380000e-01,6.226513e-05
1.381000e-01,3.174996e-05
1.382000e-01,9.349724e-06
1.383000e-01,1.305051e-05
1.384000e-01,8.096457e-05
1.385000e-01,5.785098e-05
1.386000e-01,3.616410e-05
1.387000e-01,1.026515e-04
1.388000e-01,8.636369e-06
1.389000e-01,8.537872e-05
1.390000e-01,5.343684e-05
1.391000e-01,4.057825e-05
1.392000e-01,9.823731e-05
1.393000e-01,4.222226e-06
1.394000e-01,8.979286e-05
1.395000e-01,4.902270e-05
1.396000e-01,4.499239e-05
1.397000e-01,9.382317e-05
1.398000e-01,1.919166e-07
1.399000e-01,9.420700e-05
1.400000e-01,4.460856e-05
1.401000e-01,4.940653e-05
1.402000e-01,8.940903e-05
1.403000e-01,4.606059e-06
1.404000e-01,9.862115e-05
1.405000e-01,4.019441e-05
1.406000e-01,5.382067e-05
1.407000e-01,8.499488e-05
1.408000e-01,9.020202e-06
1.409000e-01,1.030353e-04
1.410000e-01,3.578027e-05
1.411000e-01,5.823482e-05
1.412000e-01,8.058074e-05
1.413000e-01,1.343435e-05
1.414000e-01,1.074494e-04
1.415000e-01,3.136613e-05
1.416000e-01,6.264896e-05
1.417000e-01,7.616660e-05
1.418000e-01,1.784849e-05
1.419000e-01,1.118636e-04
1.420000e-01,2.695198e-05
1.421000e-01,6.706310e-05
1.422000e-01,1.610782e-04
1.423000e-01,2.226263e-05
1.424000e-01,1.162777e-04
1.425000e-01,2.253784e-05
1.426000e-01,7.147725e-05
1.427000e-01,4.907701e-05
1.428000e-01,2.667677e-05
1.429000e-01,1.206919e-04
1.430000e-01,1.812370e-05
1.431000e-01,7.589139e-05
1.432000e-01,5.349115e-05
1.433000e-01,3.109092e-05
1.434000e-01,8.690680e-06
1.435000e-01,1.370956e-05
1.436000e-01,8.030553e-05
1.437000e-01,5.790529e-05
1.438000e-01,3.550506e-05
1.439000e-01,1.310482e-05
1.440000e-01,9.295413e-06
1.441000e-01,8.471967e-05
1.442000e-01,6.231944e-05
1.443000e-01,3.991920e-05
1.444000e-01,1.751897e-05
1.445000e-01,4.881270e-06
1.446000e-01,2.728151e-05
1.447000e-01,6.673358e-05
1.448000e-01,4.433334e-05
1.449000e-01,2.193311e-05
1.450000e-01,4.671270e-07
1.451000e-01,2.286736e-05
1.452000e-01,7.114772e-05
1.453000e-01,6.766783e-05
1.454000e-01,2.634725e-05
1.455000e-01,3.947016e-06
1.456000e-01,1.845322e-05
1.457000e-01,7.556187e-05
1.458000e-01,6.325369e-05
1.459000e-01,3.076139e-05
1.460000e-01,1.080542e-04
1.461000e-01,1.403908e-05
1.462000e-01,7.997601e-05
1.463000e-01,5.883955e-05
1.464000e-01,3.517554e-05
1.465000e-01,1.036400e-04
1.466000e-01,9.624934e-06
1.467000e-01,8.439015e-05
1.468000e-01,5.442541e-05
1.469000e-01,3.958968e-05
1.470000e-01,9.922588e-05
1.471000e-01,5.210792e-06
1.472000e-01,8.880429e-05
1.473000e-01,5.001126e-05
1.474000e-01,4.400382e-05
1.475000e-01,9.481173e-05
1.476000e-01,7.966487e-07
1.477000e-01,9.321844e-05
1.478000e-01,4.559712e-05
1.479000e-01,4.841797e-05
1.480000e-01,9.039759e-05
1.481000e-01,3.617494e-06
1.482000e-01,9.763258e-05
1.483000e-01,4.118298e-05
1.484000e-01,5.283211e-05
1.485000e-01,8.598345e-05
1.486000e-01,8.031637e-06
1.487000e-01,1.020467e-04
1.488000e-01,3.676883e-05
1.489000e-01,5.724625e-05
1.490000e-01,1.512613e-04
1.491000e-01,1.244578e-05
1.492000e-01,1.064609e-04
1.493000e-01,3.235469e-05
1.494000e-01,6.166039e-05
1.495000e-01,1.556755e-04
1.496000e-01,1.685992e-05
1.497000e-01,1.108750e-04
1.498000e-01,2.794055e-05
1.499000e-01,6.607454e-05
1.500000e-01,4.367430e-05
1.501000e-01,2.127407e-05
1.502000e-01,1.152892e-04
1.503000e-01,2.352641e-05
1.504000e-01,7.048868e-05
1.505000e-01,4.808844e-05
1.506000e-01,2.568821e-05
1.507000e-01,1.197033e-04
1.508000e-01,1.911226e-05
1.509000e-01,7.490282e-05
1.510000e-01,5.250259e-05
1.511000e-01,3.010235e-05
1.512000e-01,7.702115e-06
1.513000e-01,1.469812e-05
1.514000e-01,7.931697e-05
1.515000e-01,5.691673e-05
1.516000e-01,3.451649e-05
1.517000e-01,1.211626e-05
1.518000e-01,1.028398e-05
1.519000e-01,3.268421e-05
1.520000e-01,6.133087e-05
1.521000e-01,3.893064e-05
1.522000e-01,1.653040e-05
1.523000e-01,5.869835e-06
1.524000e-01,2.827007e-05
1.525000e-01,6.574502e-05
1.526000e-01,7.307054e-05
1.527000e-01,2.094454e-05
1.528000e-01,1.455692e-06
1.529000e-01,2.385593e-05
1.530000e-01,7.015916e-05
1.531000e-01,6.865640e-05
1.532000e-01,2.535869e-05
1.533000e-01,2.958450e-06
1.534000e-01,1.944179e-05
1.535000e-01,7.457330e-05
1.536000e-01,6.424226e-05
1.537000e-01,2.977283e-05
1.538000e-01,1.090427e-04
1.539000e-01,1.502764e-05
1.540000e-01,7.898744e-05
1.541000e-01,5.982811e-05
1.542000e-01,3.418697e-05
1.543000e-01,1.046286e-04
1.544000e-01,1.061350e-05
1.545000e-01,8.340159e-05
1.546000e-01,5.541397e-05
1.547000e-01,3.860111e-05
1.548000e-01,1.002144e-04
1.549000e-01,6.199357e-06
1.550000e-01,8.781573e-05
1.551000e-01,5.099983e-05
1.552000e-01,4.301526e-05
1.553000e-01,1.370303e-04
1.554000e-01,1.785214e-06
1.555000e-01,9.222987e-05
1.556000e-01,4.658569e-05
1.557000e-01,4.742940e-05
1.558000e-01,1.414445e-04
1.559000e-01,2.628929e-06
1.560000e-01,9.664401e-05
1.561000e-01,4.217154e-05
1.562000e-01,5.184354e-05
1.563000e-01,1.458586e-04
1.564000e-01,7.043072e-06
1.565000e-01,1.010582e-04
1.566000e-01,3.775740e-05
1.567000e-01,5.625769e-05
1.568000e-01,1.502728e-04
1.569000e-01,1.145721e-05
1.570000e-01,1.054723e-04
1.571000e-01,3.334326e-05
1.572000e-01,6.067183e-05
1.573000e-01,1.546869e-04
1.574000e-01,1.587136e-05
1.575000e-01,1.098864e-04
1.576000e-01,2.892911e-05
1.577000e-01,6.508597e-05
1.578000e-01,4.268574e-05
1.579000e-01,2.028550e-05
1.580000e-01,1.143006e-04
1.581000e-01,2.451497e-05
1.582000e-01,6.950011e-05
1.583000e-01,4.709988e-05
1.584000e-01,2.469964e-05
1.585000e-01,2.299407e-06
1.586000e-01,2.010083e-05
1.587000e-01,7.391426e-05
1.588000e-01,5.151402e-05
1.589000e-01,2.911379e-05
1.590000e-01,6.713550e-06
1.591000e-01,1.568669e-05
1.592000e-01,3.808692e-05
1.593000e-01,5.592816e-05
1.594000e-01,3.352793e-05
1.595000e-01,1.112769e-05
1.596000e-01,1.127254e-05
1.597000e-01,3.367278e-05
1.598000e-01,6.034231e-05
1.599000e-01,3.794207e-05
1.600000e-01,1.554184e-05
1.601000e-01,6.858400e-06
1.602000e-01,2.925864e-05
1.603000e-01,6.475645e-05
1.604000e-01,7.405911e-05
1.605000e-01,1.995598e-05
1.606000e-01,2.444258e-06
1.607000e-01,2.484449e-05
1.608000e-01,6.917059e-05
1.609000e-01,6.964497e-05
1.610000e-01,2.437012e-05
1.611000e-01,1.144454e-04
1.612000e-01,2.043035e-05
1.613000e-01,7.358474e-05
1.614000e-01,6.523082e-05
1.615000e-01,2.878426e-05
1.616000e-01,1.100313e-04
1.617000e-01,1.601621e-05
1.618000e-01,7.799888e-05
1.619000e-01,6.081668e-05
1.620000e-01,3.319841e-05
1.621000e-01,1.272135e-04
1.622000e-01,1.160207e-05
1.623000e-01,8.241302e-05
1.624000e-01,5.640254e-05
1.625000e-01,3.761255e-05
1.626000e-01,1.316276e-04
1.627000e-01,7.187922e-06
1.628000e-01,8.682716e-05
1.629000e-01,5.198839e-05
1.630000e-01,4.202669e-05
1.631000e-01,1.360418e-04
1.632000e-01,2.773779e-06
1.633000e-01,9.124131e-05
1.634000e-01,4.757425e-05
1.635000e-01,4.644083e-05
1.636000e-01,1.404559e-04
1.637000e-01,1.640363e-06
1.638000e-01,9.565545e-05
1.639000e-01,4.316011e-05
1.640000e-01,5.085498e-05
1.641000e-01,1.448701e-04
1.642000e-01,6.054506e-06
1.643000e-01,1.000696e-04
1.644000e-01,3.874597e-05
1.645000e-01,5.526912e-05
1.646000e-01,1.492842e-04
1.647000e-01,1.046865e-05
1.648000e-01,1.044837e-04
1.649000e-01,3.433182e-05
1.650000e-01,5.968326e-05
1.651000e-01,3.728303e-05
1.652000e-01,1.488279e-05
1.653000e-01,1.088979e-04
1.654000e-01,2.991768e-05
1.655000e-01,6.409741e-05
1.656000e-01,4.169717e-05
1.657000e-01,1.929693e-05
1.658000e-01,1.133120e-04
1.659000e-01,2.550354e-05
1.660000e-01,6.851155e-05
1.661000e-01,4.611131e-05
1.662000e-01,2.371108e-05
1.663000e-01,1.310842e-06
1.664000e-01,2.108939e-05
1.665000e-01,7.292569e-05
1.666000e-01,5.052546e-05
1.667000e-01,2.812522e-05
1.668000e-01,5.724984e-06
1.669000e-01,1.667525e-05
1.670000e-01,7.733983e-05
1.671000e-01,1.713549e-04
1.672000e-01,3.253936e-05
1.673000e-01,1.265544e-04
1.674000e-01,1.226111e-05
1.675000e-01,8.175398e-05
1.676000e-01,1.757691e-04
1.677000e-01,3.695351e-05
1.678000e-01,1.309686e-04
1.679000e-01,7.846966e-06
1.680000e-01,8.616812e-05
1.681000e-01,1.801832e-04
1.682000e-01,4.136765e-05
1.683000e-01,1.353827e-04
1.684000e-01,3.432823e-06
1.685000e-01,9.058226e-05
1.686000e-01,1.845973e-04
1.687000e-01,4.578179e-05
1.688000e-01,1.397969e-04
1.689000e-01,9.813198e-07
1.690000e-01,9.499641e-05
1.691000e-01,1.890115e-04
1.692000e-01,5.019593e-05
1.693000e-01,1.442110e-04
1.694000e-01,5.395463e-06
1.695000e-01,9.941055e-05
1.696000e-01,3.940501e-05
1.697000e-01,5.461008e-05
1.698000e-01,1.486252e-04
1.699000e-01,9.809605e-06
1.700000e-01,1.038247e-04
1.701000e-01,3.499087e-05
1.702000e-01,5.902422e-05
1.703000e-01,7.979134e-05
1.704000e-01,1.422375e-05
1.705000e-01,1.082388e-04
1.706000e-01,3.057672e-05
1.707000e-01,6.343836e-05
1.708000e-01,7.537720e-05
1.709000e-01,1.863789e-05
1.710000e-01,1.201777e-04
1.711000e-01,2.616258e-05
1.712000e-01,6.785251e-05
1.713000e-01,7.096305e-05
1.714000e-01,2.305203e-05
1.715000e-01,1.157635e-04
1.716000e-01,2.174844e-05
1.717000e-01,1.605640e-04
1.718000e-01,6.654891e-05
1.719000e-01,2.746618e-05
1.720000e-01,1.113494e-04
1.721000e-01,1.733430e-05
1.722000e-01,1.561499e-04
1.723000e-01,6.213477e-05
1.724000e-01,3.188032e-05
1.725000e-01,1.069352e-04
1.726000e-01,1.292015e-05
1.727000e-01,1.517357e-04
1.728000e-01,5.772062e-05
1.729000e-01,3.629446e-05
1.730000e-01,1.025211e-04
1.731000e-01,8.506009e-06
1.732000e-01,1.473216e-04
1.733000e-01,5.330648e-05
1.734000e-01,4.070861e-05
1.735000e-01,9.810695e-05
1.736000e-01,4.091867e-06
1.737000e-01,1.429074e-04
1.738000e-01,4.889234e-05
1.739000e-01,4.512275e-05
1.740000e-01,9.369281e-05
1.741000e-01,3.222762e-07
1.742000e-01,1.384933e-04
1.743000e-01,4.447820e-05
1.744000e-01,4.953689e-05
1.745000e-01,8.927867e-05
1.746000e-01,4.736419e-06
1.747000e-01,1.340791e-04
1.748000e-01,4.006405e-05
1.749000e-01,5.395103e-05
1.750000e-01,8.486452e-05
1.751000e-01,9.150562e-06
1.752000e-01,1.031656e-04
1.753000e-01,3.564991e-05
1.754000e-01,5.836518e-05
1.755000e-01,8.045038e-05
1.756000e-01,1.356470e-05
1.757000e-01,1.075798e-04
1.758000e-01,3.123577e-05
1.759000e-01,6.277932e-05
1.760000e-01,7.603624e-05
1.761000e-01,1.797885e-05
1.762000e-01,1.119939e-04
1.763000e-01,2.682162e-05
1.764000e-01,6.719346e-05
1.765000e-01,7.162210e-05
1.766000e-01,2.239299e-05
1.767000e-01,1.164081e-04
1.768000e-01,2.240748e-05
1.769000e-01,7.160760e-05
1.770000e-01,6.720795e-05
1.771000e-01,2.680713e-05
1.772000e-01,1.208222e-04
1.773000e-01,1.799334e-05
1.774000e-01,7.602175e-05
1.775000e-01,6.279381e-05
1.776000e-01,3.122128e-05
1.777000e-01,1.252364e-04
1.778000e-01,1.357920e-05
1.779000e-01,8.043589e-05
1.780000e-01,5.837967e-05
1.781000e-01,3.563542e-05
1.782000e-01,1.296505e-04
1.783000e-01,9.165053e-06
1.784000e-01,8.485003e-05
1.785000e-01,5.396552e-05
1.786000e-01,4.004956e-05
1.787000e-01,1.340646e-04
1.788000e-01,4.750910e-06
1.789000e-01,8.926418e-05
1.790000e-01,4.955138e-05
1.791000e-01,4.446370e-05
1.792000e-01,1.384788e-04
1.793000e-01,3.367674e-07
1.794000e-01,9.367832e-05
1.795000e-01,4.513724e-05
1.796000e-01,4.887785e-05
1.797000e-01,1.428929e-04
1.798000e-01,4.077375e-06
1.799000e-01,9.809246e-05
1.800000e-01,4.072310e-05
1.801000e-01,5.329199e-05
1.802000e-01,1.473071e-04
1.803000e-01,8.491518e-06
1.804000e-01,1.025066e-04
1.805000e-01,3.630895e-05
1.806000e-01,5.770613e-05
1.807000e-01,1.517212e-04
1.808000e-01,1.290566e-05
1.809000e-01,1.069207e-04
1.810000e-01,3.189481e-05
1.811000e-01,6.212028e-05
1.812000e-01,1.561354e-04
1.813000e-01,1.731980e-05
1.814000e-01,1.113349e-04
1.815000e-01,2.748067e-05
1.816000e-01,6.653442e-05
1.817000e-01,1.605495e-04
1.818000e-01,2.173395e-05
1.819000e-01,1.157490e-04
1.820000e-01,2.097641e-04
1.821000e-01,7.094856e-05
1.822000e-01,1.649636e-04
1.823000e-01,2.614809e-05
1.824000e-01,1.201632e-04
1.825000e-01,2.141783e-04
1.826000e-01,7.536270e-05
1.827000e-01,1.693778e-04
1.828000e-01,3.056223e-05
1.829000e-01,1.245773e-04
1.830000e-01,2.185924e-04
1.831000e-01,7.977685e-05
1.832000e-01,1.737919e-04
1.833000e-01,3.497638e-05
1.834000e-01,1.289915e-04
1.835000e-01,9.824097e-06
1.836000e-01,8.419099e-05
1.837000e-01,1.782061e-04
1.838000e-01,3.939052e-05
1.839000e-01,1.334056e-04
1.840000e-01,5.409954e-06
1.841000e-01,8.860513e-05
1.842000e-01,5.021043e-05
1.843000e-01,4.380466e-05
1.844000e-01,1.378197e-04
1.845000e-01,9.958109e-07
1.846000e-01,9.301928e-05
1.847000e-01,4.579628e-05
1.848000e-01,4.821880e-05
1.849000e-01,1.422339e-04
1.850000e-01,3.418332e-06
1.851000e-01,9.743342e-05
1.852000e-01,4.138214e-05
1.853000e-01,5.263295e-05
1.854000e-01,8.618261e-05
1.855000e-01,7.832475e-06
1.856000e-01,1.018476e-04
1.857000e-01,3.696800e-05
1.858000e-01,5.704709e-05
1.859000e-01,8.176847e-05
1.860000e-01,1.224662e-05
1.861000e-01,1.265689e-04
1.862000e-01,3.255385e-05
1.863000e-01,6.146123e-05
1.864000e-01,7.735433e-05
1.865000e-01,1.666076e-05
1.866000e-01,1.221548e-04
1.867000e-01,2.813971e-05
1.868000e-01,1.669553e-04
1.869000e-01,7.294018e-05
1.870000e-01,2.107490e-05
1.871000e-01,1.177407e-04
1.872000e-01,2.372557e-05
1.873000e-01,1.625411e-04
1.874000e-01,6.852604e-05
1.875000e-01,2.548905e-05
1.876000e-01,1.133265e-04
1.877000e-01,1.931143e-05
1.878000e-01,1.581270e-04
1.879000e-01,6.411190e-05
1.880000e-01,2.990319e-05
1.881000e-01,1.089124e-04
1.882000e-01,1.489728e-05
1.883000e-01,7.911780e-05
1.884000e-01,5.969775e-05
1.885000e-01,3.431733e-05
1.886000e-01,1.044982e-04
1.887000e-01,1.048314e-05
1.888000e-01,8.353195e-05
1.889000e-01,5.528361e-05
1.890000e-01,3.873147e-05
1.891000e-01,1.000841e-04
1.892000e-01,6.068997e-06
1.893000e-01,8.794609e-05
1.894000e-01,5.086947e-05
1.895000e-01,4.314562e-05
1.896000e-01,9.566994e-05
1.897000e-01,1.654855e-06
1.898000e-01,9.236023e-05
1.899000e-01,4.645533e-05
1.900000e-01,4.755976e-05
1.901000e-01,9.125580e-05
1.902000e-01,2.759288e-06
1.903000e-01,9.677437e-05
1.904000e-01,4.204118e-05
1.905000e-01,5.197390e-05
1.906000e-01,8.684165e-05
1.907000e-01,7.173431e-06
1.908000e-01,1.011885e-04
1.909000e-01,3.762704e-05
1.910000e-01,5.638805e-05
1.911000e-01,8.242751e-05
1.912000e-01,1.158757e-05
1.913000e-01,1.056027e-04
1.914000e-01,3.321290e-05
1.915000e-01,6.080219e-05
1.916000e-01,7.801337e-05
1.917000e-01,1.600172e-05
1.918000e-01,1.100168e-04
1.919000e-01,2.879875e-05
1.920000e-01,6.521633e-05
1.921000e-01,7.359923e-05
1.922000e-01,2.041586e-05
1.923000e-01,1.144309e-04
1.924000e-01,2.438461e-05
1.925000e-01,6.963047e-05
1.926000e-01,6.918508e-05
1.927000e-01,2.483000e-05
1.928000e-01,1.188451e-04
1.929000e-01,1.997047e-05
1.930000e-01,7.404462e-05
1.931000e-01,6.477094e-05
1.932000e-01,2.924415e-05
1.933000e-01,1.232592e-04
1.934000e-01,1.555633e-05
1.935000e-01,7.845876e-05
1.936000e-01,6.035680e-05
1.937000e-01,3.365829e-05
1.938000e-01,1.276734e-04
1.939000e-01,1.114218e-05
1.940000e-01,8.287290e-05
1.941000e-01,5.594266e-05
1.942000e-01,3.807243e-05
1.943000e-01,1.320875e-04
1.944000e-01,6.728041e-06
1.945000e-01,8.728705e-05
1.946000e-01,5.152851e-05
1.947000e-01,4.248657e-05
1.948000e-01,1.365017e-04
1.949000e-01,2.313898e-06
1.950000e-01,9.170119e-05
1.951000e-01,1.857163e-04
1.952000e-01,4.690072e-05
1.953000e-01,1.409158e-04
1.954000e-01,2.100245e-06
1.955000e-01,9.611533e-05
1.956000e-01,1.901304e-04
1.957000e-01,5.131486e-05
1.958000e-01,1.453299e-04
1.959000e-01,6.514388e-06
1.960000e-01,1.005295e-04
1.961000e-01,1.945446e-04
1.962000e-01,5.572900e-05
1.963000e-01,1.497441e-04
1.964000e-01,1.092853e-05
1.965000e-01,1.049436e-04
1.966000e-01,1.989587e-04
1.967000e-01,6.014314e-05
1.968000e-01,1.541582e-04
1.969000e-01,1.534267e-05
1.970000e-01,1.093578e-04
1.971000e-01,2.033728e-04
1.972000e-01,6.455729e-05
1.973000e-01,1.585724e-04
1.974000e-01,1.975682e-05
1.975000e-01,1.137719e-04
1.976000e-01,2.077870e-04
1.977000e-01,6.897143e-05
1.978000e-01,1.629865e-04
1.979000e-01,2.417096e-05
1.980000e-01,1.181860e-04
1.981000e-01,2.122011e-04
1.982000e-01,7.338557e-05
1.983000e-01,1.674007e-04
1.984000e-01,2.858510e-05
1.985000e-01,1.226002e-04
1.986000e-01,1.621537e-05
1.987000e-01,7.779972e-05
1.988000e-01,1.718148e-04
1.989000e-01,3.299924e-05
1.990000e-01,1.270143e-04
1.991000e-01,1.180123e-05
1.992000e-01,8.221386e-05
1.993000e-01,5.660170e-05
1.994000e-01,3.741339e-05
1.995000e-01,1.314285e-04
1.996000e-01,7.387084e-06
1.997000e-01,8.662800e-05
1.998000e-01,5.218756e-05
1.999000e-01,4.182753e-05
2.000000e-01,1.358426e-04
2.001000e-01,2.972942e-06
2.002000e-01,9.104214e-05
2.003000e-01,4.777341e-05
2.004000e-01,4.624167e-05
2.005000e-01,9.257388e-05
2.006000e-01,1.441201e-06
2.007000e-01,9.545629e-05
2.008000e-01,4.335927e-05
2.009000e-01,5.065582e-05
2.010000e-01,8.815974e-05
2.011000e-01,5.855344e-06
2.012000e-01,1.329602e-04
2.013000e-01,3.894513e-05
2.014000e-01,5.506996e-05
2.015000e-01,8.374560e-05
2.016000e-01,1.026949e-05
2.017000e-01,1.285461e-04
2.018000e-01,3.453098e-05
2.019000e-01,5.948410e-05
2.020000e-01,7.933146e-05
2.021000e-01,1.468363e-05
2.022000e-01,1.241319e-04
2.023000e-01,3.011684e-05
2.024000e-01,6.389824e-05
2.025000e-01,7.491731e-05
2.026000e-01,1.909777e-05
2.027000e-01,1.197178e-04
2.028000e-01,2.570270e-05
2.029000e-01,6.831239e-05
2.030000e-01,7.050317e-05
2.031000e-01,2.351192e-05
2.032000e-01,1.153036e-04
2.033000e-01,2.128856e-05
2.034000e-01,7.272653e-05
2.035000e-01,6.608903e-05
2.036000e-01,2.792606e-05
2.037000e-01,1.108895e-04
2.038000e-01,1.687441e-05
2.039000e-01,7.714067e-05
2.040000e-01,6.167489e-05
2.041000e-01,3.234020e-05
2.042000e-01,1.064754e-04
2.043000e-01,1.246027e-05
2.044000e-01,8.155482e-05
2.045000e-01,5.726074e-05
2.046000e-01,3.675434e-05
2.047000e-01,1.020612e-04
2.048000e-01,8.046128e-06
2.049000e-01,8.596896e-05
2.050000e-01,5.284660e-05
2.051000e-01,4.116849e-05
2.052000e-01,9.764707e-05
2.053000e-01,3.631985e-06
2.054000e-01,9.038310e-05
2.055000e-01,4.843246e-05
2.056000e-01,4.558263e-05
2.057000e-01,9.323293e-05
2.058000e-01,7.821576e-07
2.059000e-01,9.479724e-05
2.060000e-01,4.401831e-05
2.061000e-01,4.999677e-05
2.062000e-01,8.881879e-05
2.063000e-01,5.196300e-06
2.064000e-01,9.921139e-05
2.065000e-01,3.960417e-05
2.066000e-01,5.441091e-05
2.067000e-01,8.440464e-05
2.068000e-01,9.610443e-06
2.069000e-01,1.036255e-04
2.070000e-01,3.519003e-05
2.071000e-01,5.882506e-05
2.072000e-01,7.999050e-05
2.073000e-01,1.402459e-05
2.074000e-01,1.080397e-04
2.075000e-01,3.077589e-05
2.076000e-01,6.323920e-05
2.077000e-01,7.557636e-05
2.078000e-01,1.843873e-05
2.079000e-01,1.124538e-04
2.080000e-01,2.636174e-05
2.081000e-01,6.765334e-05
2.082000e-01,1.616684e-04
2.083000e-01,2.285287e-05
2.084000e-01,1.168680e-04
2.085000e-01,2.194760e-05
2.086000e-01,7.206749e-05
2.087000e-01,1.660826e-04
2.088000e-01,2.726701e-05
2.089000e-01,1.212821e-04
2.090000e-01,1.753346e-05
2.091000e-01,7.648163e-05
2.092000e-01,1.704967e-04
2.093000e-01,3.168116e-05
2.094000e-01,1.256962e-04
2.095000e-01,1.311931e-05
2.096000e-01,8.089577e-05
2.097000e-01,1.749109e-04
2.098000e-01,3.609530e-05
2.099000e-01,1.301104e-04
2.100000e-01,8.705172e-06
2.101000e-01,8.530991e-05
2.102000e-01,1.793250e-04
2.103000e-01,4.050944e-05
2.104000e-01,1.345245e-04
2.105000e-01,4.291029e-06
2.106000e-01,8.972406e-05
2.107000e-01,1.837391e-04
2.108000e-01,4.492359e-05
2.109000e-01,1.389387e-04
2.110000e-01,1.231140e-07
2.111000e-01,9.413820e-05
2.112000e-01,1.881533e-04
2.113000e-01,4.933773e-05
2.114000e-01,1.433528e-04
2.115000e-01,4.537257e-06
2.116000e-01,9.855234e-05
2.117000e-01,1.925674e-04
2.118000e-01,5.375187e-05
2.119000e-01,1.477670e-04
2.120000e-01,8.951400e-06
2.121000e-01,1.029665e-04
2.122000e-01,1.969816e-04
2.123000e-01,5.816601e-05
2.124000e-01,1.521811e-04
2.125000e-01,1.336554e-05
2.126000e-01,1.073806e-04
2.127000e-01,2.013957e-04
2.128000e-01,6.258016e-05
2.129000e-01,1.565952e-04
2.130000e-01,1.777969e-05
2.131000e-01,1.117948e-04
2.132000e-01,2.058099e-04
2.133000e-01,6.699430e-05
2.134000e-01,1.610094e-04
2.135000e-01,2.219383e-05
2.136000e-01,1.162089e-04
2.137000e-01,2.260664e-05
2.138000e-01,7.140844e-05
2.139000e-01,1.654235e-04
2.140000e-01,2.660797e-05
2.141000e-01,1.206231e-04
2.142000e-01,1.819250e-05
2.143000e-01,7.582259e-05
2.144000e-01,6.299297e-05
2.145000e-01,3.102211e-05
2.146000e-01,1.250372e-04
2.147000e-01,1.377836e-05
2.148000e-01,8.023673e-05
2.149000e-01,5.857883e-05
2.150000e-01,3.543626e-05
2.151000e-01,1.033793e-04
2.152000e-01,9.364215e-06
2.153000e-01,8.465087e-05
2.154000e-01,5.416469e-05
2.155000e-01,3.985040e-05
2.156000e-01,9.896516e-05
2.157000e-01,4.950072e-06
2.158000e-01,8.906501e-05
2.159000e-01,4.975054e-05
2.160000e-01,4.426454e-05
2.161000e-01,9.455102e-05
2.162000e-01,5.359296e-07
2.163000e-01,1.393515e-04
2.164000e-01,4.533640e-05
2.165000e-01,4.867868e-05
2.166000e-01,9.013687e-05
2.167000e-01,3.878213e-06
2.168000e-01,1.349373e-04
2.169000e-01,4.092226e-05
2.170000e-01,5.309283e-05
2.171000e-01,8.572273e-05
2.172000e-01,8.292356e-06
2.173000e-01,1.305232e-04
2.174000e-01,3.650812e-05
2.175000e-01,5.750697e-05
2.176000e-01,8.130859e-05
2.177000e-01,1.270650e-05
2.178000e-01,1.261091e-04
2.179000e-01,3.209397e-05
2.180000e-01,6.192111e-05
2.181000e-01,7.689444e-05
2.182000e-01,1.712064e-05
2.183000e-01,1.216949e-04
2.184000e-01,2.767983e-05
2.185000e-01,6.633526e-05
2.186000e-01,7.248030e-05
2.187000e-01,2.153478e-05
2.188000e-01,1.172808e-04
2.189000e-01,2.326569e-05
2.190000e-01,7.074940e-05
2.191000e-01,6.806616e-05
2.192000e-01,2.594893e-05
2.193000e-01,1.128666e-04
2.194000e-01,1.885154e-05
2.195000e-01,7.516354e-05
2.196000e-01,6.365202e-05
2.197000e-01,3.036307e-05
2.198000e-01,1.084525e-04
2.199000e-01,1.443740e-05
2.200000e-01,7.957768e-05
2.201000e-01,5.923787e-05
2.202000e-01,3.477721e-05
2.203000e-01,1.040383e-04
2.204000e-01,1.002326e-05
2.205000e-01,8.399183e-05
2.206000e-01,5.482373e-05
2.207000e-01,3.919136e-05
2.208000e-01,9.962420e-05
2.209000e-01,5.609116e-06
2.210000e-01,8.840597e-05
2.211000e-01,5.040959e-05
2.212000e-01,4.360550e-05
2.213000e-01,9.521006e-05
2.214000e-01,1.194973e-06
2.215000e-01,9.282011e-05
2.216000e-01,4.599544e-05
2.217000e-01,4.801964e-05
2.218000e-01,1.420347e-04
2.219000e-01,3.219170e-06
2.220000e-01,9.723426e-05
2.221000e-01,4.158130e-05
2.222000e-01,5.243378e-05
2.223000e-01,1.464489e-04
2.224000e-01,7.633312e-06
2.225000e-01,1.016484e-04
2.226000e-01,3.716716e-05
2.227000e-01,5.684793e-05
2.228000e-01,1.508630e-04
2.229000e-01,1.204746e-05
2.230000e-01,1.060625e-04
2.231000e-01,3.275302e-05
2.232000e-01,6.126207e-05
2.233000e-01,1.552772e-04
2.234000e-01,1.646160e-05
2.235000e-01,1.104767e-04
2.236000e-01,2.833887e-05
2.237000e-01,6.567621e-05
2.238000e-01,1.596913e-04
2.239000e-01,2.087574e-05
2.240000e-01,1.148908e-04
2.241000e-01,2.392473e-05
2.242000e-01,7.009036e-05
2.243000e-01,1.641054e-04
2.244000e-01,2.528988e-05
2.245000e-01,1.193050e-04
2.246000e-01,1.951059e-05
2.247000e-01,7.450450e-05
2.248000e-01,1.685196e-04
2.249000e-01,2.970403e-05
2.250000e-01,1.237191e-04
2.251000e-01,1.509645e-05
2.252000e-01,7.891864e-05
2.253000e-01,1.729337e-04
2.254000e-01,3.411817e-05
2.255000e-01,1.281333e-04
2.256000e-01,1.068230e-05
2.257000e-01,8.333278e-05
2.258000e-01,1.773479e-04
2.259000e-01,3.853231e-05
2.260000e-01,1.325474e-04
2.261000e-01,6.268159e-06
2.262000e-01,8.774693e-05
2.263000e-01,1.817620e-04
2.264000e-01,4.294645e-05
2.265000e-01,1.369615e-04
2.266000e-01,1.854017e-06
2.267000e-01,9.216107e-05
2.268000e-01,1.861762e-04
2.269000e-01,4.736060e-05
2.270000e-01,1.413757e-04
2.271000e-01,2.560126e-06
2.272000e-01,9.657521e-05
2.273000e-01,1.905903e-04
2.274000e-01,5.177474e-05
2.275000e-01,1.457898e-04
2.276000e-01,6.974269e-06
2.277000e-01,1.009894e-04
2.278000e-01,1.950044e-04
2.279000e-01,5.618888e-05
2.280000e-01,1.502040e-04
2.281000e-01,1.138841e-05
2.282000e-01,1.054035e-04
2.283000e-01,1.994186e-04
2.284000e-01,6.060303e-05
2.285000e-01,1.546181e-04
2.286000e-01,1.580255e-05
2.287000e-01,1.098176e-04
2.288000e-01,2.899792e-05
2.289000e-01,6.501717e-05
2.290000e-01,1.590323e-04
2.291000e-01,2.021670e-05
2.292000e-01,1.142318e-04
2.293000e-01,2.458377e-05
2.294000e-01,6.943131e-05
2.295000e-01,6.938425e-05
2.296000e-01,2.463084e-05
2.297000e-01,1.186459e-04
2.298000e-01,2.016963e-05
2.299000e-01,7.384545e-05
2.300000e-01,6.497010e-05
2.301000e-01,2.904498e-05
2.302000e-01,1.097706e-04
2.303000e-01,1.575549e-05
2.304000e-01,7.825960e-05
2.305000e-01,6.055596e-05
2.306000e-01,3.345913e-05
2.307000e-01,1.053564e-04
2.308000e-01,1.134135e-05
2.309000e-01,1.501569e-04
2.310000e-01,5.614182e-05
2.311000e-01,3.787327e-05
2.312000e-01,1.009423e-04
2.313000e-01,6.927203e-06
2.314000e-01,1.457428e-04
2.315000e-01,5.172767e-05
2.316000e-01,4.228741e-05
2.317000e-01,9.652815e-05
2.318000e-01,2.513060e-06
2.319000e-01,1.413286e-04
2.320000e-01,4.731353e-05
2.321000e-01,4.670155e-05
2.322000e-01,9.211400e-05
2.323000e-01,1.901083e-06
2.324000e-01,1.369145e-04
2.325000e-01,4.289939e-05
2.326000e-01,5.111570e-05
2.327000e-01,8.769986e-05
2.328000e-01,6.315225e-06
2.329000e-01,1.325003e-04
2.330000e-01,3.848525e-05
2.331000e-01,5.552984e-05
2.332000e-01,8.328572e-05
2.333000e-01,1.072937e-05
2.334000e-01,1.280862e-04
2.335000e-01,3.407110e-05
2.336000e-01,5.994398e-05
2.337000e-01,7.887158e-05
2.338000e-01,1.514351e-05
2.339000e-01,1.236720e-04
2.340000e-01,2.965696e-05
2.341000e-01,6.435813e-05
2.342000e-01,7.445743e-05
2.343000e-01,1.955765e-05
2.344000e-01,1.192579e-04
2.345000e-01,2.524282e-05
2.346000e-01,6.877227e-05
2.347000e-01,7.004329e-05
2.348000e-01,2.397180e-05
2.349000e-01,1.179869e-04
2.350000e-01,2.082868e-05
2.351000e-01,7.318641e-05
2.352000e-01,6.562915e-05
2.353000e-01,2.838594e-05
2.354000e-01,1.224010e-04
2.355000e-01,1.641453e-05
2.356000e-01,7.760055e-05
2.357000e-01,6.121500e-05
2.358000e-01,3.280008e-05
2.359000e-01,1.268152e-04
2.360000e-01,1.200039e-05
2.361000e-01,8.201470e-05
2.362000e-01,5.680086e-05
2.363000e-01,3.721422e-05
2.364000e-01,1.312293e-04
2.365000e-01,7.586247e-06
2.366000e-01,8.642884e-05
2.367000e-01,5.238672e-05
2.368000e-01,4.162837e-05
2.369000e-01,1.356435e-04
2.370000e-01,3.172104e-06
2.371000e-01,9.084298e-05
2.372000e-01,4.797258e-05
2.373000e-01,4.604251e-05
2.374000e-01,1.400576e-04
2.375000e-01,1.242039e-06
2.376000e-01,9.525712e-05
2.377000e-01,4.355843e-05
2.378000e-01,5.045665e-05
2.379000e-01,1.444717e-04
2.380000e-01,5.656182e-06
2.381000e-01,9.967127e-05
2.382000e-01,3.914429e-05
2.383000e-01,5.487080e-05
2.384000e-01,1.488859e-04
2.385000e-01,1.007032e-05
2.386000e-01,1.040854e-04
2.387000e-01,3.473015e-05
2.388000e-01,5.928494e-05
2.389000e-01,1.533000e-04
2.390000e-01,1.448447e-05
2.391000e-01,1.084996e-04
2.392000e-01,3.031600e-05
2.393000e-01,6.369908e-05
2.394000e-01,1.577142e-04
2.395000e-01,1.889861e-05
2.396000e-01,1.129137e-04
2.397000e-01,2.590186e-05
2.398000e-01,6.811322e-05
2.399000e-01,1.621283e-04
2.400000e-01,2.331275e-05
2.401000e-01,1.173278e-04
2.402000e-01,2.148772e-05
2.403000e-01,7.252737e-05
2.404000e-01,1.665425e-04
2.405000e-01,2.772690e-05
2.406000e-01,1.217420e-04
2.407000e-01,1.707358e-05
2.408000e-01,7.694151e-05
2.409000e-01,1.709566e-04
2.410000e-01,3.214104e-05
2.411000e-01,1.261561e-04
2.412000e-01,2.201712e-04
2.413000e-01,8.135565e-05
2.414000e-01,1.753707e-04
2.415000e-01,3.655518e-05
2.416000e-01,1.305703e-04
2.417000e-01,2.245854e-04
2.418000e-01,8.576980e-05
2.419000e-01,1.797849e-04
2.420000e-01,4.096932e-05
2.421000e-01,1.349844e-04
2.422000e-01,2.289995e-04
2.423000e-01,9.018394e-05
2.424000e-01,1.841990e-04
2.425000e-01,4.538347e-05
2.426000e-01,1.393986e-04
2.427000e-01,5.829954e-07
2.428000e-01,9.459808e-05
2.429000e-01,1.886132e-04
2.430000e-01,4.979761e-05
2.431000e-01,1.438127e-04
2.432000e-01,4.997138e-06
2.433000e-01,9.901222e-05
2.434000e-01,3.980333e-05
2.435000e-01,5.421175e-05
2.436000e-01,1.482268e-04
2.437000e-01,9.411281e-06
2.438000e-01,1.034264e-04
2.439000e-01,3.538919e-05
2.440000e-01,5.862590e-05
2.441000e-01,1.526410e-04
2.442000e-01,1.382542e-05
2.443000e-01,1.078405e-04
2.444000e-01,3.097505e-05
2.445000e-01,6.304004e-05
2.446000e-01,7.577552e-05
2.447000e-01,1.823957e-05
2.448000e-01,1.122547e-04
2.449000e-01,2.656090e-05
2.450000e-01,6.745418e-05
2.451000e-01,7.136138e-05
2.452000e-01,2.265371e-05
2.453000e-01,1.161618e-04
2.454000e-01,2.214676e-05
2.455000e-01,7.186832e-05
2.456000e-01,6.694723e-05
2.457000e-01,2.706785e-05
2.458000e-01,1.117477e-04
2.459000e-01,1.773262e-05
2.460000e-01,1.565482e-04
2.461000e-01,6.253309e-05
2.462000e-01,3.148200e-05
2.463000e-01,1.073336e-04
2.464000e-01,1.331848e-05
2.465000e-01,1.521340e-04
2.466000e-01,5.811895e-05
2.467000e-01,3.589614e-05
2.468000e-01,1.029194e-04
2.469000e-01,8.904334e-06
2.470000e-01,1.477199e-04
2.471000e-01,5.370481e-05
2.472000e-01,4.031028e-05
2.473000e-01,9.850528e-05
2.474000e-01,4.490191e-06
2.475000e-01,1.433057e-04
2.476000e-01,4.929066e-05
2.477000e-01,4.472442e-05
2.478000e-01,9.409113e-05
2.479000e-01,7.604817e-08
2.480000e-01,9.393904e-05
2.481000e-01,4.487652e-05
2.482000e-01,4.913857e-05
2.483000e-01,8.967699e-05
2.484000e-01,4.338095e-06
2.485000e-01,9.835318e-05
2.486000e-01,4.046238e-05
2.487000e-01,5.355271e-05
2.488000e-01,8.526285e-05
2.489000e-01,8.752237e-06
2.490000e-01,1.027673e-04
2.491000e-01,3.604823e-05
2.492000e-01,5.796685e-05
2.493000e-01,8.084871e-05
2.494000e-01,1.316638e-05
2.495000e-01,1.071815e-04
2.496000e-01,3.163409e-05
2.497000e-01,6.238099e-05
2.498000e-01,7.643456e-05
2.499000e-01,1.758052e-05
2.500000e-01,1.115956e-04
2.501000e-01,2.056107e-04
2.502000e-01,1.660355e-04
2.503000e-01,7.202042e-05
2.504000e-01,2.199467e-05
2.505000e-01,1.160098e-04
2.506000e-01,2.100248e-04
2.507000e-01,1.616214e-04
2.508000e-01,6.760628e-05
2.509000e-01,2.640881e-05
2.510000e-01,1.204239e-04
2.511000e-01,2.144390e-04
2.512000e-01,1.572072e-04
2.513000e-01,6.319213e-05
2.514000e-01,3.082295e-05
2.515000e-01,1.248380e-04
2.516000e-01,2.188531e-04
2.517000e-01,1.527931e-04
2.518000e-01,5.877799e-05
2.519000e-01,3.523709e-05
2.520000e-01,1.292522e-04
2.521000e-01,2.232673e-04
2.522000e-01,1.483789e-04
2.523000e-01,5.436385e-05
2.524000e-01,3.965124e-05
2.525000e-01,1.336663e-04
2.526000e-01,2.276814e-04
2.527000e-01,1.439648e-04
2.528000e-01,4.994971e-05
2.529000e-01,4.406538e-05
2.530000e-01,1.380805e-04
2.531000e-01,2.320956e-04
2.532000e-01,1.395506e-04
2.533000e-01,4.553556e-05
2.534000e-01,4.847952e-05
2.535000e-01,1.424946e-04
2.536000e-01,2.365097e-04
2.537000e-01,1.351365e-04
2.538000e-01,4.112142e-05
2.539000e-01,5.289367e-05
2.540000e-01,1.469088e-04
2.541000e-01,2.409238e-04
2.542000e-01,1.307224e-04
2.543000e-01,3.670728e-05
2.544000e-01,5.730781e-05
2.545000e-01,1.513229e-04
2.546000e-01,2.453380e-04
2.547000e-01,1.263082e-04
2.548000e-01,3.229313e-05
2.549000e-01,6.172195e-05
2.550000e-01,1.557370e-04
2.551000e-01,2.497521e-04
2.552000e-01,1.218941e-04
2.553000e-01,2.787899e-05
2.554000e-01,6.613609e-05
2.555000e-01,1.601512e-04
2.556000e-01,2.541663e-04
2.557000e-01,1.174799e-04
2.558000e-01,2.346485e-05
2.559000e-01,7.055024e-05
2.560000e-01,1.645653e-04
2.561000e-01,2.585804e-04
2.562000e-01,1.130658e-04
2.563000e-01,1.905071e-05
2.564000e-01,7.496438e-05
2.565000e-01,1.689795e-04
2.566000e-01,2.629946e-04
2.567000e-01,1.086516e-04
2.568000e-01,1.463656e-05
2.569000e-01,7.937852e-05
2.570000e-01,1.733936e-04
2.571000e-01,3.457805e-05
2.572000e-01,1.042375e-04
2.573000e-01,1.022242e-05
2.574000e-01,8.379267e-05
2.575000e-01,1.778078e-04
2.576000e-01,3.899219e-05
2.577000e-01,1.330073e-04
2.578000e-01,5.808278e-06
2.579000e-01,8.820681e-05
2.580000e-01,1.822219e-04
2.581000e-01,4.340634e-05
2.582000e-01,1.374214e-04
2.583000e-01,1.394135e-06
2.584000e-01,9.262095e-05
2.585000e-01,4.619461e-05
2.586000e-01,4.782048e-05
2.587000e-01,1.418356e-04
2.588000e-01,3.020007e-06
2.589000e-01,9.703509e-05
2.590000e-01,4.178046e-05
2.591000e-01,5.223462e-05
2.592000e-01,1.462497e-04
2.593000e-01,7.434150e-06
2.594000e-01,1.014492e-04
2.595000e-01,3.736632e-05
2.596000e-01,5.664876e-05
2.597000e-01,1.506639e-04
2.598000e-01,1.184829e-05
2.599000e-01,1.058634e-04
2.600000e-01,3.295218e-05
2.601000e-01,6.106291e-05
2.602000e-01,1.550780e-04
2.603000e-01,1.626244e-05
2.604000e-01,1.225531e-04
2.605000e-01,2.853804e-05
2.606000e-01,6.547705e-05
2.607000e-01,1.594921e-04
2.608000e-01,2.067658e-05
2.609000e-01,1.181390e-04
2.610000e-01,2.412389e-05
2.611000e-01,6.989119e-05
2.612000e-01,1.639063e-04
2.613000e-01,2.509072e-05
2.614000e-01,1.137248e-04
2.615000e-01,1.970975e-05
2.616000e-01,7.430534e-05
2.617000e-01,1.683204e-04
2.618000e-01,2.033258e-04
2.619000e-01,1.093107e-04
2.620000e-01,1.529561e-05
2.621000e-01,7.871948e-05
2.622000e-01,1.727346e-04
2.623000e-01,1.989116e-04
2.624000e-01,1.048966e-04
2.625000e-01,1.088146e-05
2.626000e-01,8.313362e-05
2.627000e-01,1.771487e-04
2.628000e-01,1.944975e-04
2.629000e-01,1.004824e-04
2.630000e-01,6.467322e-06
2.631000e-01,8.754776e-05
2.632000e-01,1.815629e-04
2.633000e-01,1.900834e-04
2.634000e-01,9.606826e-05
2.635000e-01,2.053179e-06
2.636000e-01,9.196191e-05
2.637000e-01,1.859770e-04
2.638000e-01,1.856692e-04
2.639000e-01,9.165412e-05
2.640000e-01,2.360964e-06
2.641000e-01,9.637605e-05
2.642000e-01,1.903911e-04
2.643000e-01,1.812551e-04
2.644000e-01,8.723998e-05
2.645000e-01,6.775107e-06
2.646000e-01,1.007902e-04
2.647000e-01,1.948053e-04
2.648000e-01,1.768409e-04
2.649000e-01,8.282584e-05
2.650000e-01,1.118925e-05
2.651000e-01,1.052043e-04
2.652000e-01,1.992194e-04
2.653000e-01,1.724268e-04
2.654000e-01,7.841169e-05
2.655000e-01,1.560339e-05
2.656000e-01,1.096185e-04
2.657000e-01,2.036336e-04
2.658000e-01,1.680126e-04
2.659000e-01,7.399755e-05
2.660000e-01,2.001754e-05
2.661000e-01,1.140326e-04
2.662000e-01,2.080477e-04
2.663000e-01,1.635985e-04
2.664000e-01,6.958341e-05
2.665000e-01,2.443168e-05
2.666000e-01,1.184468e-04
2.667000e-01,2.124618e-04
2.668000e-01,1.591844e-04
2.669000e-01,6.516927e-05
2.670000e-01,2.884582e-05
2.671000e-01,1.228609e-04
2.672000e-01,2.168760e-04
2.673000e-01,1.547702e-04
2.674000e-01,6.075512e-05
2.675000e-01,3.325996e-05
2.676000e-01,1.272750e-04
2.677000e-01,2.212901e-04
2.678000e-01,1.503561e-04
2.679000e-01,5.634098e-05
2.680000e-01,3.767411e-05
2.681000e-01,1.316892e-04
2.682000e-01,2.257043e-04
2.683000e-01,1.459419e-04
2.684000e-01,5.192684e-05
2.685000e-01,4.208825e-05
2.686000e-01,1.361033e-04
2.687000e-01,2.301184e-04
2.688000e-01,1.415278e-04
2.689000e-01,4.751269e-05
2.690000e-01,4.650239e-05
2.691000e-01,1.405175e-04
2.692000e-01,2.345326e-04
2.693000e-01,1.371136e-04
2.694000e-01,4.309855e-05
2.695000e-01,5.091653e-05
2.696000e-01,1.449316e-04
2.697000e-01,2.389467e-04
2.698000e-01,1.326995e-04
2.699000e-01,3.868441e-05
2.700000e-01,5.533068e-05
2.701000e-01,1.493458e-04
2.702000e-01,2.433608e-04
2.703000e-01,1.282854e-04
2.704000e-01,3.427027e-05
2.705000e-01,5.974482e-05
2.706000e-01,1.537599e-04
2.707000e-01,2.477750e-04
2.708000e-01,1.238712e-04
2.709000e-01,2.985612e-05
2.710000e-01,6.415896e-05
2.711000e-01,1.581740e-04
2.712000e-01,2.521891e-04
2.713000e-01,1.133736e-04
2.714000e-01,2.544198e-05
2.715000e-01,6.857311e-05
2.716000e-01,1.625882e-04
2.717000e-01,2.377263e-05
2.718000e-01,1.177877e-04
2.719000e-01,2.102784e-05
2.720000e-01,7.298725e-05
2.721000e-01,1.670023e-04
2.722000e-01,2.818678e-05
2.723000e-01,1.222019e-04
2.724000e-01,1.661369e-05
2.725000e-01,7.740139e-05
2.726000e-01,1.714165e-04
2.727000e-01,3.260092e-05
2.728000e-01,1.266160e-04
2.729000e-01,1.219955e-05
2.730000e-01,8.181553e-05
2.731000e-01,1.758306e-04
2.732000e-01,3.701506e-05
2.733000e-01,1.310301e-04
2.734000e-01,7.785409e-06
2.735000e-01,8.622968e-05
2.736000e-01,5.258588e-05
2.737000e-01,4.142921e-05
2.738000e-01,1.354443e-04
2.739000e-01,3.371266e-06
2.740000e-01,9.064382e-05
2.741000e-01,4.817174e-05
2.742000e-01,4.584335e-05
2.743000e-01,1.398584e-04
2.744000e-01,1.042877e-06
2.745000e-01,9.505796e-05
2.746000e-01,4.375759e-05
2.747000e-01,5.025749e-05
2.748000e-01,1.442726e-04
2.749000e-01,5.457020e-06
2.750000e-01,9.947211e-05
2.751000e-01,3.934345e-05
2.752000e-01,5.467163e-05
2.753000e-01,1.486867e-04
2.754000e-01,9.871162e-06
2.755000e-01,1.289444e-04
2.756000e-01,3.492931e-05
2.757000e-01,5.908578e-05
2.758000e-01,1.531009e-04
2.759000e-01,1.428531e-05
2.760000e-01,1.245303e-04
2.761000e-01,3.051517e-05
2.762000e-01,6.349992e-05
2.763000e-01,1.575150e-04
2.764000e-01,1.869945e-05
2.765000e-01,1.201161e-04
2.766000e-01,2.610102e-05
2.767000e-01,6.791406e-05
2.768000e-01,1.619291e-04
2.769000e-01,2.097171e-04
2.770000e-01,1.157020e-04
2.771000e-01,2.168688e-05
2.772000e-01,7.232821e-05
2.773000e-01,1.663433e-04
2.774000e-01,2.053029e-04
2.775000e-01,1.112878e-04
2.776000e-01,1.727274e-05
2.777000e-01,7.674235e-05
2.778000e-01,1.707574e-04
2.779000e-01,2.008888e-04
2.780000e-01,1.068737e-04
2.781000e-01,1.285860e-05
2.782000e-01,8.115649e-05
2.783000e-01,1.751716e-04
2.784000e-01,1.964746e-04
2.785000e-01,1.024595e-04
2.786000e-01,8.444452e-06
2.787000e-01,8.557063e-05
2.788000e-01,1.795857e-04
2.789000e-01,1.920605e-04
2.790000e-01,9.804540e-05
2.791000e-01,4.030310e-06
2.792000e-01,8.998478e-05
2.793000e-01,1.839999e-04
2.794000e-01,1.876463e-04
2.795000e-01,9.363125e-05
2.796000e-01,3.838332e-07
2.797000e-01,9.439892e-05
2.798000e-01,1.884140e-04
2.799000e-01,1.832322e-04
2.800000e-01,8.921711e-05
2.801000e-01,4.797976e-06
2.802000e-01,9.881306e-05
2.803000e-01,1.928281e-04
2.804000e-01,1.788181e-04
2.805000e-01,8.480297e-05
2.806000e-01,9.212119e-06
2.807000e-01,1.032272e-04
2.808000e-01,1.972423e-04
2.809000e-01,1.744039e-04
2.810000e-01,8.038882e-05
2.811000e-01,1.362626e-05
2.812000e-01,1.076413e-04
2.813000e-01,2.016564e-04
2.814000e-01,1.699898e-04
2.815000e-01,7.597468e-05
2.816000e-01,1.804040e-05
2.817000e-01,1.120555e-04
2.818000e-01,2.060706e-04
2.819000e-01,1.655756e-04
2.820000e-01,7.156054e-05
2.821000e-01,2.245455e-05
2.822000e-01,1.164696e-04
2.823000e-01,2.104847e-04
2.824000e-01,1.611615e-04
2.825000e-01,6.714640e-05
2.826000e-01,2.686869e-05
2.827000e-01,1.208838e-04
2.828000e-01,2.148989e-04
2.829000e-01,1.567473e-04
2.830000e-01,6.273225e-05
2.831000e-01,3.128283e-05
2.832000e-01,1.252979e-04
2.833000e-01,2.193130e-04
2.834000e-01,1.523332e-04
2.835000e-01,5.831811e-05
2.836000e-01,3.569698e-05
2.837000e-01,1.297121e-04
2.838000e-01,2.237271e-04
2.839000e-01,1.479191e-04
2.840000e-01,5.390397e-05
2.841000e-01,4.011112e-05
2.842000e-01,1.341262e-04
2.843000e-01,2.281413e-04
2.844000e-01,3.221564e-04
2.845000e-01,4.948982e-05
2.846000e-01,4.452526e-05
2.847000e-01,1.385403e-04
2.848000e-01,2.325554e-04
2.849000e-01,3.265705e-04
2.850000e-01,4.507568e-05
2.851000e-01,4.893940e-05
2.852000e-01,1.429545e-04
2.853000e-01,2.369696e-04
2.854000e-01,9.815402e-05
2.855000e-01,4.066154e-05
2.856000e-01,5.335355e-05
2.857000e-01,1.473686e-04
2.858000e-01,2.413837e-04
2.859000e-01,1.025682e-04
2.860000e-01,3.624740e-05
2.861000e-01,5.776769e-05
2.862000e-01,1.517828e-04
2.863000e-01,2.457979e-04
2.864000e-01,1.069823e-04
2.865000e-01,3.183325e-05
2.866000e-01,6.218183e-05
2.867000e-01,1.561969e-04
2.868000e-01,1.738136e-05
2.869000e-01,1.113964e-04
2.870000e-01,2.741911e-05
2.871000e-01,6.659598e-05
2.872000e-01,1.606111e-04
2.873000e-01,2.179550e-05
2.874000e-01,1.158106e-04
2.875000e-01,2.300497e-05
2.876000e-01,7.101012e-05
2.877000e-01,1.650252e-04
2.878000e-01,2.620965e-05
2.879000e-01,1.202247e-04
2.880000e-01,1.859083e-05
2.881000e-01,7.542426e-05
2.882000e-01,1.694393e-04
2.883000e-01,3.062379e-05
2.884000e-01,1.246389e-04
2.885000e-01,1.417668e-05
2.886000e-01,7.983840e-05
2.887000e-01,5.897715e-05
2.888000e-01,3.503793e-05
2.889000e-01,1.290530e-04
2.890000e-01,9.762540e-06
2.891000e-01,8.425255e-05
2.892000e-01,5.456301e-05
2.893000e-01,3.945207e-05
2.894000e-01,1.334672e-04
2.895000e-01,5.348397e-06
2.896000e-01,8.866669e-05
2.897000e-01,5.014887e-05
2.898000e-01,4.386622e-05
2.899000e-01,1.378813e-04
2.900000e-01,9.342539e-07
2.901000e-01,1.397498e-04
2.902000e-01,4.573473e-05
2.903000e-01,4.828036e-05
2.904000e-01,1.422954e-04
2.905000e-01,3.479889e-06
2.906000e-01,1.353357e-04
2.907000e-01,4.132058e-05
2.908000e-01,5.269450e-05
2.909000e-01,1.467096e-04
2.910000e-01,7.894032e-06
2.911000e-01,1.309215e-04
2.912000e-01,3.690644e-05
2.913000e-01,5.710865e-05
2.914000e-01,1.511237e-04
2.915000e-01,1.230817e-05
2.916000e-01,1.265074e-04
2.917000e-01,3.249230e-05
2.918000e-01,6.152279e-05
2.919000e-01,1.555379e-04
2.920000e-01,2.161083e-04
2.921000e-01,1.220932e-04
2.922000e-01,2.807815e-05
2.923000e-01,6.593693e-05
2.924000e-01,1.599520e-04
2.925000e-01,2.116942e-04
2.926000e-01,1.176791e-04
2.927000e-01,2.366401e-05
2.928000e-01,7.035107e-05
2.929000e-01,1.643662e-04
2.930000e-01,2.072800e-04
2.931000e-01,1.132650e-04
2.932000e-01,1.924987e-05
2.933000e-01,7.476522e-05
2.934000e-01,1.687803e-04
2.935000e-01,2.028659e-04
2.936000e-01,1.088508e-04
2.937000e-01,1.483573e-05
2.938000e-01,7.917936e-05
2.939000e-01,1.731944e-04
2.940000e-01,1.984518e-04
2.941000e-01,1.044367e-04
2.942000e-01,1.042158e-05
2.943000e-01,8.359350e-05
2.944000e-01,1.776086e-04
2.945000e-01,1.940376e-04
2.946000e-01,1.000225e-04
2.947000e-01,6.007440e-06
2.948000e-01,8.800765e-05
2.949000e-01,1.820227e-04
2.950000e-01,1.896235e-04
2.951000e-01,9.560838e-05
2.952000e-01,1.593297e-06
2.953000e-01,9.242179e-05
2.954000e-01,1.864369e-04
2.955000e-01,1.852093e-04
2.956000e-01,9.119424e-05
2.957000e-01,2.820845e-06
2.958000e-01,9.683593e-05
2.959000e-01,1.908510e-04
2.960000e-01,1.807952e-04
2.961000e-01,8.678010e-05
2.962000e-01,7.234988e-06
2.963000e-01,1.012501e-04
2.964000e-01,1.952652e-04
2.965000e-01,1.763810e-04
2.966000e-01,8.236596e-05
2.967000e-01,1.164913e-05
2.968000e-01,1.056642e-04
2.969000e-01,1.996793e-04
2.970000e-01,1.719669e-04
2.971000e-01,7.795181e-05
2.972000e-01,1.606327e-05
2.973000e-01,1.100784e-04
2.974000e-01,2.040934e-04
2.975000e-01,2.981085e-04
2.976000e-01,7.353767e-05
2.977000e-01,2.047742e-05
2.978000e-01,1.144925e-04
2.979000e-01,2.085076e-04
2.980000e-01,3.025227e-04
2.981000e-01,6.912353e-05
2.982000e-01,2.489156e-05
2.983000e-01,1.189066e-04
2.984000e-01,2.129217e-04
2.985000e-01,3.069368e-04
2.986000e-01,6.470938e-05
2.987000e-01,2.930570e-05
2.988000e-01,1.233208e-04
2.989000e-01,2.173359e-04
2.990000e-01,3.113510e-04
2.991000e-01,6.029524e-05
2.992000e-01,3.371984e-05
2.993000e-01,1.277349e-04
2.994000e-01,2.217500e-04
2.995000e-01,3.157651e-04
2.996000e-01,5.588110e-05
2.997000e-01,3.813399e-05
2.998000e-01,1.321491e-04
2.999000e-01,2.261642e-04
3.000000e-01,8.734860e-05
3.001000e-01,5.146696e-05
3.002000e-01,4.254813e-05
3.003000e-01,1.365632e-04
3.004000e-01,2.305783e-04
3.005000e-01,9.176274e-05
3.006000e-01,4.705281e-05
3.007000e-01,4.696227e-05
3.008000e-01,1.409774e-04
3.009000e-01,2.349924e-04
3.010000e-01,9.617689e-05
3.011000e-01,4.263867e-05
3.012000e-01,5.137642e-05
3.013000e-01,1.453915e-04
3.014000e-01,2.394066e-04
3.015000e-01,1.005910e-04
3.016000e-01,3.822453e-05
3.017000e-01,5.579056e-05
3.018000e-01,1.498056e-04
3.019000e-01,1.099009e-05
3.020000e-01,1.050052e-04
3.021000e-01,3.381038e-05
3.022000e-01,6.020470e-05
3.023000e-01,1.542198e-04
3.024000e-01,1.540423e-05
3.025000e-01,1.094193e-04
3.026000e-01,2.939624e-05
3.027000e-01,6.461884e-05
3.028000e-01,1.586339e-04
3.029000e-01,1.981837e-05
3.030000e-01,1.138335e-04
3.031000e-01,2.498210e-05
3.032000e-01,6.903299e-05
3.033000e-01,1.630481e-04
3.034000e-01,2.423252e-05
3.035000e-01,1.182476e-04
3.036000e-01,2.056796e-05
3.037000e-01,7.344713e-05
3.038000e-01,6.536843e-05
3.039000e-01,2.864666e-05
3.040000e-01,1.226617e-04
3.041000e-01,1.615381e-05
3.042000e-01,7.786127e-05
3.043000e-01,6.095428e-05
3.044000e-01,3.306080e-05
3.045000e-01,1.270759e-04
3.046000e-01,1.173967e-05
3.047000e-01,8.227542e-05
3.048000e-01,5.654014e-05
3.049000e-01,3.747494e-05
3.050000e-01,1.314900e-04
3.051000e-01,7.325527e-06
3.052000e-01,1.461411e-04
3.053000e-01,5.212600e-05
3.054000e-01,4.188909e-05
3.055000e-01,1.359042e-04
3.056000e-01,2.911385e-06
3.057000e-01,1.417269e-04
3.058000e-01,4.771186e-05
3.059000e-01,4.630323e-05
3.060000e-01,1.403183e-04
3.061000e-01,1.502758e-06
3.062000e-01,1.373128e-04
3.063000e-01,4.329771e-05
3.064000e-01,5.071737e-05
3.065000e-01,1.447325e-04
3.066000e-01,5.916901e-06
3.067000e-01,1.328987e-04
3.068000e-01,3.888357e-05
3.069000e-01,5.513152e-05
3.070000e-01,1.491466e-04
3.071000e-01,2.224996e-04
3.072000e-01,1.284845e-04
3.073000e-01,3.446943e-05
3.074000e-01,5.954566e-05
3.075000e-01,1.535607e-04
3.076000e-01,2.180855e-04
3.077000e-01,1.240704e-04
3.078000e-01,3.005529e-05
3.079000e-01,6.395980e-05
3.080000e-01,1.579749e-04
3.081000e-01,2.136713e-04
3.082000e-01,1.196562e-04
3.083000e-01,2.564114e-05
3.084000e-01,6.837394e-05
3.085000e-01,1.623890e-04
3.086000e-01,2.092572e-04
3.087000e-01,1.152421e-04
3.088000e-01,2.122700e-05
3.089000e-01,7.278809e-05
3.090000e-01,1.668032e-04
3.091000e-01,2.048430e-04
3.092000e-01,1.108279e-04
3.093000e-01,1.681286e-05
3.094000e-01,7.720223e-05
3.095000e-01,1.712173e-04
3.096000e-01,2.004289e-04
3.097000e-01,1.064138e-04
3.098000e-01,1.239871e-05
3.099000e-01,8.161637e-05
3.100000e-01,1.756315e-04
3.101000e-01,1.960147e-04
3.102000e-01,1.019997e-04
3.103000e-01,7.984571e-06
3.104000e-01,8.603052e-05
3.105000e-01,1.800456e-04
3.106000e-01,2.740607e-04
3.107000e-01,9.758551e-05
3.108000e-01,3.570428e-06
3.109000e-01,9.044466e-05
3.110000e-01,1.844597e-04
3.111000e-01,2.784748e-04
3.112000e-01,9.317137e-05
3.113000e-01,8.437146e-07
3.114000e-01,9.485880e-05
3.115000e-01,1.888739e-04
3.116000e-01,2.828890e-04
3.117000e-01,8.875723e-05
3.118000e-01,5.257857e-06
3.119000e-01,9.927294e-05
3.120000e-01,1.932880e-04
3.121000e-01,2.873031e-04
3.122000e-01,8.434309e-05
3.123000e-01,9.672000e-06
3.124000e-01,1.036871e-04
3.125000e-01,1.977022e-04
3.126000e-01,2.917173e-04
3.127000e-01,7.992894e-05
3.128000e-01,1.408614e-05
3.129000e-01,1.081012e-04
3.130000e-01,2.021163e-04
3.131000e-01,2.961314e-04
3.132000e-01,7.551480e-05
3.133000e-01,1.850029e-05
3.134000e-01,1.125154e-04
3.135000e-01,2.065305e-04
3.136000e-01,3.005455e-04
3.137000e-01,7.110066e-05
3.138000e-01,2.291443e-05
3.139000e-01,1.169295e-04
3.140000e-01,2.109446e-04
3.141000e-01,3.049597e-04
3.142000e-01,6.668651e-05
3.143000e-01,2.732857e-05
3.144000e-01,1.213437e-04
3.145000e-01,2.153587e-04
3.146000e-01,3.093738e-04
3.147000e-01,6.227237e-05
3.148000e-01,3.174271e-05
3.149000e-01,1.257578e-04
3.150000e-01,2.197729e-04
3.151000e-01,8.095733e-05
3.152000e-01,5.785823e-05
3.153000e-01,3.615686e-05
3.154000e-01,1.301719e-04
3.155000e-01,2.241870e-04
3.156000e-01,8.537147e-05
3.157000e-01,5.344409e-05
3.158000e-01,4.057100e-05
3.159000e-01,1.345861e-04
3.160000e-01,2.286012e-04
3.161000e-01,8.978561e-05
3.162000e-01,4.902994e-05
3.163000e-01,4.498514e-05
3.164000e-01,1.390002e-04
3.165000e-01,2.330153e-04
3.166000e-01,9.419976e-05
3.167000e-01,4.461580e-05
3.168000e-01,4.939929e-05
3.169000e-01,1.434144e-04
3.170000e-01,4.598814e-06
3.171000e-01,9.861390e-05
3.172000e-01,4.020166e-05
3.173000e-01,5.381343e-05
3.174000e-01,1.478285e-04
3.175000e-01,9.012957e-06
3.176000e-01,1.030280e-04
3.177000e-01,3.578751e-05
3.178000e-01,5.822757e-05
3.179000e-01,1.522427e-04
3.180000e-01,1.342710e-05
3.181000e-01,1.074422e-04
3.182000e-01,3.137337e-05
3.183000e-01,6.264171e-05
3.184000e-01,7.617384e-05
3.185000e-01,1.784124e-05
3.186000e-01,1.118563e-04
3.187000e-01,2.695923e-05
3.188000e-01,6.705586e-05
3.189000e-01,7.175970e-05
3.190000e-01,2.225539e-05
3.191000e-01,1.162705e-04
3.192000e-01,2.254509e-05
3.193000e-01,7.147000e-05
3.194000e-01,6.734556e-05
3.195000e-01,2.666953e-05
3.196000e-01,1.206846e-04
3.197000e-01,1.813094e-05
3.198000e-01,7.588414e-05
3.199000e-01,6.293142e-05
3.200000e-01,3.108367e-05
3.201000e-01,1.250988e-04
3.202000e-01,1.371680e-05
3.203000e-01,1.525324e-04
3.204000e-01,5.851727e-05
3.205000e-01,3.549781e-05
3.206000e-01,1.295129e-04
3.207000e-01,9.302658e-06
3.208000e-01,1.481182e-04
3.209000e-01,5.410313e-05
3.210000e-01,3.991196e-05
3.211000e-01,1.339270e-04
3.212000e-01,4.888515e-06
3.213000e-01,1.437041e-04
3.214000e-01,4.968899e-05
3.215000e-01,4.432610e-05
3.216000e-01,1.383412e-04
3.217000e-01,2.333050e-04
3.218000e-01,1.392899e-04
3.219000e-01,4.527484e-05
3.220000e-01,4.874024e-05
3.221000e-01,1.427553e-04
3.222000e-01,2.288909e-04
3.223000e-01,1.348758e-04
3.224000e-01,4.086070e-05
3.225000e-01,5.315438e-05
3.226000e-01,1.471695e-04
3.227000e-01,2.244767e-04
3.228000e-01,1.304616e-04
3.229000e-01,3.644656e-05
3.230000e-01,5.756853e-05
3.231000e-01,1.515836e-04
3.232000e-01,2.200626e-04
3.233000e-01,1.260475e-04
3.234000e-01,3.203242e-05
3.235000e-01,6.198267e-05
3.236000e-01,1.559978e-04
3.237000e-01,2.156484e-04
3.238000e-01,1.216334e-04
3.239000e-01,2.761827e-05
3.240000e-01,6.639681e-05
3.241000e-01,1.604119e-04
3.242000e-01,2.544270e-04
3.243000e-01,1.172192e-04
3.244000e-01,2.320413e-05
3.245000e-01,7.081096e-05
3.246000e-01,1.648260e-04
3.247000e-01,2.588411e-04
3.248000e-01,1.128051e-04
3.249000e-01,1.878999e-05
3.250000e-01,7.522510e-05
3.251000e-01,1.692402e-04
3.252000e-01,2.632553e-04
3.253000e-01,1.083909e-04
3.254000e-01,1.437584e-05
3.255000e-01,7.963924e-05
3.256000e-01,1.736543e-04
3.257000e-01,2.676694e-04
3.258000e-01,1.039768e-04
3.259000e-01,9.961702e-06
3.260000e-01,8.405338e-05
3.261000e-01,1.780685e-04
3.262000e-01,2.720836e-04
3.263000e-01,9.956264e-05
3.264000e-01,5.547559e-06
3.265000e-01,8.846753e-05
3.266000e-01,1.824826e-04
3.267000e-01,2.764977e-04
3.268000e-01,9.514850e-05
3.269000e-01,1.133416e-06
3.270000e-01,9.288167e-05
3.271000e-01,1.868968e-04
3.272000e-01,2.809118e-04
3.273000e-01,9.073436e-05
3.274000e-01,3.280727e-06
3.275000e-01,9.729581e-05
3.276000e-01,1.913109e-04
3.277000e-01,2.853260e-04
3.278000e-01,8.632022e-05
3.279000e-01,7.694869e-06
3.280000e-01,1.017100e-04
3.281000e-01,1.957250e-04
3.282000e-01,2.897401e-04
3.283000e-01,8.190607e-05
3.284000e-01,1.210901e-05
3.285000e-01,1.061241e-04
3.286000e-01,2.001392e-04
3.287000e-01,2.941543e-04
3.288000e-01,7.749193e-05
3.289000e-01,1.652316e-05
3.290000e-01,1.105382e-04
3.291000e-01,2.045533e-04
3.292000e-01,2.985684e-04
3.293000e-01,7.307779e-05
3.294000e-01,2.093730e-05
3.295000e-01,1.149524e-04
3.296000e-01,2.089675e-04
3.297000e-01,3.029826e-04
3.298000e-01,6.866365e-05
3.299000e-01,2.535144e-05
3.300000e-01,1.193665e-04
3.301000e-01,2.133816e-04
3.302000e-01,7.456606e-05
3.303000e-01,6.424950e-05
3.304000e-01,2.976558e-05
3.305000e-01,1.237807e-04
3.306000e-01,2.177958e-04
3.307000e-01,7.898020e-05
3.308000e-01,5.983536e-05
3.309000e-01,3.417973e-05
3.310000e-01,1.281948e-04
3.311000e-01,2.222099e-04
3.312000e-01,8.339434e-05
3.313000e-01,5.542122e-05
3.314000e-01,3.859387e-05
3.315000e-01,1.326090e-04
3.316000e-01,2.266240e-04
3.317000e-01,8.780848e-05
3.318000e-01,5.100707e-05
3.319000e-01,4.300801e-05
3.320000e-01,1.370231e-04
3.321000e-01,1.792460e-06
3.322000e-01,9.222263e-05
3.323000e-01,4.659293e-05
3.324000e-01,4.742215e-05
3.325000e-01,1.414372e-04
3.326000e-01,2.621683e-06
3.327000e-01,9.663677e-05
3.328000e-01,4.217879e-05
3.329000e-01,5.183630e-05
3.330000e-01,1.458514e-04
3.331000e-01,7.035826e-06
3.332000e-01,1.010509e-04
3.333000e-01,3.776465e-05
3.334000e-01,5.625044e-05
3.335000e-01,8.256512e-05
3.336000e-01,1.144997e-05
3.337000e-01,1.054651e-04
3.338000e-01,3.335050e-05
3.339000e-01,6.066458e-05
3.340000e-01,1.546797e-04
3.341000e-01,2.486948e-04
3.342000e-01,3.427098e-04
3.343000e-01,2.893636e-05
3.344000e-01,6.507873e-05
3.345000e-01,1.590938e-04
3.346000e-01,2.531089e-04
3.347000e-01,3.471240e-04
3.348000e-01,2.452222e-05
3.349000e-01,6.949287e-05
3.350000e-01,1.635080e-04
3.351000e-01,2.575230e-04
3.352000e-01,3.515381e-04
3.353000e-01,2.010807e-05
3.354000e-01,7.390701e-05
3.355000e-01,1.679221e-04
3.356000e-01,2.619372e-04
3.357000e-01,3.559523e-04
3.358000e-01,1.569393e-05
3.359000e-01,7.832115e-05
3.360000e-01,1.723362e-04
3.361000e-01,2.663513e-04
3.362000e-01,3.603664e-04
3.363000e-01,1.127979e-05
3.364000e-01,8.273530e-05
3.365000e-01,1.767504e-04
3.366000e-01,2.707655e-04
3.367000e-01,3.647806e-04
3.368000e-01,6.865646e-06
3.369000e-01,8.714944e-05
3.370000e-01,1.811645e-04
3.371000e-01,2.751796e-04
3.372000e-01,3.691947e-04
3.373000e-01,2.451503e-06
3.374000e-01,9.156358e-05
3.375000e-01,1.855787e-04
3.376000e-01,2.795938e-04
3.377000e-01,3.736088e-04
3.378000e-01,1.962640e-06
3.379000e-01,9.597773e-05
3.380000e-01,1.899928e-04
3.381000e-01,2.840079e-04
3.382000e-01,3.780230e-04
3.383000e-01,6.376782e-06
3.384000e-01,1.003919e-04
3.385000e-01,1.944070e-04
3.386000e-01,2.884220e-04
3.387000e-01,8.322416e-05
3.388000e-01,1.079093e-05
3.389000e-01,1.048060e-04
3.390000e-01,1.988211e-04
3.391000e-01,2.928362e-04
3.392000e-01,7.881002e-05
3.393000e-01,1.520507e-05
3.394000e-01,1.092202e-04
3.395000e-01,2.032352e-04
3.396000e-01,2.972503e-04
3.397000e-01,7.439588e-05
3.398000e-01,1.961921e-05
3.399000e-01,1.136343e-04
3.400000e-01,2.076494e-04
3.401000e-01,1.639968e-04
3.402000e-01,6.998173e-05
3.403000e-01,2.403335e-05
3.404000e-01,1.180484e-04
3.405000e-01,2.120635e-04
3.406000e-01,1.595827e-04
3.407000e-01,6.556759e-05
3.408000e-01,2.844750e-05
3.409000e-01,1.224626e-04
3.410000e-01,2.164777e-04
3.411000e-01,1.551685e-04
3.412000e-01,6.115345e-05
3.413000e-01,3.286164e-05
3.414000e-01,1.268767e-04
3.415000e-01,2.208918e-04
3.416000e-01,1.507544e-04
3.417000e-01,5.673930e-05
3.418000e-01,3.727578e-05
3.419000e-01,1.312909e-04
3.420000e-01,2.403553e-04
3.421000e-01,1.463402e-04
3.422000e-01,5.232516e-05
3.423000e-01,4.168992e-05
3.424000e-01,1.357050e-04
3.425000e-01,2.359412e-04
3.426000e-01,1.419261e-04
3.427000e-01,4.791102e-05
3.428000e-01,4.610407e-05
3.429000e-01,1.401192e-04
3.430000e-01,2.315270e-04
3.431000e-01,1.375120e-04
3.432000e-01,4.349688e-05
3.433000e-01,5.051821e-05
3.434000e-01,3.211280e-04
3.435000e-01,2.271129e-04
3.436000e-01,1.330978e-04
3.437000e-01,3.908273e-05
3.438000e-01,5.493235e-05
3.439000e-01,3.167138e-04
3.440000e-01,2.226988e-04
3.441000e-01,1.286837e-04
3.442000e-01,3.466859e-05
3.443000e-01,5.934650e-05
3.444000e-01,3.122997e-04
3.445000e-01,2.182846e-04
3.446000e-01,1.242695e-04
3.447000e-01,3.025445e-05
3.448000e-01,6.376064e-05
3.449000e-01,3.078856e-04
3.450000e-01,2.138705e-04
3.451000e-01,1.198554e-04
3.452000e-01,2.584030e-05
3.453000e-01,6.817478e-05
3.454000e-01,3.034714e-04
3.455000e-01,2.094563e-04
3.456000e-01,1.154412e-04
3.457000e-01,2.142616e-05
3.458000e-01,7.258892e-05
3.459000e-01,2.990573e-04
3.460000e-01,2.050422e-04
3.461000e-01,1.110271e-04
3.462000e-01,1.701202e-05
3.463000e-01,7.700307e-05
3.464000e-01,2.946431e-04
3.465000e-01,2.006280e-04
3.466000e-01,1.066130e-04
3.467000e-01,1.259788e-05
3.468000e-01,8.141721e-05
3.469000e-01,2.902290e-04
3.470000e-01,1.962139e-04
3.471000e-01,1.021988e-04
3.472000e-01,8.183733e-06
3.473000e-01,8.583135e-05
3.474000e-01,2.858148e-04
3.475000e-01,1.917998e-04
3.476000e-01,9.778468e-05
3.477000e-01,3.769590e-06
3.478000e-01,9.024550e-05
3.479000e-01,2.814007e-04
3.480000e-01,1.873856e-04
3.481000e-01,9.337053e-05
3.482000e-01,6.445524e-07
3.483000e-01,9.465964e-05
3.484000e-01,2.769866e-04
3.485000e-01,1.829715e-04
3.486000e-01,8.895639e-05
3.487000e-01,5.058695e-06
3.488000e-01,9.907378e-05
3.489000e-01,2.725724e-04
3.490000e-01,1.785573e-04
3.491000e-01,8.454225e-05
3.492000e-01,9.472838e-06
3.493000e-01,1.034879e-04
3.494000e-01,2.681583e-04
3.495000e-01,1.741432e-04
3.496000e-01,8.012811e-05
3.497000e-01,1.388698e-05
3.498000e-01,1.079021e-04
3.499000e-01,2.637441e-04
3.500000e-01,1.697290e-04
3.501000e-01,7.571396e-05
3.502000e-01,1.830112e-05
3.503000e-01,1.123162e-04
3.504000e-01,2.063313e-04
3.505000e-01,1.653149e-04
3.506000e-01,7.129982e-05
3.507000e-01,2.271527e-05
3.508000e-01,1.167304e-04
3.509000e-01,2.107454e-04
3.510000e-01,1.609008e-04
3.511000e-01,6.688568e-05
3.512000e-01,2.712941e-05
3.513000e-01,1.211445e-04
3.514000e-01,2.151596e-04
3.515000e-01,1.564866e-04
3.516000e-01,6.247153e-05
3.517000e-01,3.154355e-05
3.518000e-01,1.255586e-04
3.519000e-01,2.195737e-04
3.520000e-01,1.520725e-04
3.521000e-01,5.805739e-05
3.522000e-01,3.595769e-05
3.523000e-01,1.299728e-04
3.524000e-01,2.239879e-04
3.525000e-01,1.476583e-04
3.526000e-01,5.364325e-05
3.527000e-01,4.037184e-05
3.528000e-01,1.343869e-04
3.529000e-01,2.284020e-04
3.530000e-01,1.432442e-04
3.531000e-01,4.922911e-05
3.532000e-01,4.478598e-05
3.533000e-01,1.388011e-04
3.534000e-01,2.328162e-04
3.535000e-01,1.388300e-04
3.536000e-01,4.481496e-05
3.537000e-01,4.920012e-05
3.538000e-01,1.432152e-04
3.539000e-01,2.372303e-04
3.540000e-01,1.344159e-04
3.541000e-01,4.040082e-05
3.542000e-01,5.361427e-05
3.543000e-01,1.476294e-04
3.544000e-01,2.416444e-04
3.545000e-01,1.300018e-04
3.546000e-01,3.598668e-05
3.547000e-01,5.802841e-05
3.548000e-01,1.520435e-04
3.549000e-01,2.460586e-04
3.550000e-01,1.255876e-04
3.551000e-01,3.157253e-05
3.552000e-01,6.244255e-05
3.553000e-01,1.564576e-04
3.554000e-01,2.504727e-04
3.555000e-01,1.211735e-04
3.556000e-01,2.715839e-05
3.557000e-01,6.685669e-05
3.558000e-01,1.608718e-04
3.559000e-01,2.548869e-04
3.560000e-01,1.167593e-04
3.561000e-01,2.274425e-05
3.562000e-01,7.127084e-05
3.563000e-01,1.652859e-04
3.564000e-01,2.593010e-04
3.565000e-01,1.123452e-04
3.566000e-01,1.833011e-05
3.567000e-01,7.568498e-05
3.568000e-01,1.697001e-04
3.569000e-01,2.637152e-04
3.570000e-01,1.079310e-04
3.571000e-01,1.391596e-05
3.572000e-01,8.009912e-05
3.573000e-01,1.741142e-04
3.574000e-01,2.681293e-04
3.575000e-01,1.035169e-04
3.576000e-01,9.501820e-06
3.577000e-01,8.451327e-05
3.578000e-01,1.785284e-04
3.579000e-01,2.725434e-04
3.580000e-01,9.910276e-05
3.581000e-01,5.087678e-06
3.582000e-01,8.892741e-05
3.583000e-01,1.829425e-04
3.584000e-01,2.769576e-04
3.585000e-01,9.468862e-05
3.586000e-01,6.735347e-07
3.587000e-01,9.334155e-05
3.588000e-01,1.873566e-04
3.589000e-01,2.813717e-04
3.590000e-01,9.027448e-05
3.591000e-01,3.740608e-06
3.592000e-01,9.775569e-05
3.593000e-01,1.917708e-04
3.594000e-01,2.857859e-04
3.595000e-01,8.586034e-05
3.596000e-01,8.154751e-06
3.597000e-01,1.021698e-04
3.598000e-01,1.961849e-04
3.599000e-01,2.902000e-04
3.600000e-01,8.144619e-05
3.601000e-01,1.256889e-05
3.602000e-01,1.065840e-04
3.603000e-01,2.005991e-04
3.604000e-01,2.946142e-04
3.605000e-01,7.703205e-05
3.606000e-01,1.698304e-05
3.607000e-01,1.109981e-04
3.608000e-01,2.050132e-04
3.609000e-01,2.990283e-04
3.610000e-01,7.261791e-05
3.611000e-01,2.139718e-05
3.612000e-01,1.154123e-04
3.613000e-01,2.094274e-04
3.614000e-01,3.034424e-04
3.615000e-01,6.820376e-05
3.616000e-01,2.581132e-05
3.617000e-01,1.198264e-04
3.618000e-01,2.138415e-04
3.619000e-01,3.078566e-04
3.620000e-01,6.378962e-05
3.621000e-01,3.022546e-05
3.622000e-01,1.242406e-04
3.623000e-01,2.182556e-04
3.624000e-01,3.122707e-04
3.625000e-01,5.937548e-05
3.626000e-01,3.463961e-05
3.627000e-01,1.286547e-04
3.628000e-01,2.226698e-04
3.629000e-01,3.166849e-04
3.630000e-01,5.496134e-05
3.631000e-01,3.905375e-05
3.632000e-01,1.330688e-04
3.633000e-01,2.270839e-04
3.634000e-01,3.210990e-04
3.635000e-01,4.151141e-04
3.636000e-01,4.346789e-05
3.637000e-01,1.374830e-04
3.638000e-01,2.314981e-04
3.639000e-01,3.255132e-04
3.640000e-01,4.195282e-04
3.641000e-01,4.788204e-05
3.642000e-01,1.418971e-04
3.643000e-01,2.359122e-04
3.644000e-01,3.299273e-04
3.645000e-01,4.239424e-04
3.646000e-01,5.229618e-05
3.647000e-01,1.463113e-04
3.648000e-01,2.403264e-04
3.649000e-01,3.343414e-04
3.650000e-01,4.283565e-04
3.651000e-01,5.671032e-05
3.652000e-01,1.507254e-04
3.653000e-01,2.447405e-04
3.654000e-01,3.387556e-04
3.655000e-01,4.327707e-04
3.656000e-01,6.112446e-05
3.657000e-01,1.551396e-04
3.658000e-01,2.491546e-04
3.659000e-01,3.431697e-04
3.660000e-01,4.371848e-04
3.661000e-01,6.553861e-05
3.662000e-01,1.595537e-04
3.663000e-01,2.535688e-04
3.664000e-01,3.475839e-04
3.665000e-01,4.415990e-04
3.666000e-01,6.995275e-05
3.667000e-01,1.639678e-04
3.668000e-01,2.579829e-04
3.669000e-01,3.519980e-04
3.670000e-01,1.964819e-05
3.671000e-01,7.436689e-05
3.672000e-01,1.683820e-04
3.673000e-01,2.623971e-04
3.674000e-01,3.564122e-04
3.675000e-01,1.523405e-05
3.676000e-01,7.878104e-05
3.677000e-01,1.727961e-04
3.678000e-01,2.668112e-04
3.679000e-01,3.608263e-04
3.680000e-01,1.081991e-05
3.681000e-01,8.319518e-05
3.682000e-01,1.772103e-04
3.683000e-01,2.712254e-04
3.684000e-01,1.004209e-04
3.685000e-01,6.405765e-06
3.686000e-01,8.760932e-05
3.687000e-01,1.816244e-04
3.688000e-01,2.756395e-04
3.689000e-01,9.600671e-05
3.690000e-01,1.991622e-06
3.691000e-01,9.202346e-05
3.692000e-01,1.860386e-04
3.693000e-01,2.800536e-04
3.694000e-01,9.159257e-05
3.695000e-01,2.422521e-06
3.696000e-01,9.643761e-05
3.697000e-01,1.904527e-04
3.698000e-01,2.844678e-04
3.699000e-01,8.717842e-05
3.700000e-01,6.836664e-06
3.701000e-01,1.008517e-04
3.702000e-01,1.948668e-04
3.703000e-01,1.767794e-04
3.704000e-01,8.276428e-05
3.705000e-01,1.125081e-05
3.706000e-01,1.052659e-04
3.707000e-01,1.992810e-04
3.708000e-01,1.723652e-04
3.709000e-01,7.835014e-05
3.710000e-01,1.566495e-05
3.711000e-01,1.096800e-04
3.712000e-01,2.036951e-04
3.713000e-01,1.679511e-04
3.714000e-01,7.393599e-05
3.715000e-01,2.007909e-05
3.716000e-01,1.140942e-04
3.717000e-01,2.575520e-04
3.718000e-01,1.635369e-04
3.719000e-01,6.952185e-05
3.720000e-01,2.449323e-05
3.721000e-01,1.185083e-04
3.722000e-01,2.531379e-04
3.723000e-01,1.591228e-04
3.724000e-01,6.510771e-05
3.725000e-01,2.890738e-05
3.726000e-01,1.229225e-04
3.727000e-01,2.487237e-04
3.728000e-01,1.547087e-04
3.729000e-01,6.069357e-05
3.730000e-01,3.332152e-05
3.731000e-01,1.273366e-04
3.732000e-01,2.443096e-04
3.733000e-01,1.502945e-04
3.734000e-01,5.627942e-05
3.735000e-01,3.773566e-05
3.736000e-01,3.339105e-04
3.737000e-01,2.398955e-04
3.738000e-01,1.458804e-04
3.739000e-01,5.186528e-05
3.740000e-01,4.214981e-05
3.741000e-01,3.294964e-04
3.742000e-01,2.354813e-04
3.743000e-01,1.414662e-04
3.744000e-01,4.745114e-05
3.745000e-01,4.656395e-05
3.746000e-01,3.250823e-04
3.747000e-01,2.310672e-04
3.748000e-01,1.370521e-04
3.749000e-01,4.303699e-05
3.750000e-01,5.097809e-05
3.751000e-01,3.206681e-04
3.752000e-01,2.266530e-04
3.753000e-01,1.326379e-04
3.754000e-01,3.862285e-05
3.755000e-01,5.539223e-05
3.756000e-01,3.162540e-04
3.757000e-01,2.222389e-04
3.758000e-01,1.282238e-04
3.759000e-01,3.420871e-05
3.760000e-01,5.980638e-05
3.761000e-01,3.118398e-04
3.762000e-01,2.178247e-04
3.763000e-01,1.238097e-04
3.764000e-01,2.979457e-05
3.765000e-01,6.422052e-05
3.766000e-01,1.582356e-04
3.767000e-01,2.134106e-04
3.768000e-01,1.193955e-04
3.769000e-01,2.538042e-05
3.770000e-01,6.863466e-05
3.771000e-01,1.626497e-04
3.772000e-01,2.089965e-04
3.773000e-01,1.149814e-04
3.774000e-01,2.096628e-05
3.775000e-01,7.304881e-05
3.776000e-01,1.670639e-04
3.777000e-01,2.045823e-04
3.778000e-01,1.105672e-04
3.779000e-01,1.655214e-05
3.780000e-01,7.746295e-05
3.781000e-01,1.714780e-04
3.782000e-01,2.001682e-04
3.783000e-01,1.061531e-04
3.784000e-01,1.213799e-05
3.785000e-01,8.187709e-05
3.786000e-01,1.758922e-04
3.787000e-01,1.957540e-04
3.788000e-01,1.017389e-04
3.789000e-01,7.723852e-06
3.790000e-01,8.629123e-05
3.791000e-01,1.803063e-04
3.792000e-01,1.913399e-04
3.793000e-01,9.732480e-05
3.794000e-01,3.309709e-06
3.795000e-01,9.070538e-05
3.796000e-01,1.847205e-04
3.797000e-01,1.869257e-04
3.798000e-01,9.291065e-05
3.799000e-01,1.104434e-06
3.800000e-01,9.511952e-05
3.801000e-01,1.891346e-04
3.802000e-01,1.825116e-04
3.803000e-01,8.849651e-05
3.804000e-01,5.518577e-06
3.805000e-01,9.953366e-05
3.806000e-01,1.935487e-04
3.807000e-01,1.780975e-04
3.808000e-01,8.408237e-05
3.809000e-01,9.932719e-06
3.810000e-01,1.039478e-04
3.811000e-01,1.979629e-04
3.812000e-01,1.736833e-04
3.813000e-01,7.966822e-05
3.814000e-01,1.434686e-05
3.815000e-01,1.083619e-04
3.816000e-01,2.023770e-04
3.817000e-01,1.692692e-04
3.818000e-01,7.525408e-05
3.819000e-01,1.876101e-05
3.820000e-01,1.127761e-04
3.821000e-01,2.067912e-04
3.822000e-01,1.648550e-04
3.823000e-01,7.083994e-05
3.824000e-01,2.317515e-05
3.825000e-01,1.171902e-04
3.826000e-01,2.112053e-04
3.827000e-01,1.604409e-04
3.828000e-01,6.642580e-05
3.829000e-01,2.758929e-05
3.830000e-01,1.216044e-04
3.831000e-01,2.156195e-04
3.832000e-01,1.560267e-04
3.833000e-01,6.201165e-05
3.834000e-01,3.200343e-05
3.835000e-01,1.260185e-04
3.836000e-01,2.200336e-04
3.837000e-01,1.516126e-04
3.838000e-01,5.759751e-05
3.839000e-01,3.641758e-05
3.840000e-01,1.304327e-04
3.841000e-01,2.244477e-04
3.842000e-01,1.471985e-04
3.843000e-01,5.318337e-05
3.844000e-01,4.083172e-05
3.845000e-01,1.348468e-04
3.846000e-01,2.288619e-04
3.847000e-01,1.427843e-04
3.848000e-01,4.876922e-05
3.849000e-01,4.524586e-05
3.850000e-01,1.392609e-04
3.851000e-01,2.332760e-04
3.852000e-01,1.383702e-04
3.853000e-01,4.435508e-05
3.854000e-01,4.966000e-05
3.855000e-01,1.436751e-04
3.856000e-01,2.376902e-04
3.857000e-01,1.339560e-04
3.858000e-01,3.994094e-05
3.859000e-01,5.407415e-05
3.860000e-01,1.480892e-04
3.861000e-01,2.421043e-04
3.862000e-01,1.295419e-04
3.863000e-01,3.552680e-05
3.864000e-01,5.848829e-05
3.865000e-01,1.525034e-04
3.866000e-01,2.465185e-04
3.867000e-01,1.251277e-04
3.868000e-01,3.111265e-05
3.869000e-01,6.290243e-05
3.870000e-01,1.569175e-04
3.871000e-01,2.509326e-04
3.872000e-01,1.207136e-04
3.873000e-01,2.669851e-05
3.874000e-01,6.731658e-05
3.875000e-01,1.613317e-04
3.876000e-01,2.553467e-04
3.877000e-01,1.162995e-04
3.878000e-01,2.228437e-05
3.879000e-01,7.173072e-05
3.880000e-01,1.657458e-04
3.881000e-01,2.597609e-04
3.882000e-01,1.118853e-04
3.883000e-01,1.787022e-05
3.884000e-01,7.614486e-05
3.885000e-01,1.701599e-04
3.886000e-01,2.641750e-04
3.887000e-01,1.074712e-04
3.888000e-01,1.345608e-05
3.889000e-01,8.055900e-05
3.890000e-01,1.745741e-04
3.891000e-01,2.685892e-04
3.892000e-01,1.030570e-04
3.893000e-01,9.041939e-06
3.894000e-01,8.497315e-05
3.895000e-01,1.789882e-04
3.896000e-01,2.730033e-04
3.897000e-01,9.864288e-05
3.898000e-01,4.627796e-06
3.899000e-01,8.938729e-05
3.900000e-01,1.834024e-04
3.901000e-01,2.774175e-04
3.902000e-01,3.714325e-04
3.903000e-01,2.136533e-07
3.904000e-01,9.380143e-05
3.905000e-01,1.878165e-04
3.906000e-01,2.818316e-04
3.907000e-01,3.758467e-04
3.908000e-01,4.200489e-06
3.909000e-01,9.821558e-05
3.910000e-01,1.922307e-04
3.911000e-01,2.862457e-04
3.912000e-01,3.802608e-04
3.913000e-01,8.614632e-06
3.914000e-01,1.026297e-04
3.915000e-01,1.966448e-04
3.916000e-01,2.906599e-04
3.917000e-01,3.846750e-04
3.918000e-01,1.302878e-05
3.919000e-01,1.070439e-04
3.920000e-01,2.010589e-04
3.921000e-01,2.950740e-04
3.922000e-01,3.890891e-04
3.923000e-01,1.744292e-05
3.924000e-01,1.114580e-04
3.925000e-01,2.054731e-04
3.926000e-01,2.994882e-04
3.927000e-01,3.935033e-04
3.928000e-01,2.185706e-05
3.929000e-01,1.158721e-04
3.930000e-01,2.098872e-04
3.931000e-01,3.039023e-04
3.932000e-01,3.979174e-04
3.933000e-01,2.627120e-05
3.934000e-01,1.202863e-04
3.935000e-01,2.143014e-04
3.936000e-01,3.083165e-04
3.937000e-01,4.023315e-04
3.938000e-01,3.068535e-05
3.939000e-01,1.247004e-04
3.940000e-01,2.187155e-04
3.941000e-01,3.127306e-04
3.942000e-01,4.067457e-04
3.943000e-01,3.509949e-05
3.944000e-01,1.291146e-04
3.945000e-01,2.231297e-04
3.946000e-01,3.171447e-04
3.947000e-01,4.111598e-04
3.948000e-01,3.951363e-05
3.949000e-01,1.335287e-04
3.950000e-01,2.275438e-04
3.951000e-01,3.215589e-04
3.952000e-01,4.155740e-04
3.953000e-01,4.392777e-05
3.954000e-01,1.379429e-04
3.955000e-01,2.319579e-04
3.956000e-01,3.259730e-04
3.957000e-01,4.199881e-04
3.958000e-01,4.834192e-05
3.959000e-01,1.423570e-04
3.960000e-01,2.363721e-04
3.961000e-01,3.303872e-04
3.962000e-01,4.244023e-04
3.963000e-01,5.275606e-05
3.964000e-01,1.467711e-04
3.965000e-01,2.407862e-04
3.966000e-01,3.348013e-04
3.967000e-01,3.684488e-05
3.968000e-01,5.717020e-05
3.969000e-01,1.511853e-04
3.970000e-01,2.452004e-04
3.971000e-01,3.392155e-04
3.972000e-01,3.243074e-05
3.973000e-01,6.158435e-05
3.974000e-01,1.555994e-04
3.975000e-01,2.496145e-04
3.976000e-01,3.436296e-04
3.977000e-01,2.801660e-05
3.978000e-01,6.599849e-05
3.979000e-01,1.600136e-04
3.980000e-01,2.540287e-04
3.981000e-01,3.480437e-04
3.982000e-01,2.360245e-05
3.983000e-01,7.041263e-05
3.984000e-01,1.644277e-04
3.985000e-01,2.584428e-04
3.986000e-01,1.132034e-04
3.987000e-01,1.918831e-05
3.988000e-01,7.482677e-05
3.989000e-01,1.688419e-04
3.990000e-01,2.628569e-04
3.991000e-01,1.087893e-04
3.992000e-01,1.477417e-05
3.993000e-01,7.924092e-05
3.994000e-01,1.732560e-04
3.995000e-01,2.672711e-04
3.996000e-01,1.043751e-04
3.997000e-01,1.036003e-05
3.998000e-01,8.365506e-05
3.999000e-01,1.776701e-04
4.000000e-01,2.716852e-04
4.001000e-01,9.996097e-05
4.002000e-01,5.945883e-06
4.003000e-01,8.806920e-05
4.004000e-01,1.820843e-04
4.005000e-01,1.895619e-04
4.006000e-01,9.554683e-05
4.007000e-01,1.531740e-06
4.008000e-01,9.248335e-05
4.009000e-01,1.864984e-04
4.010000e-01,1.851478e-04
4.011000e-01,9.113268e-05
4.012000e-01,2.882402e-06
4.013000e-01,9.689749e-05
4.014000e-01,1.909126e-04
4.015000e-01,1.807336e-04
4.016000e-01,8.671854e-05
4.017000e-01,7.296545e-06
4.018000e-01,1.013116e-04
4.019000e-01,2.703346e-04
4.020000e-01,1.763195e-04
4.021000e-01,8.230440e-05
4.022000e-01,1.171069e-05
4.023000e-01,1.057258e-04
4.024000e-01,2.659204e-04
4.025000e-01,1.719053e-04
4.026000e-01,7.789026e-05
4.027000e-01,1.612483e-05
4.028000e-01,1.101399e-04
4.029000e-01,2.615063e-04
4.030000e-01,1.674912e-04
4.031000e-01,7.347611e-05
4.032000e-01,2.053897e-05
4.033000e-01,1.145541e-04
4.034000e-01,2.570921e-04
4.035000e-01,1.630771e-04
4.036000e-01,6.906197e-05
4.037000e-01,2.495312e-05
4.038000e-01,1.189682e-04
4.039000e-01,2.526780e-04
4.040000e-01,1.586629e-04
4.041000e-01,6.464783e-05
4.042000e-01,2.936726e-05
4.043000e-01,1.233823e-04
4.044000e-01,2.482639e-04
4.045000e-01,1.542488e-04
4.046000e-01,6.023368e-05
4.047000e-01,3.378140e-05
4.048000e-01,1.277965e-04
4.049000e-01,2.438497e-04
4.050000e-01,1.498346e-04
4.051000e-01,5.581954e-05
4.052000e-01,3.819554e-05
4.053000e-01,1.322106e-04
4.054000e-01,2.394356e-04
4.055000e-01,1.454205e-04
4.056000e-01,5.140540e-05
4.057000e-01,4.260969e-05
4.058000e-01,1.366248e-04
4.059000e-01,2.350214e-04
4.060000e-01,1.410063e-04
4.061000e-01,4.699126e-05
4.062000e-01,4.702383e-05
4.063000e-01,1.410389e-04
4.064000e-01,2.306073e-04
4.065000e-01,1.365922e-04
4.066000e-01,4.257711e-05
4.067000e-01,5.143797e-05
4.068000e-01,1.454531e-04
4.069000e-01,2.261931e-04
4.070000e-01,1.321781e-04
4.071000e-01,3.816297e-05
4.072000e-01,5.585212e-05
4.073000e-01,1.498672e-04
4.074000e-01,2.217790e-04
4.075000e-01,1.277639e-04
4.076000e-01,3.374883e-05
4.077000e-01,6.026626e-05
4.078000e-01,1.542813e-04
4.079000e-01,2.173649e-04
4.080000e-01,1.233498e-04
4.081000e-01,2.933468e-05
4.082000e-01,6.468040e-05
4.083000e-01,1.586955e-04
4.084000e-01,2.129507e-04
4.085000e-01,1.189356e-04
4.086000e-01,2.492054e-05
4.087000e-01,6.909454e-05
4.088000e-01,1.631096e-04
4.089000e-01,2.085366e-04
4.090000e-01,1.145215e-04
4.091000e-01,2.050640e-05
4.092000e-01,7.350869e-05
4.093000e-01,1.675238e-04
4.094000e-01,2.041224e-04
4.095000e-01,1.101073e-04
4.096000e-01,1.609226e-05
4.097000e-01,7.792283e-05
4.098000e-01,1.719379e-04
4.099000e-01,1.997083e-04
4.100000e-01,1.056932e-04
4.101000e-01,1.167811e-05
4.102000e-01,8.233697e-05
4.103000e-01,1.763521e-04
4.104000e-01,1.952941e-04
4.105000e-01,1.012791e-04
4.106000e-01,7.263970e-06
4.107000e-01,8.675112e-05
4.108000e-01,1.807662e-04
4.109000e-01,1.908800e-04
4.110000e-01,9.686491e-05
4.111000e-01,2.849828e-06
4.112000e-01,9.116526e-05
4.113000e-01,1.851803e-04
4.114000e-01,1.864659e-04
4.115000e-01,9.245077e-05
4.116000e-01,1.564315e-06
4.117000e-01,9.557940e-05
4.118000e-01,1.895945e-04
4.119000e-01,1.820517e-04
4.120000e-01,8.803663e-05
4.121000e-01,5.978458e-06
4.122000e-01,9.999354e-05
4.123000e-01,1.940086e-04
4.124000e-01,1.776376e-04
4.125000e-01,8.362249e-05
4.126000e-01,1.039260e-05
4.127000e-01,1.044077e-04
4.128000e-01,1.984228e-04
4.129000e-01,1.732234e-04
4.130000e-01,7.920834e-05
4.131000e-01,1.480674e-05
4.132000e-01,1.088218e-04
4.133000e-01,2.028369e-04
4.134000e-01,1.688093e-04
4.135000e-01,7.479420e-05
4.136000e-01,1.922089e-05
4.137000e-01,1.132360e-04
4.138000e-01,2.072511e-04
4.139000e-01,1.643951e-04
4.140000e-01,7.038006e-05
4.141000e-01,2.363503e-05
4.142000e-01,1.176501e-04
4.143000e-01,2.116652e-04
4.144000e-01,1.599810e-04
4.145000e-01,6.596591e-05
4.146000e-01,2.804917e-05
4.147000e-01,1.220643e-04
4.148000e-01,2.160793e-04
4.149000e-01,1.555669e-04
4.150000e-01,6.155177e-05
4.151000e-01,3.246331e-05
4.152000e-01,1.264784e-04
4.153000e-01,2.204935e-04
4.154000e-01,1.511527e-04
4.155000e-01,5.713763e-05
4.156000e-01,3.687746e-05
4.157000e-01,1.308925e-04
4.158000e-01,2.249076e-04
4.159000e-01,1.467386e-04
4.160000e-01,5.272349e-05
4.161000e-01,4.129160e-05
4.162000e-01,1.353067e-04
4.163000e-01,2.293218e-04
4.164000e-01,3.233369e-04
4.165000e-01,4.830934e-05
4.166000e-01,4.570574e-05
4.167000e-01,1.397208e-04
4.168000e-01,2.337359e-04
4.169000e-01,3.277510e-04
4.170000e-01,4.389520e-05
4.171000e-01,5.011989e-05
4.172000e-01,1.441350e-04
4.173000e-01,2.381501e-04
4.174000e-01,3.321651e-04
4.175000e-01,3.948106e-05
4.176000e-01,5.453403e-05
4.177000e-01,1.485491e-04
4.178000e-01,2.425642e-04
4.179000e-01,3.365793e-04
4.180000e-01,3.506691e-05
4.181000e-01,5.894817e-05
4.182000e-01,1.529633e-04
4.183000e-01,2.469783e-04
4.184000e-01,3.409934e-04
4.185000e-01,3.065277e-05
4.186000e-01,6.336231e-05
4.187000e-01,1.573774e-04
4.188000e-01,2.513925e-04
4.189000e-01,3.454076e-04
4.190000e-01,2.623863e-05
4.191000e-01,6.777646e-05
4.192000e-01,1.617915e-04
4.193000e-01,2.558066e-04
4.194000e-01,3.498217e-04
4.195000e-01,2.182449e-05
4.196000e-01,7.219060e-05
4.197000e-01,1.662057e-04
4.198000e-01,2.602208e-04
4.199000e-01,3.542359e-04
4.200000e-01,1.741034e-05
4.201000e-01,7.660474e-05
4.202000e-01,1.706198e-04
4.203000e-01,2.646349e-04
4.204000e-01,3.586500e-04
4.205000e-01,1.299620e-05
4.206000e-01,8.101889e-05
4.207000e-01,1.750340e-04
4.208000e-01,2.690491e-04
4.209000e-01,3.630641e-04
4.210000e-01,8.582058e-06
4.211000e-01,8.543303e-05
4.212000e-01,1.794481e-04
4.213000e-01,2.734632e-04
4.214000e-01,3.674783e-04
4.215000e-01,4.167915e-06
4.216000e-01,8.984717e-05
4.217000e-01,1.838623e-04
4.218000e-01,2.778773e-04
4.219000e-01,3.718924e-04
4.220000e-01,2.462280e-07
4.221000e-01,9.426131e-05
4.222000e-01,1.882764e-04
4.223000e-01,2.822915e-04
4.224000e-01,3.763066e-04
4.225000e-01,4.660371e-06
4.226000e-01,9.867546e-05
4.227000e-01,1.926905e-04
4.228000e-01,2.867056e-04
4.229000e-01,3.807207e-04
4.230000e-01,9.074514e-06
4.231000e-01,1.030896e-04
4.232000e-01,1.971047e-04
4.233000e-01,2.911198e-04
4.234000e-01,3.851349e-04
4.235000e-01,1.348866e-05
4.236000e-01,1.075037e-04
4.237000e-01,2.015188e-04
4.238000e-01,2.955339e-04
4.239000e-01,3.895490e-04
4.240000e-01,1.790280e-05
4.241000e-01,1.119179e-04
4.242000e-01,2.059330e-04
4.243000e-01,2.999481e-04
4.244000e-01,3.939631e-04
4.245000e-01,2.231694e-05
4.246000e-01,1.163320e-04
4.247000e-01,2.103471e-04
4.248000e-01,3.043622e-04
4.249000e-01,3.983773e-04
4.250000e-01,2.673108e-05
4.251000e-01,1.207462e-04
4.252000e-01,2.147613e-04
4.253000e-01,3.087763e-04
4.254000e-01,4.027914e-04
4.255000e-01,3.114523e-05
4.256000e-01,1.251603e-04
4.257000e-01,2.191754e-04
4.258000e-01,3.131905e-04
4.259000e-01,4.072056e-04
4.260000e-01,3.555937e-05
4.261000e-01,1.295745e-04
4.262000e-01,2.235895e-04
4.263000e-01,3.176046e-04
4.264000e-01,4.116197e-04
4.265000e-01,3.997351e-05
4.266000e-01,1.339886e-04
4.267000e-01,2.280037e-04
4.268000e-01,3.220188e-04
4.269000e-01,4.962743e-05
4.270000e-01,4.438766e-05
4.271000e-01,1.384027e-04
4.272000e-01,2.324178e-04
4.273000e-01,3.264329e-04
4.274000e-01,4.521329e-05
4.275000e-01,4.880180e-05
4.276000e-01,1.428169e-04
4.277000e-01,2.368320e-04
4.278000e-01,3.308471e-04
4.279000e-01,4.079914e-05
4.280000e-01,5.321594e-05
4.281000e-01,1.472310e-04
4.282000e-01,2.412461e-04
4.283000e-01,3.352612e-04
4.284000e-01,3.638500e-05
4.285000e-01,5.763008e-05
4.286000e-01,1.516452e-04
4.287000e-01,2.456603e-04
4.288000e-01,1.259859e-04
4.289000e-01,3.197086e-05
4.290000e-01,6.204423e-05
4.291000e-01,1.560593e-04
4.292000e-01,2.500744e-04
4.293000e-01,1.215718e-04
4.294000e-01,2.755672e-05
4.295000e-01,6.645837e-05
4.296000e-01,1.604735e-04
4.297000e-01,2.544885e-04
4.298000e-01,1.171577e-04
4.299000e-01,2.314257e-05
4.300000e-01,7.087251e-05
4.301000e-01,1.648876e-04
4.302000e-01,2.067586e-04
4.303000e-01,1.127435e-04
4.304000e-01,1.872843e-05
4.305000e-01,7.528666e-05
4.306000e-01,1.693017e-04
4.307000e-01,2.023445e-04
4.308000e-01,1.083294e-04
4.309000e-01,1.431429e-05
4.310000e-01,7.970080e-05
4.311000e-01,1.737159e-04
4.312000e-01,1.979303e-04
4.313000e-01,1.039152e-04
4.314000e-01,9.900145e-06
4.315000e-01,8.411494e-05
4.316000e-01,1.781300e-04
4.317000e-01,1.935162e-04
4.318000e-01,9.950109e-05
4.319000e-01,5.486002e-06
4.320000e-01,8.852908e-05
4.321000e-01,2.831171e-04
4.322000e-01,1.891020e-04
4.323000e-01,9.508695e-05
4.324000e-01,1.071859e-06
4.325000e-01,9.294323e-05
4.326000e-01,2.787030e-04
4.327000e-01,1.846879e-04
4.328000e-01,9.067280e-05
4.329000e-01,3.342284e-06
4.330000e-01,9.735737e-05
4.331000e-01,2.742888e-04
4.332000e-01,1.802737e-04
4.333000e-01,8.625866e-05
4.334000e-01,7.756427e-06
4.335000e-01,1.017715e-04
4.336000e-01,2.698747e-04
4.337000e-01,1.758596e-04
4.338000e-01,8.184452e-05
4.339000e-01,1.217057e-05
4.340000e-01,1.061857e-04
4.341000e-01,2.654605e-04
4.342000e-01,1.714455e-04
4.343000e-01,7.743037e-05
4.344000e-01,1.658471e-05
4.345000e-01,1.105998e-04
4.346000e-01,2.610464e-04
4.347000e-01,1.670313e-04
4.348000e-01,7.301623e-05
4.349000e-01,2.099885e-05
4.350000e-01,1.150139e-04
4.351000e-01,2.566323e-04
4.352000e-01,1.626172e-04
4.353000e-01,6.860209e-05
4.354000e-01,2.541300e-05
4.355000e-01,1.194281e-04
4.356000e-01,2.522181e-04
4.357000e-01,1.582030e-04
4.358000e-01,6.418795e-05
4.359000e-01,2.982714e-05
4.360000e-01,1.238422e-04
4.361000e-01,2.478040e-04
4.362000e-01,1.537889e-04
4.363000e-01,5.977380e-05
4.364000e-01,3.424128e-05
4.365000e-01,1.282564e-04
4.366000e-01,2.433898e-04
4.367000e-01,1.493747e-04
4.368000e-01,5.535966e-05
4.369000e-01,3.865543e-05
4.370000e-01,1.326705e-04
4.371000e-01,2.389757e-04
4.372000e-01,1.449606e-04
4.373000e-01,5.094552e-05
4.374000e-01,4.306957e-05
4.375000e-01,1.370847e-04
4.376000e-01,2.345615e-04
4.377000e-01,1.405465e-04
4.378000e-01,4.653137e-05
4.379000e-01,4.748371e-05
4.380000e-01,1.414988e-04
4.381000e-01,2.301474e-04
4.382000e-01,1.361323e-04
4.383000e-01,4.211723e-05
4.384000e-01,5.189785e-05
4.385000e-01,1.459129e-04
4.386000e-01,2.257333e-04
4.387000e-01,1.317182e-04
4.388000e-01,3.770309e-05
4.389000e-01,5.631200e-05
4.390000e-01,1.503271e-04
4.391000e-01,2.213191e-04
4.392000e-01,1.273040e-04
4.393000e-01,3.328895e-05
4.394000e-01,6.072614e-05
4.395000e-01,1.547412e-04
4.396000e-01,2.169050e-04
4.397000e-01,1.228899e-04
4.398000e-01,2.887480e-05
4.399000e-01,6.514028e-05
4.400000e-01,1.591554e-04
4.401000e-01,2.124908e-04
4.402000e-01,1.184757e-04
4.403000e-01,2.446066e-05
4.404000e-01,6.955443e-05
4.405000e-01,1.635695e-04
4.406000e-01,2.080767e-04
4.407000e-01,1.140616e-04
4.408000e-01,2.004652e-05
4.409000e-01,7.396857e-05
4.410000e-01,1.679837e-04
4.411000e-01,2.036625e-04
4.412000e-01,1.096475e-04
4.413000e-01,1.563237e-05
4.414000e-01,7.838271e-05
4.415000e-01,1.723978e-04
4.416000e-01,1.992484e-04
4.417000e-01,1.052333e-04
4.418000e-01,1.121823e-05
4.419000e-01,8.279685e-05
4.420000e-01,1.768119e-04
4.421000e-01,1.948343e-04
4.422000e-01,1.008192e-04
4.423000e-01,6.804089e-06
4.424000e-01,8.721100e-05
4.425000e-01,1.812261e-04
4.426000e-01,1.904201e-04
4.427000e-01,9.640503e-05
4.428000e-01,2.389946e-06
4.429000e-01,9.162514e-05
4.430000e-01,1.856402e-04
4.431000e-01,2.796553e-04
4.432000e-01,9.199089e-05
4.433000e-01,2.024197e-06
4.434000e-01,9.603928e-05
4.435000e-01,1.900544e-04
4.436000e-01,2.840695e-04
4.437000e-01,8.757675e-05
4.438000e-01,6.438339e-06
4.439000e-01,1.004534e-04
4.440000e-01,1.944685e-04
4.441000e-01,2.884836e-04
4.442000e-01,8.316260e-05
4.443000e-01,1.085248e-05
4.444000e-01,1.048676e-04
4.445000e-01,1.988827e-04
4.446000e-01,2.928977e-04
4.447000e-01,7.874846e-05
4.448000e-01,1.526662e-05
4.449000e-01,1.092817e-04
4.450000e-01,2.032968e-04
4.451000e-01,2.973119e-04
4.452000e-01,7.433432e-05
4.453000e-01,1.968077e-05
4.454000e-01,1.136959e-04
4.455000e-01,2.077109e-04
4.456000e-01,3.017260e-04
4.457000e-01,6.992018e-05
4.458000e-01,2.409491e-05
4.459000e-01,1.181100e-04
4.460000e-01,2.121251e-04
4.461000e-01,3.061402e-04
4.462000e-01,6.550603e-05
4.463000e-01,2.850905e-05
4.464000e-01,1.225241e-04
4.465000e-01,2.165392e-04
4.466000e-01,3.105543e-04
4.467000e-01,6.109189e-05
4.468000e-01,3.292320e-05
4.469000e-01,1.269383e-04
4.470000e-01,2.209534e-04
4.471000e-01,3.149685e-04
4.472000e-01,5.667775e-05
4.473000e-01,3.733734e-05
4.474000e-01,1.313524e-04
4.475000e-01,2.253675e-04
4.476000e-01,3.193826e-04
4.477000e-01,5.226360e-05
4.478000e-01,4.175148e-05
4.479000e-01,1.357666e-04
4.480000e-01,2.297817e-04
4.481000e-01,3.237967e-04
4.482000e-01,4.784946e-05
4.483000e-01,4.616562e-05
4.484000e-01,1.401807e-04
4.485000e-01,2.341958e-04
4.486000e-01,3.282109e-04
4.487000e-01,4.343532e-05
4.488000e-01,5.057977e-05
4.489000e-01,1.445949e-04
4.490000e-01,2.386099e-04
4.491000e-01,3.326250e-04
4.492000e-01,3.902118e-05
4.493000e-01,5.499391e-05
4.494000e-01,1.490090e-04
4.495000e-01,2.430241e-04
4.496000e-01,3.370392e-04
4.497000e-01,3.460703e-05
4.498000e-01,5.940805e-05
4.499000e-01,1.534231e-04
4.500000e-01,2.474382e-04
4.501000e-01,3.414533e-04
4.502000e-01,3.019289e-05
4.503000e-01,6.382220e-05
4.504000e-01,1.578373e-04
4.505000e-01,2.518524e-04
4.506000e-01,3.458675e-04
4.507000e-01,2.577875e-05
4.508000e-01,6.823634e-05
4.509000e-01,1.622514e-04
4.510000e-01,2.562665e-04
4.511000e-01,3.502816e-04
4.512000e-01,2.136460e-05
4.513000e-01,7.265048e-05
4.514000e-01,1.666656e-04
4.515000e-01,2.606807e-04
4.516000e-01,3.546957e-04
4.517000e-01,1.695046e-05
4.518000e-01,7.706462e-05
4.519000e-01,1.710797e-04
4.520000e-01,2.650948e-04
4.521000e-01,3.591099e-04
4.522000e-01,1.253632e-05
4.523000e-01,8.147877e-05
4.524000e-01,1.754939e-04
4.525000e-01,2.695089e-04
4.526000e-01,3.635240e-04
4.527000e-01,8.122176e-06
4.528000e-01,8.589291e-05
4.529000e-01,1.799080e-04
4.530000e-01,2.739231e-04
4.531000e-01,3.679382e-04
4.532000e-01,3.708033e-06
4.533000e-01,9.030705e-05
4.534000e-01,1.843221e-04
4.535000e-01,2.783372e-04
4.536000e-01,3.723523e-04
4.537000e-01,7.061094e-07
4.538000e-01,9.472120e-05
4.539000e-01,1.887363e-04
4.540000e-01,2.827514e-04
4.541000e-01,3.767665e-04
4.542000e-01,5.120252e-06
4.543000e-01,9.913534e-05
4.544000e-01,1.931504e-04
4.545000e-01,2.871655e-04
4.546000e-01,3.811806e-04
4.547000e-01,9.534395e-06
4.548000e-01,1.035495e-04
4.549000e-01,1.975646e-04
4.550000e-01,2.915797e-04
4.551000e-01,3.855947e-04
4.552000e-01,1.394854e-05
4.553000e-01,1.079636e-04
4.554000e-01,2.019787e-04
4.555000e-01,2.959938e-04
4.556000e-01,3.900089e-04
4.557000e-01,1.836268e-05
4.558000e-01,1.123778e-04
4.559000e-01,2.063929e-04
4.560000e-01,3.004079e-04
4.561000e-01,3.944230e-04
4.562000e-01,2.277682e-05
4.563000e-01,1.167919e-04
4.564000e-01,2.108070e-04
4.565000e-01,3.048221e-04
4.566000e-01,3.988372e-04
4.567000e-01,2.719097e-05
4.568000e-01,1.212061e-04
4.569000e-01,2.152211e-04
4.570000e-01,3.092362e-04
4.571000e-01,6.240998e-05
4.572000e-01,3.160511e-05
4.573000e-01,1.256202e-04
4.574000e-01,2.196353e-04
4.575000e-01,3.136504e-04
4.576000e-01,5.799583e-05
4.577000e-01,3.601925e-05
4.578000e-01,1.300343e-04
4.579000e-01,2.240494e-04
4.580000e-01,3.180645e-04
4.581000e-01,5.358169e-05
4.582000e-01,4.043339e-05
4.583000e-01,1.344485e-04
4.584000e-01,2.284636e-04
4.585000e-01,1.431826e-04
4.586000e-01,4.916755e-05
4.587000e-01,4.484754e-05
4.588000e-01,1.388626e-04
4.589000e-01,2.328777e-04
4.590000e-01,1.387685e-04
4.591000e-01,4.475341e-05
4.592000e-01,4.926168e-05
4.593000e-01,1.432768e-04
4.594000e-01,2.372919e-04
4.595000e-01,1.343543e-04
4.596000e-01,4.033926e-05
4.597000e-01,5.367582e-05
4.598000e-01,1.476909e-04
4.599000e-01,2.417060e-04
4.600000e-01,1.299402e-04
4.601000e-01,3.592512e-05
4.602000e-01,5.808997e-05
4.603000e-01,1.521051e-04
4.604000e-01,2.195411e-04
4.605000e-01,1.255261e-04
4.606000e-01,3.151098e-05
4.607000e-01,6.250411e-05
4.608000e-01,1.565192e-04
4.609000e-01,2.151270e-04
4.610000e-01,1.211119e-04
4.611000e-01,2.709683e-05
4.612000e-01,6.691825e-05
4.613000e-01,1.609333e-04
4.614000e-01,2.107129e-04
4.615000e-01,1.166978e-04
4.616000e-01,2.268269e-05
4.617000e-01,7.133239e-05
4.618000e-01,3.003138e-04
4.619000e-01,2.062987e-04
4.620000e-01,1.122836e-04
4.621000e-01,1.826855e-05
4.622000e-01,7.574654e-05
4.623000e-01,2.958997e-04
4.624000e-01,2.018846e-04
4.625000e-01,1.078695e-04
4.626000e-01,1.385441e-05
4.627000e-01,8.016068e-05
4.628000e-01,2.914855e-04
4.629000e-01,1.974704e-04
4.630000e-01,1.034553e-04
4.631000e-01,9.440263e-06
4.632000e-01,8.457482e-05
4.633000e-01,2.870714e-04
4.634000e-01,1.930563e-04
4.635000e-01,9.904121e-05
4.636000e-01,5.026121e-06
4.637000e-01,8.898897e-05
4.638000e-01,2.826572e-04
4.639000e-01,1.886421e-04
4.640000e-01,9.462706e-05
4.641000e-01,6.119777e-07
4.642000e-01,9.340311e-05
4.643000e-01,2.782431e-04
4.644000e-01,1.842280e-04
4.645000e-01,9.021292e-05
4.646000e-01,3.802165e-06
4.647000e-01,9.781725e-05
4.648000e-01,2.738290e-04
4.649000e-01,1.798139e-04
4.650000e-01,8.579878e-05
4.651000e-01,8.216308e-06
4.652000e-01,1.022314e-04
4.653000e-01,2.694148e-04
4.654000e-01,1.753997e-04
4.655000e-01,8.138464e-05
4.656000e-01,1.263045e-05
4.657000e-01,1.066455e-04
4.658000e-01,2.650007e-04
4.659000e-01,1.709856e-04
4.660000e-01,7.697049e-05
4.661000e-01,1.704459e-05
4.662000e-01,1.110597e-04
4.663000e-01,2.605865e-04
4.664000e-01,1.665714e-04
4.665000e-01,7.255635e-05
4.666000e-01,2.145874e-05
4.667000e-01,1.154738e-04
4.668000e-01,2.561724e-04
4.669000e-01,1.621573e-04
4.670000e-01,6.814221e-05
4.671000e-01,2.587288e-05
4.672000e-01,1.198880e-04
4.673000e-01,2.517582e-04
4.674000e-01,1.577432e-04
4.675000e-01,6.372806e-05
4.676000e-01,3.028702e-05
4.677000e-01,1.243021e-04
4.678000e-01,2.473441e-04
4.679000e-01,1.533290e-04
4.680000e-01,5.931392e-05
4.681000e-01,3.470116e-05
4.682000e-01,1.287163e-04
4.683000e-01,2.429300e-04
4.684000e-01,1.489149e-04
4.685000e-01,5.489978e-05
4.686000e-01,3.911531e-05
4.687000e-01,1.331304e-04
4.688000e-01,2.385158e-04
4.689000e-01,1.445007e-04
4.690000e-01,5.048564e-05
4.691000e-01,4.352945e-05
4.692000e-01,1.375445e-04
4.693000e-01,2.315596e-04
4.694000e-01,1.400866e-04
4.695000e-01,4.607149e-05
4.696000e-01,4.794359e-05
4.697000e-01,1.419587e-04
4.698000e-01,2.359738e-04
4.699000e-01,1.356724e-04
4.700000e-01,4.165735e-05
4.701000e-01,5.235774e-05
4.702000e-01,1.463728e-04
4.703000e-01,2.403879e-04
4.704000e-01,1.312583e-04
4.705000e-01,3.724321e-05
4.706000e-01,5.677188e-05
4.707000e-01,1.507870e-04
4.708000e-01,2.448021e-04
4.709000e-01,1.268442e-04
4.710000e-01,3.282906e-05
4.711000e-01,6.118602e-05
4.712000e-01,1.552011e-04
4.713000e-01,2.492162e-04
4.714000e-01,1.224300e-04
4.715000e-01,2.841492e-05
4.716000e-01,6.560016e-05
4.717000e-01,1.596153e-04
4.718000e-01,2.536303e-04
4.719000e-01,1.180159e-04
4.720000e-01,2.400078e-05
4.721000e-01,7.001431e-05
4.722000e-01,1.640294e-04
4.723000e-01,2.580445e-04
4.724000e-01,1.136017e-04
4.725000e-01,1.958664e-05
4.726000e-01,7.442845e-05
4.727000e-01,1.684435e-04
4.728000e-01,2.624586e-04
4.729000e-01,1.091876e-04
4.730000e-01,1.517249e-05
4.731000e-01,7.884259e-05
4.732000e-01,1.728577e-04
4.733000e-01,2.668728e-04
4.734000e-01,1.047734e-04
4.735000e-01,1.075835e-05
4.736000e-01,8.325674e-05
4.737000e-01,1.772718e-04
4.738000e-01,2.712869e-04
4.739000e-01,1.003593e-04
4.740000e-01,6.344208e-06
4.741000e-01,8.767088e-05
4.742000e-01,1.816860e-04
4.743000e-01,2.757011e-04
4.744000e-01,9.594515e-05
4.745000e-01,1.930065e-06
4.746000e-01,9.208502e-05
4.747000e-01,1.861001e-04
4.748000e-01,2.801152e-04
4.749000e-01,9.153101e-05
4.750000e-01,2.484078e-06
4.751000e-01,9.649916e-05
4.752000e-01,1.905142e-04
4.753000e-01,2.845293e-04
4.754000e-01,8.711687e-05
4.755000e-01,6.898221e-06
4.756000e-01,1.009133e-04
4.757000e-01,1.949284e-04
4.758000e-01,2.889435e-04
4.759000e-01,8.270272e-05
4.760000e-01,1.131236e-05
4.761000e-01,1.053274e-04
4.762000e-01,1.993425e-04
4.763000e-01,2.933576e-04
4.764000e-01,7.828858e-05
4.765000e-01,1.572651e-05
4.766000e-01,1.097416e-04
4.767000e-01,2.037567e-04
4.768000e-01,2.977718e-04
4.769000e-01,7.387444e-05
4.770000e-01,2.014065e-05
4.771000e-01,1.141557e-04
4.772000e-01,2.081708e-04
4.773000e-01,3.021859e-04
4.774000e-01,6.946029e-05
4.775000e-01,2.455479e-05
4.776000e-01,1.185699e-04
4.777000e-01,2.125850e-04
4.778000e-01,3.066001e-04
4.779000e-01,6.504615e-05
4.780000e-01,2.896893e-05
4.781000e-01,1.229840e-04
4.782000e-01,2.169991e-04
4.783000e-01,3.110142e-04
4.784000e-01,6.063201e-05
4.785000e-01,3.338308e-05
4.786000e-01,1.273982e-04
4.787000e-01,2.214132e-04
4.788000e-01,3.154283e-04
4.789000e-01,5.621787e-05
4.790000e-01,3.779722e-05
4.791000e-01,1.318123e-04
4.792000e-01,2.258274e-04
4.793000e-01,3.198425e-04
4.794000e-01,5.180372e-05
4.795000e-01,4.221136e-05
4.796000e-01,1.362264e-04
4.797000e-01,2.302415e-04
4.798000e-01,3.242566e-04
4.799000e-01,4.738958e-05
4.800000e-01,4.662551e-05
4.801000e-01,1.406406e-04
4.802000e-01,2.346557e-04
4.803000e-01,3.286708e-04
4.804000e-01,4.297544e-05
4.805000e-01,5.103965e-05
4.806000e-01,1.450547e-04
4.807000e-01,2.390698e-04
4.808000e-01,3.330849e-04
4.809000e-01,3.856129e-05
4.810000e-01,5.545379e-05
4.811000e-01,1.494689e-04
4.812000e-01,2.434840e-04
4.813000e-01,3.374990e-04
4.814000e-01,3.414715e-05
4.815000e-01,5.986793e-05
4.816000e-01,1.538830e-04
4.817000e-01,2.478981e-04
4.818000e-01,3.419132e-04
4.819000e-01,2.973301e-05
4.820000e-01,6.428208e-05
4.821000e-01,1.582972e-04
4.822000e-01,2.523122e-04
4.823000e-01,3.463273e-04
4.824000e-01,4.403424e-04
4.825000e-01,6.869622e-05
4.826000e-01,1.627113e-04
4.827000e-01,2.567264e-04
4.828000e-01,3.507415e-04
4.829000e-01,4.447566e-04
4.830000e-01,7.311036e-05
4.831000e-01,1.671254e-04
4.832000e-01,2.611405e-04
4.833000e-01,3.551556e-04
4.834000e-01,4.491707e-04
4.835000e-01,7.752451e-05
4.836000e-01,1.715396e-04
4.837000e-01,2.655547e-04
4.838000e-01,3.595698e-04
4.839000e-01,4.535848e-04
4.840000e-01,8.193865e-05
4.841000e-01,1.759537e-04
4.842000e-01,2.699688e-04
4.843000e-01,3.639839e-04
4.844000e-01,4.579990e-04
4.845000e-01,8.635279e-05
4.846000e-01,1.803679e-04
4.847000e-01,2.743830e-04
4.848000e-01,3.683980e-04
4.849000e-01,4.624131e-04
4.850000e-01,9.076693e-05
4.851000e-01,1.847820e-04
4.852000e-01,2.787971e-04
4.853000e-01,3.728122e-04
4.854000e-01,1.165991e-06
4.855000e-01,9.518108e-05
4.856000e-01,1.891962e-04
4.857000e-01,2.832112e-04
4.858000e-01,3.772263e-04
4.859000e-01,5.580134e-06
4.860000e-01,9.959522e-05
4.861000e-01,1.936103e-04
4.862000e-01,2.876254e-04
4.863000e-01,3.816405e-04
4.864000e-01,9.994276e-06
4.865000e-01,1.040094e-04
4.866000e-01,1.980244e-04
4.867000e-01,2.920395e-04
4.868000e-01,7.960667e-05
4.869000e-01,1.440842e-05
4.870000e-01,1.084235e-04
4.871000e-01,2.024386e-04
4.872000e-01,2.964537e-04
4.873000e-01,7.519252e-05
4.874000e-01,1.882256e-05
4.875000e-01,1.128376e-04
4.876000e-01,2.068527e-04
4.877000e-01,3.008678e-04
4.878000e-01,7.077838e-05
4.879000e-01,2.323670e-05
4.880000e-01,1.172518e-04
4.881000e-01,2.112669e-04
4.882000e-01,3.052820e-04
4.883000e-01,6.636424e-05
4.884000e-01,2.765085e-05
4.885000e-01,1.216659e-04
4.886000e-01,2.156810e-04
4.887000e-01,1.559652e-04
4.888000e-01,6.195010e-05
4.889000e-01,3.206499e-05
4.890000e-01,1.260801e-04
4.891000e-01,2.200952e-04
4.892000e-01,1.515510e-04
4.893000e-01,5.753595e-05
4.894000e-01,3.647913e-05
4.895000e-01,1.304942e-04
4.896000e-01,2.245093e-04
4.897000e-01,1.471369e-04
4.898000e-01,5.312181e-05
4.899000e-01,4.089328e-05
4.900000e-01,1.349084e-04
4.901000e-01,2.367378e-04
4.902000e-01,1.427228e-04
4.903000e-01,4.870767e-05
4.904000e-01,4.530742e-05
4.905000e-01,1.393225e-04
4.906000e-01,2.323237e-04
4.907000e-01,1.383086e-04
4.908000e-01,4.429352e-05
4.909000e-01,4.972156e-05
4.910000e-01,1.437366e-04
4.911000e-01,2.279096e-04
4.912000e-01,1.338945e-04
4.913000e-01,3.987938e-05
4.914000e-01,5.413570e-05
4.915000e-01,1.481508e-04
4.916000e-01,2.234954e-04
4.917000e-01,1.294803e-04
4.918000e-01,3.546524e-05
4.919000e-01,5.854985e-05
4.920000e-01,3.130964e-04
4.921000e-01,2.190813e-04
4.922000e-01,1.250662e-04
4.923000e-01,3.105110e-05
4.924000e-01,6.296399e-05
4.925000e-01,3.086822e-04
4.926000e-01,2.146671e-04
4.927000e-01,1.206520e-04
4.928000e-01,2.663695e-05
4.929000e-01,6.737813e-05
4.930000e-01,3.042681e-04
4.931000e-01,2.102530e-04
4.932000e-01,1.162379e-04
4.933000e-01,2.222281e-05
4.934000e-01,7.179228e-05
4.935000e-01,2.998539e-04
4.936000e-01,2.058388e-04
4.937000e-01,1.118238e-04
4.938000e-01,1.780867e-05
4.939000e-01,7.620642e-05
4.940000e-01,2.954398e-04
4.941000e-01,2.014247e-04
4.942000e-01,1.074096e-04
4.943000e-01,1.339452e-05
4.944000e-01,8.062056e-05
4.945000e-01,2.910256e-04
4.946000e-01,1.970106e-04
4.947000e-01,1.029955e-04
4.948000e-01,8.980382e-06
4.949000e-01,8.503470e-05
4.950000e-01,2.866115e-04
4.951000e-01,1.925964e-04
4.952000e-01,9.858133e-05
4.953000e-01,4.566239e-06
4.954000e-01,8.944885e-05
4.955000e-01,1.834639e-04
4.956000e-01,1.881823e-04
4.957000e-01,9.416718e-05
4.958000e-01,1.520963e-07
4.959000e-01,9.386299e-05
4.960000e-01,1.878781e-04
4.961000e-01,1.837681e-04
4.962000e-01,8.975304e-05
4.963000e-01,4.262046e-06
4.964000e-01,9.827713e-05
4.965000e-01,1.922922e-04
4.966000e-01,1.793540e-04
4.967000e-01,8.533890e-05
4.968000e-01,8.676189e-06
4.969000e-01,1.026913e-04
4.970000e-01,1.967064e-04
4.971000e-01,1.749398e-04
4.972000e-01,8.092475e-05
4.973000e-01,1.309033e-05
4.974000e-01,1.071054e-04
4.975000e-01,2.011205e-04
4.976000e-01,1.705257e-04
4.977000e-01,7.651061e-05
4.978000e-01,1.750447e-05
4.979000e-01,1.115196e-04
4.980000e-01,2.055346e-04
4.981000e-01,1.661116e-04
4.982000e-01,7.209647e-05
4.983000e-01,2.191862e-05
4.984000e-01,1.159337e-04
4.985000e-01,2.099488e-04
4.986000e-01,1.616974e-04
4.987000e-01,6.768233e-05
4.988000e-01,2.633276e-05
4.989000e-01,1.203478e-04
4.990000e-01,2.143629e-04
4.991000e-01,1.572833e-04
4.992000e-01,6.326818e-05
4.993000e-01,3.074690e-05
4.994000e-01,1.247620e-04
4.995000e-01,2.187771e-04
4.996000e-01,1.528691e-04
4.997000e-01,5.885404e-05
4.998000e-01,3.516105e-05
4.999000e-01,1.291761e-04
5.000000e-01,2.231912e-04
5.001000e-01,3.172063e-04
5.002000e-01,4.112214e-04
5.003000e-01,4.260861e-04
5.004000e-01,3.320710e-04
5.005000e-01,2.380559e-04
5.006000e-01,1.440408e-04
5.007000e-01,5.002575e-05
5.008000e-01,4.398933e-05
5.009000e-01,1.380044e-04
5.010000e-01,2.320195e-04
5.011000e-01,3.260346e-04
5.012000e-01,4.200497e-04
5.013000e-01,4.172578e-04
5.014000e-01,3.232427e-04
5.015000e-01,2.292276e-04
5.016000e-01,1.352126e-04
5.017000e-01,4.119747e-05
5.018000e-01,5.281762e-05
5.019000e-01,1.468327e-04
5.020000e-01,2.408478e-04
5.021000e-01,3.348629e-04
5.022000e-01,4.288780e-04
5.023000e-01,5.228930e-04
5.024000e-01,3.144144e-04
5.025000e-01,2.203994e-04
5.026000e-01,1.263843e-04
5.027000e-01,3.236918e-05
5.028000e-01,6.164590e-05
5.029000e-01,1.556610e-04
5.030000e-01,2.496761e-04
5.031000e-01,3.436912e-04
5.032000e-01,4.377062e-04
5.033000e-01,5.317213e-04
5.034000e-01,3.055862e-04
5.035000e-01,2.115711e-04
5.036000e-01,1.175560e-04
5.037000e-01,2.354090e-05
5.038000e-01,7.047419e-05
5.039000e-01,1.644893e-04
5.040000e-01,2.585044e-04
5.041000e-01,3.525194e-04
5.042000e-01,4.465345e-04
5.043000e-01,5.405496e-04
5.044000e-01,2.967579e-04
5.045000e-01,2.027428e-04
5.046000e-01,1.087277e-04
5.047000e-01,1.471261e-05
5.048000e-01,7.930247e-05
5.049000e-01,1.733176e-04
5.050000e-01,2.673326e-04
5.051000e-01,3.613477e-04
5.052000e-01,4.553628e-04
5.053000e-01,5.493779e-04
5.054000e-01,2.879296e-04
5.055000e-01,1.939145e-04
5.056000e-01,9.989941e-05
5.057000e-01,5.884326e-06
5.058000e-01,8.813076e-05
5.059000e-01,1.821458e-04
5.060000e-01,2.761609e-04
5.061000e-01,3.701760e-04
5.062000e-01,4.641911e-04
5.063000e-01,5.582062e-04
5.064000e-01,2.791013e-04
5.065000e-01,1.850862e-04
5.066000e-01,9.107113e-05
5.067000e-01,2.943959e-06
5.068000e-01,9.695905e-05
5.069000e-01,1.909741e-04
5.070000e-01,2.849892e-04
5.071000e-01,3.790043e-04
5.072000e-01,4.730194e-04
5.073000e-01,5.670345e-04
5.074000e-01,2.702730e-04
5.075000e-01,1.762579e-04
5.076000e-01,8.224284e-05
5.077000e-01,1.177224e-05
5.078000e-01,1.057873e-04
5.079000e-01,1.998024e-04
5.080000e-01,2.938175e-04
5.081000e-01,3.878326e-04
5.082000e-01,4.818477e-04
5.083000e-01,5.758628e-04
5.084000e-01,2.614447e-04
5.085000e-01,1.674296e-04
5.086000e-01,7.341456e-05
5.087000e-01,2.060053e-05
5.088000e-01,1.146156e-04
5.089000e-01,2.086307e-04
5.090000e-01,3.026458e-04
5.091000e-01,3.966609e-04
5.092000e-01,4.906760e-04
5.093000e-01,5.846910e-04
5.094000e-01,2.526164e-04
5.095000e-01,1.586014e-04
5.096000e-01,6.458627e-05
5.097000e-01,2.942882e-05
5.098000e-01,1.234439e-04
5.099000e-01,2.174590e-04
5.100000e-01,3.114741e-04
5.101000e-01,4.054892e-04
5.102000e-01,4.995042e-04
5.103000e-01,5.935193e-04
5.104000e-01,2.437882e-04
5.105000e-01,1.497731e-04
5.106000e-01,5.575798e-05
5.107000e-01,3.825710e-05
5.108000e-01,1.322722e-04
5.109000e-01,2.262873e-04
5.110000e-01,3.203024e-04
5.111000e-01,4.143174e-04
5.112000e-01,5.083325e-04
5.113000e-01,6.023476e-04
5.114000e-01,2.349599e-04
5.115000e-01,1.409448e-04
5.116000e-01,4.692970e-05
5.117000e-01,4.708539e-05
5.118000e-01,1.411005e-04
5.119000e-01,2.351156e-04
5.120000e-01,3.291306e-04
5.121000e-01,4.231457e-04
5.122000e-01,5.171608e-04
5.123000e-01,1.455146e-04
5.124000e-01,2.261316e-04
5.125000e-01,1.321165e-04
5.126000e-01,3.810141e-05
5.127000e-01,5.591367e-05
5.128000e-01,1.499288e-04
5.129000e-01,2.439438e-04
5.130000e-01,3.379589e-04
5.131000e-01,4.319740e-04
5.132000e-01,5.259891e-04
5.133000e-01,1.543429e-04
5.134000e-01,2.173033e-04
5.135000e-01,1.232882e-04
5.136000e-01,2.927313e-05
5.137000e-01,6.474196e-05
5.138000e-01,1.587570e-04
5.139000e-01,2.527721e-04
5.140000e-01,3.467872e-04
5.141000e-01,4.408023e-04
5.142000e-01,6.915610e-05
5.143000e-01,1.631712e-04
5.144000e-01,2.084750e-04
5.145000e-01,1.144599e-04
5.146000e-01,2.044484e-05
5.147000e-01,7.357024e-05
5.148000e-01,1.675853e-04
5.149000e-01,2.616004e-04
5.150000e-01,3.556155e-04
5.151000e-01,1.603070e-05
5.152000e-01,7.798439e-05
5.153000e-01,1.719995e-04
5.154000e-01,2.660146e-04
5.155000e-01,1.056316e-04
5.156000e-01,1.161656e-05
5.157000e-01,8.239853e-05
5.158000e-01,1.764136e-04
5.159000e-01,2.704287e-04
5.160000e-01,3.644438e-04
5.161000e-01,7.202413e-06
5.162000e-01,8.681267e-05
5.163000e-01,1.808278e-04
5.164000e-01,2.748428e-04
5.165000e-01,9.680336e-05
5.166000e-01,2.788271e-06
5.167000e-01,9.122682e-05
5.168000e-01,1.852419e-04
5.169000e-01,2.792570e-04
5.170000e-01,9.238921e-05
5.171000e-01,1.625872e-06
5.172000e-01,9.564096e-05
5.173000e-01,1.896560e-04
5.174000e-01,2.836711e-04
5.175000e-01,8.797507e-05
5.176000e-01,6.040015e-06
5.177000e-01,1.000551e-04
5.178000e-01,1.940702e-04
5.179000e-01,2.880853e-04
5.180000e-01,8.356093e-05
5.181000e-01,1.045416e-05
5.182000e-01,1.044692e-04
5.183000e-01,1.984843e-04
5.184000e-01,2.924994e-04
5.185000e-01,7.914679e-05
5.186000e-01,1.486830e-05
5.187000e-01,1.088834e-04
5.188000e-01,2.028985e-04
5.189000e-01,1.687477e-04
5.190000e-01,7.473264e-05
5.191000e-01,1.928244e-05
5.192000e-01,1.132975e-04
5.193000e-01,2.073126e-04
5.194000e-01,3.013277e-04
5.195000e-01,7.031850e-05
5.196000e-01,2.369659e-05
5.197000e-01,1.177117e-04
5.198000e-01,2.117268e-04
5.199000e-01,1.599194e-04
5.200000e-01,6.590436e-05
5.201000e-01,2.811073e-05
5.202000e-01,1.221258e-04
5.203000e-01,2.161409e-04
5.204000e-01,3.101560e-04
5.205000e-01,6.149021e-05
5.206000e-01,3.252487e-05
5.207000e-01,1.265400e-04
5.208000e-01,2.451062e-04
5.209000e-01,1.510912e-04
5.210000e-01,5.707607e-05
5.211000e-01,3.693901e-05
5.212000e-01,1.309541e-04
5.213000e-01,2.249692e-04
5.214000e-01,3.189843e-04
5.215000e-01,5.266193e-05
5.216000e-01,4.135316e-05
5.217000e-01,3.302930e-04
5.218000e-01,2.362780e-04
5.219000e-01,1.422629e-04
5.220000e-01,4.824779e-05
5.221000e-01,4.576730e-05
5.222000e-01,1.397824e-04
5.223000e-01,2.337975e-04
5.224000e-01,3.278126e-04
5.225000e-01,4.383364e-05
5.226000e-01,5.018144e-05
5.227000e-01,3.214648e-04
5.228000e-01,2.274497e-04
5.229000e-01,1.334346e-04
5.230000e-01,3.941950e-05
5.231000e-01,5.459559e-05
5.232000e-01,1.486107e-04
5.233000e-01,2.426258e-04
5.234000e-01,3.366408e-04
5.235000e-01,3.500536e-05
5.236000e-01,4.066516e-04
5.237000e-01,3.126365e-04
5.238000e-01,2.186214e-04
5.239000e-01,1.246063e-04
5.240000e-01,3.059121e-05
5.241000e-01,6.342387e-05
5.242000e-01,1.574390e-04
5.243000e-01,2.514540e-04
5.244000e-01,3.454691e-04
5.245000e-01,2.617707e-05
5.246000e-01,3.978233e-04
5.247000e-01,3.038082e-04
5.248000e-01,2.097931e-04
5.249000e-01,1.157780e-04
5.250000e-01,2.176293e-05
5.251000e-01,7.225216e-05
5.252000e-01,1.662672e-04
5.253000e-01,2.602823e-04
5.254000e-01,3.542974e-04
5.255000e-01,4.830101e-04
5.256000e-01,3.889950e-04
5.257000e-01,2.949799e-04
5.258000e-01,2.009648e-04
5.259000e-01,1.069497e-04
5.260000e-01,1.293464e-05
5.261000e-01,8.108044e-05
5.262000e-01,1.750955e-04
5.263000e-01,2.691106e-04
5.264000e-01,3.631257e-04
5.265000e-01,4.741818e-04
5.266000e-01,3.801667e-04
5.267000e-01,2.861516e-04
5.268000e-01,1.921365e-04
5.269000e-01,9.812144e-05
5.270000e-01,4.106358e-06
5.271000e-01,8.990873e-05
5.272000e-01,1.839238e-04
5.273000e-01,2.779389e-04
5.274000e-01,3.719540e-04
5.275000e-01,4.653535e-04
5.276000e-01,3.713384e-04
5.277000e-01,2.773233e-04
5.278000e-01,1.833082e-04
5.279000e-01,8.929316e-05
5.280000e-01,4.721928e-06
5.281000e-01,9.873701e-05
5.282000e-01,1.927521e-04
5.283000e-01,2.867672e-04
5.284000e-01,3.807823e-04
5.285000e-01,4.565252e-04
5.286000e-01,3.625101e-04
5.287000e-01,2.684950e-04
5.288000e-01,1.744800e-04
5.289000e-01,8.046487e-05
5.290000e-01,1.355021e-05
5.291000e-01,1.075653e-04
5.292000e-01,2.015804e-04
5.293000e-01,2.955955e-04
5.294000e-01,3.896106e-04
5.295000e-01,4.836256e-04
5.296000e-01,3.536818e-04
5.297000e-01,2.596668e-04
5.298000e-01,1.656517e-04
5.299000e-01,7.163659e-05
5.300000e-01,2.237850e-05
5.301000e-01,1.163936e-04
5.302000e-01,2.104087e-04
5.303000e-01,3.044238e-04
5.304000e-01,3.984388e-04
5.305000e-01,4.924539e-04
5.306000e-01,3.448536e-04
5.307000e-01,2.508385e-04
5.308000e-01,1.568234e-04
5.309000e-01,6.280830e-05
5.310000e-01,3.120678e-05
5.311000e-01,1.252219e-04
5.312000e-01,2.192370e-04
5.313000e-01,3.132520e-04
5.314000e-01,4.072671e-04
5.315000e-01,5.012822e-04
5.316000e-01,3.360253e-04
5.317000e-01,2.420102e-04
5.318000e-01,1.479951e-04
5.319000e-01,5.398002e-05
5.320000e-01,4.003507e-05
5.321000e-01,1.340502e-04
5.322000e-01,2.280652e-04
5.323000e-01,3.220803e-04
5.324000e-01,4.160954e-04
5.325000e-01,5.101105e-04
5.326000e-01,3.271970e-04
5.327000e-01,2.331819e-04
5.328000e-01,1.391668e-04
5.329000e-01,4.515173e-05
5.330000e-01,4.886336e-05
5.331000e-01,1.428784e-04
5.332000e-01,2.368935e-04
5.333000e-01,3.309086e-04
5.334000e-01,4.249237e-04
5.335000e-01,5.189388e-04
5.336000e-01,3.183687e-04
5.337000e-01,2.243536e-04
5.338000e-01,1.303385e-04
5.339000e-01,3.632344e-05
5.340000e-01,5.769164e-05
5.341000e-01,1.517067e-04
5.342000e-01,2.457218e-04
5.343000e-01,3.397369e-04
5.344000e-01,4.337520e-04
5.345000e-01,5.277671e-04
5.346000e-01,3.095404e-04
5.347000e-01,2.155253e-04
5.348000e-01,1.215102e-04
5.349000e-01,2.749516e-05
5.350000e-01,6.651993e-05
5.351000e-01,1.605350e-04
5.352000e-01,2.545501e-04
5.353000e-01,3.485652e-04
5.354000e-01,4.425803e-04
5.355000e-01,5.365954e-04
5.356000e-01,3.007121e-04
5.357000e-01,2.066970e-04
5.358000e-01,1.126820e-04
5.359000e-01,1.866687e-05
5.360000e-01,7.534821e-05
5.361000e-01,1.693633e-04
5.362000e-01,2.633784e-04
5.363000e-01,3.573935e-04
5.364000e-01,4.514086e-04
5.365000e-01,5.454236e-04
5.366000e-01,2.918838e-04
5.367000e-01,1.978688e-04
5.368000e-01,1.038537e-04
5.369000e-01,9.838588e-06
5.370000e-01,8.417650e-05
5.371000e-01,1.781916e-04
5.372000e-01,2.722067e-04
5.373000e-01,3.662218e-04
5.374000e-01,4.602368e-04
5.375000e-01,5.542519e-04
5.376000e-01,2.830556e-04
5.377000e-01,1.890405e-04
5.378000e-01,9.502539e-05
5.379000e-01,1.010302e-06
5.380000e-01,9.300478e-05
5.381000e-01,1.870199e-04
5.382000e-01,2.810350e-04
5.383000e-01,3.750500e-04
5.384000e-01,4.690651e-04
5.385000e-01,5.630802e-04
5.386000e-01,2.742273e-04
5.387000e-01,1.802122e-04
5.388000e-01,8.619710e-05
5.389000e-01,7.817984e-06
5.390000e-01,1.018331e-04
5.391000e-01,1.958482e-04
5.392000e-01,2.898632e-04
5.393000e-01,3.838783e-04
5.394000e-01,4.778934e-04
5.395000e-01,5.719085e-04
5.396000e-01,2.653990e-04
5.397000e-01,1.713839e-04
5.398000e-01,7.736882e-05
5.399000e-01,1.664627e-05
5.400000e-01,1.106614e-04
5.401000e-01,2.046764e-04
5.402000e-01,2.986915e-04
5.403000e-01,3.927066e-04
5.404000e-01,4.867217e-04
5.405000e-01,5.807368e-04
5.406000e-01,2.565707e-04
5.407000e-01,1.625556e-04
5.408000e-01,6.854053e-05
5.409000e-01,2.547455e-05
5.410000e-01,1.194896e-04
5.411000e-01,2.135047e-04
5.412000e-01,3.075198e-04
5.413000e-01,4.015349e-04
5.414000e-01,4.955500e-04
5.415000e-01,5.895651e-04
5.416000e-01,2.477424e-04
5.417000e-01,1.537273e-04
5.418000e-01,5.971225e-05
5.419000e-01,3.430284e-05
5.420000e-01,1.283179e-04
5.421000e-01,2.223330e-04
5.422000e-01,3.163481e-04
5.423000e-01,4.103632e-04
5.424000e-01,5.043783e-04
5.425000e-01,1.327321e-04
5.426000e-01,2.267472e-04
5.427000e-01,1.448990e-04
5.428000e-01,5.088396e-05
5.429000e-01,4.313113e-05
5.430000e-01,1.371462e-04
5.431000e-01,2.311613e-04
5.432000e-01,3.251764e-04
5.433000e-01,4.191915e-04
5.434000e-01,4.754527e-05
5.435000e-01,1.415604e-04
5.436000e-01,2.355754e-04
5.437000e-01,1.360708e-04
5.438000e-01,4.205567e-05
5.439000e-01,5.195941e-05
5.440000e-01,1.459745e-04
5.441000e-01,2.399896e-04
5.442000e-01,3.340047e-04
5.443000e-01,4.280198e-04
5.444000e-01,5.637355e-05
5.445000e-01,1.503886e-04
5.446000e-01,2.444037e-04
5.447000e-01,1.272425e-04
5.448000e-01,3.322739e-05
5.449000e-01,6.078770e-05
5.450000e-01,1.548028e-04
5.451000e-01,2.488179e-04
5.452000e-01,3.428330e-04
5.453000e-01,2.881325e-05
5.454000e-01,6.520184e-05
5.455000e-01,1.592169e-04
5.456000e-01,2.532320e-04
5.457000e-01,1.184142e-04
5.458000e-01,2.439910e-05
5.459000e-01,6.961598e-05
5.460000e-01,1.636311e-04
5.461000e-01,2.576462e-04
5.462000e-01,3.516612e-04
5.463000e-01,1.998496e-05
5.464000e-01,7.403013e-05
5.465000e-01,1.680452e-04
5.466000e-01,2.620603e-04
5.467000e-01,1.095859e-04
5.468000e-01,1.557082e-05
5.469000e-01,7.844427e-05
5.470000e-01,1.724594e-04
5.471000e-01,2.664744e-04
5.472000e-01,1.051718e-04
5.473000e-01,1.115667e-05
5.474000e-01,8.285841e-05
5.475000e-01,1.768735e-04
5.476000e-01,2.708886e-04
5.477000e-01,1.007576e-04
5.478000e-01,6.742532e-06
5.479000e-01,8.727255e-05
5.480000e-01,1.812876e-04
5.481000e-01,2.753027e-04
5.482000e-01,9.634348e-05
5.483000e-01,2.328389e-06
5.484000e-01,9.168670e-05
5.485000e-01,1.857018e-04
5.486000e-01,2.797169e-04
5.487000e-01,9.192933e-05
5.488000e-01,2.085754e-06
5.489000e-01,9.610084e-05
5.490000e-01,1.901159e-04
5.491000e-01,1.815303e-04
5.492000e-01,8.751519e-05
5.493000e-01,6.499896e-06
5.494000e-01,1.005150e-04
5.495000e-01,1.945301e-04
5.496000e-01,2.885452e-04
5.497000e-01,8.310105e-05
5.498000e-01,1.091404e-05
5.499000e-01,1.049291e-04
5.500000e-01,1.989442e-04
5.501000e-01,1.727020e-04
5.502000e-01,7.868690e-05
5.503000e-01,1.532818e-05
5.504000e-01,1.093433e-04
5.505000e-01,2.033584e-04
5.506000e-01,2.973734e-04
5.507000e-01,7.427276e-05
5.508000e-01,1.974232e-05
5.509000e-01,1.137574e-04
5.510000e-01,2.578888e-04
5.511000e-01,1.638737e-04
5.512000e-01,6.985862e-05
5.513000e-01,2.415647e-05
5.514000e-01,1.181716e-04
5.515000e-01,2.121866e-04
5.516000e-01,3.062017e-04
5.517000e-01,6.544448e-05
5.518000e-01,2.857061e-05
5.519000e-01,3.430756e-04
5.520000e-01,2.490605e-04
5.521000e-01,1.550454e-04
5.522000e-01,6.103033e-05
5.523000e-01,3.298475e-05
5.524000e-01,1.269998e-04
5.525000e-01,2.210149e-04
5.526000e-01,3.150300e-04
5.527000e-01,5.661619e-05
5.528000e-01,3.739890e-05
5.529000e-01,3.342473e-04
5.530000e-01,2.402322e-04
5.531000e-01,1.462171e-04
5.532000e-01,5.220205e-05
5.533000e-01,4.181304e-05
5.534000e-01,1.358281e-04
5.535000e-01,2.298432e-04
5.536000e-01,3.238583e-04
5.537000e-01,4.778790e-05
5.538000e-01,4.194341e-04
5.539000e-01,3.254190e-04
5.540000e-01,2.314039e-04
5.541000e-01,1.373888e-04
5.542000e-01,4.337376e-05
5.543000e-01,5.064132e-05
5.544000e-01,1.446564e-04
5.545000e-01,2.386715e-04
5.546000e-01,3.326866e-04
5.547000e-01,3.895962e-05
5.548000e-01,4.106058e-04
5.549000e-01,3.165907e-04
5.550000e-01,2.225756e-04
5.551000e-01,1.285606e-04
5.552000e-01,3.454548e-05
5.553000e-01,5.946961e-05
5.554000e-01,1.534847e-04
5.555000e-01,2.474998e-04
5.556000e-01,3.415149e-04
5.557000e-01,4.355300e-04
5.558000e-01,4.017775e-04
5.559000e-01,3.077624e-04
5.560000e-01,2.137474e-04
5.561000e-01,1.197323e-04
5.562000e-01,2.571719e-05
5.563000e-01,6.829790e-05
5.564000e-01,1.623130e-04
5.565000e-01,2.563281e-04
5.566000e-01,3.503432e-04
5.567000e-01,4.443582e-04
5.568000e-01,3.929492e-04
5.569000e-01,2.989342e-04
5.570000e-01,2.049191e-04
5.571000e-01,1.109040e-04
5.572000e-01,1.688890e-05
5.573000e-01,7.712618e-05
5.574000e-01,1.711413e-04
5.575000e-01,2.651564e-04
5.576000e-01,3.591714e-04
5.577000e-01,4.531865e-04
5.578000e-01,3.841210e-04
5.579000e-01,2.901059e-04
5.580000e-01,1.960908e-04
5.581000e-01,1.020757e-04
5.582000e-01,8.060619e-06
5.583000e-01,8.595447e-05
5.584000e-01,1.799696e-04
5.585000e-01,2.739846e-04
5.586000e-01,3.679997e-04
5.587000e-01,4.620148e-04
5.588000e-01,3.752927e-04
5.589000e-01,2.812776e-04
5.590000e-01,1.872625e-04
5.591000e-01,9.324742e-05
5.592000e-01,7.676664e-07
5.593000e-01,9.478275e-05
5.594000e-01,1.887978e-04
5.595000e-01,2.828129e-04
5.596000e-01,3.768280e-04
5.597000e-01,4.708431e-04
5.598000e-01,3.664644e-04
5.599000e-01,2.724493e-04
5.600000e-01,1.784342e-04
5.601000e-01,8.441913e-05
5.602000e-01,9.595952e-06
5.603000e-01,1.036110e-04
5.604000e-01,1.976261e-04
5.605000e-01,2.916412e-04
5.606000e-01,3.856563e-04
5.607000e-01,4.796714e-04
5.608000e-01,3.576361e-04
5.609000e-01,2.636210e-04
5.610000e-01,1.696059e-04
5.611000e-01,7.559085e-05
5.612000e-01,1.842424e-05
5.613000e-01,1.124393e-04
5.614000e-01,2.064544e-04
5.615000e-01,3.004695e-04
5.616000e-01,3.944846e-04
5.617000e-01,4.884997e-04
5.618000e-01,3.488078e-04
5.619000e-01,2.547927e-04
5.620000e-01,1.607776e-04
5.621000e-01,6.676256e-05
5.622000e-01,2.725252e-05
5.623000e-01,1.212676e-04
5.624000e-01,2.152827e-04
5.625000e-01,3.092978e-04
5.626000e-01,4.033129e-04
5.627000e-01,4.973280e-04
5.628000e-01,3.399795e-04
5.629000e-01,2.459644e-04
5.630000e-01,1.519494e-04
5.631000e-01,5.793428e-05
5.632000e-01,3.608081e-05
5.633000e-01,1.300959e-04
5.634000e-01,2.241110e-04
5.635000e-01,3.181261e-04
5.636000e-01,4.121412e-04
5.637000e-01,5.061562e-04
5.638000e-01,3.311512e-04
5.639000e-01,2.371362e-04
5.640000e-01,1.431211e-04
5.641000e-01,4.910599e-05
5.642000e-01,4.490909e-05
5.643000e-01,1.389242e-04
5.644000e-01,2.329393e-04
5.645000e-01,3.269544e-04
5.646000e-01,4.209694e-04
5.647000e-01,5.149845e-04
5.648000e-01,3.223230e-04
5.649000e-01,2.283079e-04
5.650000e-01,1.342928e-04
5.651000e-01,4.027771e-05
5.652000e-01,5.373738e-05
5.653000e-01,1.477525e-04
5.654000e-01,2.417676e-04
5.655000e-01,3.357826e-04
5.656000e-01,4.297977e-04
5.657000e-01,5.238128e-04
5.658000e-01,3.134947e-04
5.659000e-01,2.194796e-04
5.660000e-01,1.254645e-04
5.661000e-01,3.144942e-05
5.662000e-01,6.256567e-05
5.663000e-01,1.565808e-04
5.664000e-01,2.505958e-04
5.665000e-01,3.446109e-04
5.666000e-01,4.386260e-04
5.667000e-01,5.326411e-04
5.668000e-01,3.046664e-04
5.669000e-01,2.106513e-04
5.670000e-01,1.166362e-04
5.671000e-01,2.262113e-05
5.672000e-01,7.139395e-05
5.673000e-01,1.654090e-04
5.674000e-01,2.594241e-04
5.675000e-01,3.534392e-04
5.676000e-01,4.474543e-04
5.677000e-01,5.414694e-04
5.678000e-01,2.958381e-04
5.679000e-01,2.018230e-04
5.680000e-01,1.078079e-04
5.681000e-01,1.379285e-05
5.682000e-01,8.022224e-05
5.683000e-01,1.742373e-04
5.684000e-01,2.682524e-04
5.685000e-01,3.622675e-04
5.686000e-01,4.562826e-04
5.687000e-01,5.502977e-04
5.688000e-01,6.443128e-04
5.689000e-01,1.929947e-04
5.690000e-01,9.897965e-05
5.691000e-01,4.964564e-06
5.692000e-01,8.905052e-05
5.693000e-01,1.830656e-04
5.694000e-01,2.770807e-04
5.695000e-01,3.710958e-04
5.696000e-01,4.651109e-04
5.697000e-01,5.591260e-04
5.698000e-01,6.531410e-04
5.699000e-01,1.841664e-04
5.700000e-01,9.015136e-05
5.701000e-01,3.863722e-06
5.702000e-01,9.787881e-05
5.703000e-01,1.918939e-04
5.704000e-01,2.859090e-04
5.705000e-01,3.799241e-04
5.706000e-01,4.739392e-04
5.707000e-01,5.679542e-04
5.708000e-01,1.963080e-04
5.709000e-01,1.753382e-04
5.710000e-01,8.132308e-05
5.711000e-01,1.269201e-05
5.712000e-01,1.067071e-04
5.713000e-01,2.007222e-04
5.714000e-01,2.947373e-04
5.715000e-01,3.887524e-04
5.716000e-01,4.827674e-04
5.717000e-01,1.111212e-04
5.718000e-01,2.051363e-04
5.719000e-01,1.665099e-04
5.720000e-01,7.249479e-05
5.721000e-01,2.152029e-05
5.722000e-01,1.155354e-04
5.723000e-01,2.095505e-04
5.724000e-01,3.035656e-04
5.725000e-01,3.975806e-04
5.726000e-01,4.915957e-04
5.727000e-01,1.199495e-04
5.728000e-01,2.139646e-04
5.729000e-01,1.576816e-04
5.730000e-01,6.366651e-05
5.731000e-01,3.034858e-05
5.732000e-01,1.243637e-04
5.733000e-01,2.183788e-04
5.734000e-01,3.123938e-04
5.735000e-01,4.064089e-04
5.736000e-01,3.476272e-05
5.737000e-01,1.287778e-04
5.738000e-01,2.227929e-04
5.739000e-01,1.488533e-04
5.740000e-01,5.483822e-05
5.741000e-01,3.917686e-05
5.742000e-01,1.331920e-04
5.743000e-01,2.272070e-04
5.744000e-01,3.212221e-04
5.745000e-01,4.152372e-04
5.746000e-01,4.359101e-05
5.747000e-01,1.376061e-04
5.748000e-01,2.316212e-04
5.749000e-01,1.400250e-04
5.750000e-01,4.600994e-05
5.751000e-01,4.800515e-05
5.752000e-01,1.420202e-04
5.753000e-01,2.360353e-04
5.754000e-01,3.300504e-04
5.755000e-01,4.159579e-05
5.756000e-01,5.241929e-05
5.757000e-01,1.464344e-04
5.758000e-01,2.404495e-04
5.759000e-01,1.311967e-04
5.760000e-01,3.718165e-05
5.761000e-01,5.683344e-05
5.762000e-01,1.508485e-04
5.763000e-01,2.448636e-04
5.764000e-01,3.388787e-04
5.765000e-01,3.276751e-05
5.766000e-01,6.124758e-05
5.767000e-01,1.552627e-04
5.768000e-01,2.492778e-04
5.769000e-01,1.223685e-04
5.770000e-01,2.835336e-05
5.771000e-01,6.566172e-05
5.772000e-01,1.596768e-04
5.773000e-01,2.536919e-04
5.774000e-01,1.179543e-04
5.775000e-01,2.393922e-05
5.776000e-01,7.007586e-05
5.777000e-01,1.640910e-04
5.778000e-01,2.581060e-04
5.779000e-01,1.135402e-04
5.780000e-01,1.952508e-05
5.781000e-01,7.449001e-05
5.782000e-01,1.685051e-04
5.783000e-01,2.625202e-04
5.784000e-01,1.091260e-04
5.785000e-01,1.511094e-05
5.786000e-01,7.890415e-05
5.787000e-01,1.729192e-04
5.788000e-01,2.669343e-04
5.789000e-01,1.047119e-04
5.790000e-01,1.069679e-05
5.791000e-01,8.331829e-05
5.792000e-01,1.773334e-04
5.793000e-01,1.943128e-04
5.794000e-01,1.002977e-04
5.795000e-01,6.282651e-06
5.796000e-01,8.773244e-05
5.797000e-01,1.817475e-04
5.798000e-01,2.757626e-04
5.799000e-01,9.588359e-05
5.800000e-01,1.868508e-06
5.801000e-01,9.214658e-05
5.802000e-01,2.794996e-04
5.803000e-01,1.854845e-04
5.804000e-01,9.146945e-05
5.805000e-01,2.545635e-06
5.806000e-01,9.656072e-05
5.807000e-01,1.905758e-04
5.808000e-01,2.845909e-04
5.809000e-01,8.705531e-05
5.810000e-01,6.959778e-06
5.811000e-01,1.009749e-04
5.812000e-01,2.706713e-04
5.813000e-01,1.766563e-04
5.814000e-01,8.264117e-05
5.815000e-01,1.137392e-05
5.816000e-01,1.053890e-04
5.817000e-01,1.994041e-04
5.818000e-01,2.934192e-04
5.819000e-01,3.874343e-04
5.820000e-01,1.578806e-05
5.821000e-01,3.558581e-04
5.822000e-01,2.618431e-04
5.823000e-01,1.678280e-04
5.824000e-01,7.381288e-05
5.825000e-01,2.020221e-05
5.826000e-01,1.142173e-04
5.827000e-01,2.082324e-04
5.828000e-01,3.022475e-04
5.829000e-01,3.962626e-04
5.830000e-01,2.461635e-05
5.831000e-01,3.470299e-04
5.832000e-01,2.530148e-04
5.833000e-01,1.589997e-04
5.834000e-01,6.498459e-05
5.835000e-01,2.903049e-05
5.836000e-01,1.230456e-04
5.837000e-01,2.170607e-04
5.838000e-01,3.110757e-04
5.839000e-01,4.050908e-04
5.840000e-01,4.322167e-04
5.841000e-01,3.382016e-04
5.842000e-01,2.441865e-04
5.843000e-01,1.501714e-04
5.844000e-01,5.615631e-05
5.845000e-01,3.785878e-05
5.846000e-01,1.318739e-04
5.847000e-01,2.258889e-04
5.848000e-01,3.199040e-04
5.849000e-01,4.139191e-04
5.850000e-01,4.233884e-04
5.851000e-01,3.293733e-04
5.852000e-01,2.353582e-04
5.853000e-01,1.413431e-04
5.854000e-01,4.732802e-05
5.855000e-01,4.668706e-05
5.856000e-01,1.407021e-04
5.857000e-01,2.347172e-04
5.858000e-01,3.287323e-04
5.859000e-01,4.227474e-04
5.860000e-01,4.145601e-04
5.861000e-01,3.205450e-04
5.862000e-01,2.265299e-04
5.863000e-01,1.325148e-04
5.864000e-01,3.849974e-05
5.865000e-01,5.551535e-05
5.866000e-01,1.495304e-04
5.867000e-01,2.435455e-04
5.868000e-01,3.375606e-04
5.869000e-01,4.315757e-04
5.870000e-01,4.057318e-04
5.871000e-01,3.117167e-04
5.872000e-01,2.177016e-04
5.873000e-01,1.236865e-04
5.874000e-01,2.967145e-05
5.875000e-01,6.434363e-05
5.876000e-01,1.583587e-04
5.877000e-01,2.523738e-04
5.878000e-01,3.463889e-04
5.879000e-01,4.404040e-04
5.880000e-01,3.969035e-04
5.881000e-01,3.028884e-04
5.882000e-01,2.088733e-04
5.883000e-01,1.148583e-04
5.884000e-01,2.084317e-05
5.885000e-01,7.317192e-05
5.886000e-01,1.671870e-04
5.887000e-01,2.612021e-04
5.888000e-01,3.552172e-04
5.889000e-01,4.492323e-04
5.890000e-01,3.880752e-04
5.891000e-01,2.940601e-04
5.892000e-01,2.000451e-04
5.893000e-01,1.060300e-04
5.894000e-01,1.201488e-05
5.895000e-01,8.200021e-05
5.896000e-01,1.760153e-04
5.897000e-01,2.700304e-04
5.898000e-01,3.640455e-04
5.899000e-01,4.580605e-04
5.900000e-01,3.792469e-04
5.901000e-01,2.852319e-04
5.902000e-01,1.912168e-04
5.903000e-01,9.720168e-05
5.904000e-01,3.186595e-06
5.905000e-01,9.082849e-05
5.906000e-01,1.848436e-04
5.907000e-01,2.788587e-04
5.908000e-01,3.728737e-04
5.909000e-01,4.668888e-04
5.910000e-01,3.704187e-04
5.911000e-01,2.764036e-04
5.912000e-01,1.823885e-04
5.913000e-01,8.837340e-05
5.914000e-01,5.641691e-06
5.915000e-01,9.965678e-05
5.916000e-01,1.936719e-04
5.917000e-01,2.876869e-04
5.918000e-01,3.817020e-04
5.919000e-01,4.757171e-04
5.920000e-01,3.615904e-04
5.921000e-01,2.675753e-04
5.922000e-01,1.735602e-04
5.923000e-01,7.954511e-05
5.924000e-01,1.446998e-05
5.925000e-01,1.084851e-04
5.926000e-01,2.025001e-04
5.927000e-01,2.965152e-04
5.928000e-01,3.905303e-04
5.929000e-01,4.845454e-04
5.930000e-01,3.527621e-04
5.931000e-01,2.587470e-04
5.932000e-01,1.647319e-04
5.933000e-01,7.071682e-05
5.934000e-01,2.329826e-05
5.935000e-01,1.173133e-04
5.936000e-01,2.113284e-04
5.937000e-01,3.053435e-04
5.938000e-01,3.993586e-04
5.939000e-01,4.933737e-04
5.940000e-01,3.439338e-04
5.941000e-01,2.499187e-04
5.942000e-01,1.559036e-04
5.943000e-01,6.188854e-05
5.944000e-01,3.212655e-05
5.945000e-01,1.261416e-04
5.946000e-01,2.201567e-04
5.947000e-01,3.141718e-04
5.948000e-01,4.081869e-04
5.949000e-01,5.022020e-04
5.950000e-01,5.962171e-04
5.951000e-01,2.410904e-04
5.952000e-01,1.470753e-04
5.953000e-01,5.306025e-05
5.954000e-01,4.095483e-05
5.955000e-01,1.349699e-04
5.956000e-01,2.289850e-04
5.957000e-01,3.230001e-04
5.958000e-01,4.170152e-04
5.959000e-01,5.110303e-04
5.960000e-01,6.050453e-04
5.961000e-01,2.322621e-04
5.962000e-01,1.382471e-04
5.963000e-01,4.423197e-05
5.964000e-01,4.978312e-05
5.965000e-01,1.437982e-04
5.966000e-01,2.378133e-04
5.967000e-01,3.318284e-04
5.968000e-01,4.258435e-04
5.969000e-01,5.198585e-04
5.970000e-01,6.138736e-04
5.971000e-01,2.234339e-04
5.972000e-01,1.294188e-04
5.973000e-01,3.540368e-05
5.974000e-01,5.861140e-05
5.975000e-01,1.526265e-04
5.976000e-01,2.466416e-04
5.977000e-01,3.406567e-04
5.978000e-01,4.346717e-04
5.979000e-01,5.286868e-04
5.980000e-01,6.227019e-04
5.981000e-01,2.146056e-04
5.982000e-01,1.205905e-04
5.983000e-01,2.657540e-05
5.984000e-01,6.743969e-05
5.985000e-01,1.614548e-04
5.986000e-01,2.554699e-04
5.987000e-01,3.494849e-04
5.988000e-01,4.435000e-04
5.989000e-01,5.375151e-04
5.990000e-01,6.315302e-04
5.991000e-01,2.057773e-04
5.992000e-01,1.117622e-04
5.993000e-01,1.774711e-05
5.994000e-01,7.626798e-05
5.995000e-01,1.702831e-04
5.996000e-01,2.642981e-04
5.997000e-01,3.583132e-04
5.998000e-01,4.523283e-04
5.999000e-01,5.463434e-04
6.000000e-01,1.746972e-04
6.001000e-01,1.969490e-04
6.002000e-01,1.029339e-04
6.003000e-01,8.918825e-06
6.004000e-01,8.509626e-05
6.005000e-01,1.791113e-04
6.006000e-01,2.731264e-04
6.007000e-01,3.671415e-04
6.008000e-01,4.611566e-04
6.009000e-01,5.551717e-04
6.010000e-01,1.835255e-04
6.011000e-01,1.881207e-04
6.012000e-01,9.410563e-05
6.013000e-01,9.053933e-08
6.014000e-01,9.392455e-05
6.015000e-01,1.879396e-04
6.016000e-01,2.819547e-04
6.017000e-01,3.759698e-04
6.018000e-01,4.699849e-04
6.019000e-01,9.833869e-05
6.020000e-01,1.923538e-04
6.021000e-01,1.792924e-04
6.022000e-01,8.527734e-05
6.023000e-01,8.737746e-06
6.024000e-01,1.027528e-04
6.025000e-01,1.967679e-04
6.026000e-01,2.907830e-04
6.027000e-01,3.847981e-04
6.028000e-01,4.788132e-04
6.029000e-01,1.071670e-04
6.030000e-01,2.011821e-04
6.031000e-01,1.704641e-04
6.032000e-01,7.644905e-05
6.033000e-01,1.756603e-05
6.034000e-01,1.115811e-04
6.035000e-01,2.055962e-04
6.036000e-01,2.996113e-04
6.037000e-01,3.936264e-04
6.038000e-01,2.198017e-05
6.039000e-01,1.159953e-04
6.040000e-01,2.100103e-04
6.041000e-01,1.616359e-04
6.042000e-01,6.762077e-05
6.043000e-01,2.639432e-05
6.044000e-01,1.204094e-04
6.045000e-01,2.144245e-04
6.046000e-01,3.084396e-04
6.047000e-01,4.024547e-04
6.048000e-01,3.080846e-05
6.049000e-01,1.248235e-04
6.050000e-01,2.188386e-04
6.051000e-01,1.528076e-04
6.052000e-01,5.879248e-05
6.053000e-01,3.522260e-05
6.054000e-01,1.292377e-04
6.055000e-01,2.232528e-04
6.056000e-01,3.172679e-04
6.057000e-01,5.437834e-05
6.058000e-01,3.963675e-05
6.059000e-01,1.336518e-04
6.060000e-01,2.276669e-04
6.061000e-01,1.439793e-04
6.062000e-01,4.996420e-05
6.063000e-01,4.405089e-05
6.064000e-01,1.380660e-04
6.065000e-01,2.320811e-04
6.066000e-01,3.260961e-04
6.067000e-01,4.555005e-05
6.068000e-01,4.846503e-05
6.069000e-01,1.424801e-04
6.070000e-01,2.364952e-04
6.071000e-01,1.351510e-04
6.072000e-01,4.113591e-05
6.073000e-01,5.287917e-05
6.074000e-01,1.468943e-04
6.075000e-01,2.409093e-04
6.076000e-01,1.307369e-04
6.077000e-01,3.672177e-05
6.078000e-01,5.729332e-05
6.079000e-01,1.513084e-04
6.080000e-01,2.453235e-04
6.081000e-01,3.393386e-04
6.082000e-01,3.230763e-05
6.083000e-01,6.170746e-05
6.084000e-01,1.557225e-04
6.085000e-01,2.159237e-04
6.086000e-01,1.219086e-04
6.087000e-01,2.789348e-05
6.088000e-01,6.612160e-05
6.089000e-01,1.601367e-04
6.090000e-01,2.541518e-04
6.091000e-01,3.481669e-04
6.092000e-01,2.347934e-05
6.093000e-01,7.053575e-05
6.094000e-01,1.645508e-04
6.095000e-01,2.070954e-04
6.096000e-01,1.130803e-04
6.097000e-01,1.906520e-05
6.098000e-01,7.494989e-05
6.099000e-01,1.689650e-04
6.100000e-01,2.629801e-04
6.101000e-01,3.569951e-04
6.102000e-01,1.465105e-05
6.103000e-01,7.936403e-05
6.104000e-01,2.922822e-04
6.105000e-01,1.982671e-04
6.106000e-01,1.042520e-04
6.107000e-01,1.023691e-05
6.108000e-01,8.377817e-05
6.109000e-01,1.777933e-04
6.110000e-01,2.718083e-04
6.111000e-01,3.658234e-04
6.112000e-01,5.822769e-06
6.113000e-01,8.819232e-05
6.114000e-01,2.834539e-04
6.115000e-01,1.894388e-04
6.116000e-01,9.542371e-05
6.117000e-01,1.408626e-06
6.118000e-01,9.260646e-05
6.119000e-01,1.866215e-04
6.120000e-01,2.806366e-04
6.121000e-01,3.746517e-04
6.122000e-01,3.005516e-06
6.123000e-01,3.686407e-04
6.124000e-01,2.746256e-04
6.125000e-01,1.806105e-04
6.126000e-01,8.659543e-05
6.127000e-01,7.419659e-06
6.128000e-01,1.014347e-04
6.129000e-01,1.954498e-04
6.130000e-01,2.894649e-04
6.131000e-01,3.834800e-04
6.132000e-01,1.183380e-05
6.133000e-01,3.598124e-04
6.134000e-01,2.657973e-04
6.135000e-01,1.717822e-04
6.136000e-01,7.776714e-05
6.137000e-01,1.624794e-05
6.138000e-01,1.102630e-04
6.139000e-01,2.042781e-04
6.140000e-01,2.982932e-04
6.141000e-01,3.923083e-04
6.142000e-01,4.449992e-04
6.143000e-01,3.509841e-04
6.144000e-01,2.569690e-04
6.145000e-01,1.629539e-04
6.146000e-01,6.893886e-05
6.147000e-01,2.507623e-05
6.148000e-01,1.190913e-04
6.149000e-01,2.131064e-04
6.150000e-01,3.071215e-04
6.151000e-01,4.011366e-04
6.152000e-01,4.361709e-04
6.153000e-01,3.421558e-04
6.154000e-01,2.481407e-04
6.155000e-01,1.541257e-04
6.156000e-01,6.011057e-05
6.157000e-01,3.390452e-05
6.158000e-01,1.279196e-04
6.159000e-01,2.219347e-04
6.160000e-01,3.159498e-04
6.161000e-01,4.099649e-04
6.162000e-01,4.273426e-04
6.163000e-01,3.333275e-04
6.164000e-01,2.393125e-04
6.165000e-01,1.452974e-04
6.166000e-01,5.128228e-05
6.167000e-01,4.273280e-05
6.168000e-01,1.367479e-04
6.169000e-01,2.307630e-04
6.170000e-01,3.247781e-04
6.171000e-01,4.187931e-04
6.172000e-01,4.185143e-04
6.173000e-01,3.244993e-04
6.174000e-01,2.304842e-04
6.175000e-01,1.364691e-04
6.176000e-01,4.245400e-05
6.177000e-01,5.156109e-05
6.178000e-01,1.455762e-04
6.179000e-01,2.395913e-04
6.180000e-01,3.336063e-04
6.181000e-01,4.276214e-04
6.182000e-01,4.096861e-04
6.183000e-01,3.156710e-04
6.184000e-01,2.216559e-04
6.185000e-01,1.276408e-04
6.186000e-01,3.362571e-05
6.187000e-01,6.038937e-05
6.188000e-01,1.544045e-04
6.189000e-01,2.484195e-04
6.190000e-01,3.424346e-04
6.191000e-01,4.364497e-04
6.192000e-01,4.008578e-04
6.193000e-01,3.068427e-04
6.194000e-01,2.128276e-04
6.195000e-01,1.188125e-04
6.196000e-01,2.479743e-05
6.197000e-01,6.921766e-05
6.198000e-01,1.632327e-04
6.199000e-01,2.572478e-04
6.200000e-01,3.512629e-04
6.201000e-01,4.452780e-04
6.202000e-01,3.920295e-04
6.203000e-01,2.980144e-04
6.204000e-01,2.039993e-04
6.205000e-01,1.099842e-04
6.206000e-01,1.596914e-05
6.207000e-01,7.804594e-05
6.208000e-01,1.720610e-04
6.209000e-01,2.660761e-04
6.210000e-01,3.600912e-04
6.211000e-01,4.541063e-04
6.212000e-01,5.481214e-04
6.213000e-01,2.891861e-04
6.214000e-01,1.951710e-04
6.215000e-01,1.011559e-04
6.216000e-01,7.140856e-06
6.217000e-01,8.687423e-05
6.218000e-01,1.808893e-04
6.219000e-01,2.749044e-04
6.220000e-01,3.689195e-04
6.221000e-01,4.629346e-04
6.222000e-01,5.569497e-04
6.223000e-01,2.803578e-04
6.224000e-01,1.863427e-04
6.225000e-01,9.232766e-05
6.226000e-01,1.687429e-06
6.227000e-01,9.570252e-05
6.228000e-01,1.897176e-04
6.229000e-01,2.837327e-04
6.230000e-01,3.777478e-04
6.231000e-01,4.717629e-04
6.232000e-01,5.657779e-04
6.233000e-01,2.715295e-04
6.234000e-01,1.775145e-04
6.235000e-01,8.349937e-05
6.236000e-01,1.051571e-05
6.237000e-01,1.045308e-04
6.238000e-01,1.985459e-04
6.239000e-01,2.925610e-04
6.240000e-01,3.865761e-04
6.241000e-01,4.805911e-04
6.242000e-01,5.746062e-04
6.243000e-01,2.627013e-04
6.244000e-01,1.686862e-04
6.245000e-01,7.467109e-05
6.246000e-01,1.934400e-05
6.247000e-01,1.133591e-04
6.248000e-01,2.073742e-04
6.249000e-01,3.013893e-04
6.250000e-01,3.954043e-04
6.251000e-01,4.894194e-04
6.252000e-01,5.834345e-04
6.253000e-01,2.538730e-04
6.254000e-01,1.598579e-04
6.255000e-01,6.584280e-05
6.256000e-01,2.817229e-05
6.257000e-01,1.221874e-04
6.258000e-01,2.162025e-04
6.259000e-01,3.102175e-04
6.260000e-01,4.042326e-04
6.261000e-01,4.982477e-04
6.262000e-01,5.922628e-04
6.263000e-01,2.450447e-04
6.264000e-01,1.510296e-04
6.265000e-01,5.701451e-05
6.266000e-01,3.700057e-05
6.267000e-01,1.310157e-04
6.268000e-01,2.250307e-04
6.269000e-01,3.190458e-04
6.270000e-01,4.130609e-04
6.271000e-01,5.070760e-04
6.272000e-01,6.010911e-04
6.273000e-01,2.362164e-04
6.274000e-01,1.422013e-04
6.275000e-01,4.818623e-05
6.276000e-01,4.582886e-05
6.277000e-01,1.398439e-04
6.278000e-01,2.338590e-04
6.279000e-01,3.278741e-04
6.280000e-01,4.218892e-04
6.281000e-01,5.159043e-04
6.282000e-01,6.099194e-04
6.283000e-01,2.273881e-04
6.284000e-01,1.333730e-04
6.285000e-01,3.935794e-05
6.286000e-01,5.465714e-05
6.287000e-01,1.486722e-04
6.288000e-01,2.426873e-04
6.289000e-01,3.367024e-04
6.290000e-01,4.307175e-04
6.291000e-01,5.247326e-04
6.292000e-01,6.187477e-04
6.293000e-01,2.185598e-04
6.294000e-01,1.245447e-04
6.295000e-01,3.052966e-05
6.296000e-01,6.348543e-05
6.297000e-01,1.575005e-04
6.298000e-01,2.515156e-04
6.299000e-01,3.455307e-04
6.300000e-01,4.395458e-04
6.301000e-01,5.335609e-04
6.302000e-01,1.619147e-04
6.303000e-01,2.097315e-04
6.304000e-01,1.157165e-04
6.305000e-01,2.170137e-05
6.306000e-01,7.231371e-05
6.307000e-01,1.663288e-04
6.308000e-01,2.603439e-04
6.309000e-01,3.543590e-04
6.310000e-01,4.483741e-04
6.311000e-01,5.423891e-04
6.312000e-01,1.707429e-04
6.313000e-01,2.009033e-04
6.314000e-01,1.068882e-04
6.315000e-01,1.287309e-05
6.316000e-01,8.114200e-05
6.317000e-01,1.751571e-04
6.318000e-01,2.691722e-04
6.319000e-01,3.631873e-04
6.320000e-01,4.572023e-04
6.321000e-01,8.555614e-05
6.322000e-01,1.795712e-04
6.323000e-01,1.920750e-04
6.324000e-01,9.805989e-05
6.325000e-01,4.044801e-06
6.326000e-01,8.997029e-05
6.327000e-01,1.839854e-04
6.328000e-01,2.780005e-04
6.329000e-01,3.720155e-04
6.330000e-01,4.660306e-04
6.331000e-01,9.438443e-05
6.332000e-01,1.883995e-04
6.333000e-01,1.832467e-04
6.334000e-01,8.923160e-05
6.335000e-01,4.783485e-06
6.336000e-01,9.879857e-05
6.337000e-01,1.928137e-04
6.338000e-01,2.868287e-04
6.339000e-01,3.808438e-04
6.340000e-01,9.197628e-06
6.341000e-01,1.032127e-04
6.342000e-01,1.972278e-04
6.343000e-01,2.912429e-04
6.344000e-01,8.040332e-05
6.345000e-01,1.361177e-05
6.346000e-01,1.076269e-04
6.347000e-01,2.016419e-04
6.348000e-01,2.956570e-04
6.349000e-01,3.896721e-04
6.350000e-01,1.802591e-05
6.351000e-01,1.120410e-04
6.352000e-01,2.060561e-04
6.353000e-01,3.000712e-04
6.354000e-01,7.157503e-05
6.355000e-01,2.244006e-05
6.356000e-01,1.164551e-04
6.357000e-01,2.104702e-04
6.358000e-01,3.044853e-04
6.359000e-01,6.716089e-05
6.360000e-01,2.685420e-05
6.361000e-01,1.208693e-04
6.362000e-01,2.148844e-04
6.363000e-01,3.088995e-04
6.364000e-01,6.274674e-05
6.365000e-01,3.126834e-05
6.366000e-01,1.252834e-04
6.367000e-01,2.192985e-04
6.368000e-01,1.523477e-04
6.369000e-01,5.833260e-05
6.370000e-01,3.568248e-05
6.371000e-01,1.296976e-04
6.372000e-01,2.237127e-04
6.373000e-01,3.177277e-04
6.374000e-01,5.391846e-05
6.375000e-01,4.009663e-05
6.376000e-01,1.341117e-04
6.377000e-01,2.281268e-04
6.378000e-01,1.435194e-04
6.379000e-01,4.950432e-05
6.380000e-01,4.451077e-05
6.381000e-01,1.385259e-04
6.382000e-01,2.325409e-04
6.383000e-01,3.265560e-04
6.384000e-01,4.509017e-05
6.385000e-01,4.892491e-05
6.386000e-01,1.429400e-04
6.387000e-01,2.287062e-04
6.388000e-01,1.346911e-04
6.389000e-01,4.067603e-05
6.390000e-01,5.333906e-05
6.391000e-01,1.473541e-04
6.392000e-01,2.413692e-04
6.393000e-01,3.353843e-04
6.394000e-01,3.626189e-05
6.395000e-01,5.775320e-05
6.396000e-01,1.517683e-04
6.397000e-01,2.198779e-04
6.398000e-01,1.258628e-04
6.399000e-01,3.184774e-05
6.400000e-01,6.216734e-05
6.401000e-01,1.561824e-04
6.402000e-01,2.501975e-04
6.403000e-01,3.442126e-04
6.404000e-01,2.743360e-05
6.405000e-01,6.658148e-05
6.406000e-01,3.050647e-04
6.407000e-01,2.110496e-04
6.408000e-01,1.170345e-04
6.409000e-01,2.301946e-05
6.410000e-01,7.099563e-05
6.411000e-01,1.650107e-04
6.412000e-01,2.590258e-04
6.413000e-01,3.530409e-04
6.414000e-01,1.860532e-05
6.415000e-01,7.540977e-05
6.416000e-01,2.962364e-04
6.417000e-01,2.022213e-04
6.418000e-01,1.082063e-04
6.419000e-01,1.419117e-05
6.420000e-01,7.982391e-05
6.421000e-01,1.738390e-04
6.422000e-01,2.678541e-04
6.423000e-01,3.618692e-04
6.424000e-01,9.777031e-06
6.425000e-01,3.814232e-04
6.426000e-01,2.874081e-04
6.427000e-01,1.933931e-04
6.428000e-01,9.937797e-05
6.429000e-01,5.362888e-06
6.430000e-01,8.865220e-05
6.431000e-01,1.826673e-04
6.432000e-01,2.766824e-04
6.433000e-01,3.706975e-04
6.434000e-01,4.666100e-04
6.435000e-01,3.725949e-04
6.436000e-01,2.785799e-04
6.437000e-01,1.845648e-04
6.438000e-01,9.054969e-05
6.439000e-01,3.465398e-06
6.440000e-01,9.748048e-05
6.441000e-01,1.914956e-04
6.442000e-01,2.855107e-04
6.443000e-01,3.795257e-04
6.444000e-01,4.577817e-04
6.445000e-01,3.637667e-04
6.446000e-01,2.697516e-04
6.447000e-01,1.757365e-04
6.448000e-01,8.172140e-05
6.449000e-01,1.229368e-05
6.450000e-01,1.063088e-04
6.451000e-01,2.003239e-04
6.452000e-01,2.943389e-04
6.453000e-01,3.883540e-04
6.454000e-01,4.489535e-04
6.455000e-01,3.549384e-04
6.456000e-01,2.609233e-04
6.457000e-01,1.669082e-04
6.458000e-01,7.289312e-05
6.459000e-01,2.112197e-05
6.460000e-01,1.151371e-04
6.461000e-01,2.091521e-04
6.462000e-01,3.031672e-04
6.463000e-01,3.971823e-04
6.464000e-01,4.401252e-04
6.465000e-01,3.461101e-04
6.466000e-01,2.520950e-04
6.467000e-01,1.580799e-04
6.468000e-01,6.406483e-05
6.469000e-01,2.995025e-05
6.470000e-01,1.239653e-04
6.471000e-01,2.179804e-04
6.472000e-01,3.119955e-04
6.473000e-01,4.060106e-04
6.474000e-01,4.312969e-04
6.475000e-01,3.372818e-04
6.476000e-01,2.432667e-04
6.477000e-01,1.492516e-04
6.478000e-01,5.523655e-05
6.479000e-01,3.877854e-05
6.480000e-01,1.327936e-04
6.481000e-01,2.268087e-04
6.482000e-01,3.208238e-04
6.483000e-01,4.148389e-04
6.484000e-01,5.088540e-04
6.485000e-01,3.284535e-04
6.486000e-01,2.344384e-04
6.487000e-01,1.404233e-04
6.488000e-01,4.640826e-05
6.489000e-01,4.760683e-05
6.490000e-01,1.416219e-04
6.491000e-01,2.356370e-04
6.492000e-01,3.296521e-04
6.493000e-01,4.236672e-04
6.494000e-01,5.176823e-04
6.495000e-01,3.196252e-04
6.496000e-01,2.256101e-04
6.497000e-01,1.315951e-04
6.498000e-01,3.757997e-05
6.499000e-01,5.643511e-05
6.500000e-01,1.504502e-04
6.501000e-01,2.444653e-04
6.502000e-01,3.384804e-04
6.503000e-01,4.324955e-04
6.504000e-01,5.265105e-04
6.505000e-01,3.107969e-04
6.506000e-01,2.167819e-04
6.507000e-01,1.227668e-04
6.508000e-01,2.875169e-05
6.509000e-01,6.526340e-05
6.510000e-01,1.592785e-04
6.511000e-01,2.532936e-04
6.512000e-01,3.473087e-04
6.513000e-01,4.413237e-04
6.514000e-01,5.353388e-04
6.515000e-01,3.019687e-04
6.516000e-01,2.079536e-04
6.517000e-01,1.139385e-04
6.518000e-01,1.992340e-05
6.519000e-01,7.409168e-05
6.520000e-01,1.681068e-04
6.521000e-01,2.621219e-04
6.522000e-01,3.561369e-04
6.523000e-01,4.501520e-04
6.524000e-01,5.441671e-04
6.525000e-01,2.931404e-04
6.526000e-01,1.991253e-04
6.527000e-01,1.051102e-04
6.528000e-01,1.109512e-05
6.529000e-01,8.291997e-05
6.530000e-01,1.769351e-04
6.531000e-01,2.709501e-04
6.532000e-01,3.649652e-04
6.533000e-01,4.589803e-04
6.534000e-01,5.529954e-04
6.535000e-01,2.843121e-04
6.536000e-01,1.902970e-04
6.537000e-01,9.628192e-05
6.538000e-01,2.266832e-06
6.539000e-01,9.174825e-05
6.540000e-01,1.857633e-04
6.541000e-01,2.797784e-04
6.542000e-01,3.737935e-04
6.543000e-01,4.678086e-04
6.544000e-01,5.618237e-04
6.545000e-01,2.754838e-04
6.546000e-01,1.814687e-04
6.547000e-01,8.745363e-05
6.548000e-01,6.561453e-06
6.549000e-01,1.005765e-04
6.550000e-01,1.945916e-04
6.551000e-01,2.886067e-04
6.552000e-01,3.826218e-04
6.553000e-01,4.766369e-04
6.554000e-01,5.706520e-04
6.555000e-01,2.666555e-04
6.556000e-01,1.726404e-04
6.557000e-01,7.862535e-05
6.558000e-01,1.538974e-05
6.559000e-01,1.094048e-04
6.560000e-01,2.034199e-04
6.561000e-01,2.974350e-04
6.562000e-01,3.914501e-04
6.563000e-01,4.854652e-04
6.564000e-01,5.794803e-04
6.565000e-01,2.578272e-04
6.566000e-01,1.638121e-04
6.567000e-01,6.979706e-05
6.568000e-01,2.421802e-05
6.569000e-01,1.182331e-04
6.570000e-01,2.122482e-04
6.571000e-01,3.062633e-04
6.572000e-01,4.002784e-04
6.573000e-01,4.942935e-04
6.574000e-01,5.883085e-04
6.575000e-01,2.489989e-04
6.576000e-01,1.549839e-04
6.577000e-01,6.096878e-05
6.578000e-01,3.304631e-05
6.579000e-01,1.270614e-04
6.580000e-01,2.210765e-04
6.581000e-01,3.150916e-04
6.582000e-01,4.091067e-04
6.583000e-01,5.031217e-04
6.584000e-01,5.971368e-04
6.585000e-01,2.401707e-04
6.586000e-01,1.461556e-04
6.587000e-01,5.214049e-05
6.588000e-01,4.187460e-05
6.589000e-01,1.358897e-04
6.590000e-01,2.299048e-04
6.591000e-01,3.239199e-04
6.592000e-01,4.179349e-04
6.593000e-01,5.119500e-04
6.594000e-01,6.059651e-04
6.595000e-01,2.313424e-04
6.596000e-01,1.373273e-04
6.597000e-01,4.331220e-05
6.598000e-01,5.070288e-05
6.599000e-01,1.447180e-04
6.600000e-01,2.387331e-04
6.601000e-01,3.327481e-04
6.602000e-01,4.267632e-04
6.603000e-01,5.207783e-04
6.604000e-01,1.491321e-04
6.605000e-01,2.225141e-04
6.606000e-01,1.284990e-04
6.607000e-01,3.448392e-05
6.608000e-01,5.953117e-05
6.609000e-01,1.535463e-04
6.610000e-01,2.475613e-04
6.611000e-01,3.415764e-04
6.612000e-01,4.355915e-04
6.613000e-01,5.296066e-04
6.614000e-01,1.579604e-04
6.615000e-01,2.519755e-04
6.616000e-01,1.196707e-04
6.617000e-01,2.565563e-05
6.618000e-01,6.835945e-05
6.619000e-01,1.623745e-04
6.620000e-01,2.563896e-04
6.621000e-01,3.504047e-04
6.622000e-01,4.444198e-04
6.623000e-01,7.277360e-05
6.624000e-01,1.667887e-04
6.625000e-01,2.608038e-04
6.626000e-01,1.108424e-04
6.627000e-01,1.682735e-05
6.628000e-01,7.718774e-05
6.629000e-01,1.712028e-04
6.630000e-01,2.652179e-04
6.631000e-01,3.592330e-04
6.632000e-01,4.532481e-04
6.633000e-01,8.160188e-05
6.634000e-01,1.756170e-04
6.635000e-01,2.696321e-04
6.636000e-01,1.020141e-04
6.637000e-01,7.999062e-06
6.638000e-01,8.601602e-05
6.639000e-01,1.800311e-04
6.640000e-01,2.740462e-04
6.641000e-01,3.680613e-04
6.642000e-01,3.584919e-06
6.643000e-01,9.043017e-05
6.644000e-01,1.844453e-04
6.645000e-01,2.784603e-04
6.646000e-01,9.318586e-05
6.647000e-01,8.292234e-07
6.648000e-01,9.484431e-05
6.649000e-01,1.888594e-04
6.650000e-01,2.828745e-04
6.651000e-01,8.877172e-05
6.652000e-01,5.243366e-06
6.653000e-01,9.925845e-05
6.654000e-01,1.932735e-04
6.655000e-01,2.872886e-04
6.656000e-01,8.435758e-05
6.657000e-01,9.657509e-06
6.658000e-01,1.036726e-04
6.659000e-01,1.976877e-04
6.660000e-01,2.917028e-04
6.661000e-01,7.994343e-05
6.662000e-01,1.407165e-05
6.663000e-01,1.080867e-04
6.664000e-01,2.021018e-04
6.665000e-01,2.961169e-04
6.666000e-01,7.552929e-05
6.667000e-01,1.848579e-05
6.668000e-01,1.125009e-04
6.669000e-01,2.065160e-04
6.670000e-01,1.651302e-04
6.671000e-01,7.111515e-05
6.672000e-01,2.289994e-05
6.673000e-01,1.169150e-04
6.674000e-01,2.109301e-04
6.675000e-01,3.049452e-04
6.676000e-01,6.670101e-05
6.677000e-01,2.731408e-05
6.678000e-01,1.213292e-04
6.679000e-01,2.153443e-04
6.680000e-01,3.093593e-04
6.681000e-01,4.033744e-04
6.682000e-01,4.973895e-04
6.683000e-01,5.914046e-04
6.684000e-01,6.854197e-04
6.685000e-01,7.794348e-04
6.686000e-01,5.787272e-05
6.687000e-01,3.614237e-05
6.688000e-01,1.301575e-04
6.689000e-01,2.241725e-04
6.690000e-01,3.181876e-04
6.691000e-01,4.122027e-04
6.692000e-01,5.062178e-04
6.693000e-01,6.002329e-04
6.694000e-01,6.942480e-04
6.695000e-01,7.882631e-04
6.696000e-01,4.904443e-05
6.697000e-01,4.497065e-05
6.698000e-01,1.389857e-04
6.699000e-01,2.330008e-04
6.700000e-01,3.270159e-04
6.701000e-01,4.210310e-04
6.702000e-01,5.150461e-04
6.703000e-01,6.090612e-04
6.704000e-01,7.030763e-04
6.705000e-01,7.970913e-04
6.706000e-01,4.021615e-05
6.707000e-01,5.379894e-05
6.708000e-01,1.478140e-04
6.709000e-01,2.418291e-04
6.710000e-01,3.358442e-04
6.711000e-01,4.298593e-04
6.712000e-01,5.238744e-04
6.713000e-01,6.178895e-04
6.714000e-01,7.119045e-04
6.715000e-01,8.059196e-04
6.716000e-01,3.138786e-05
6.717000e-01,6.262722e-05
6.718000e-01,1.566423e-04
6.719000e-01,2.506574e-04
6.720000e-01,3.446725e-04
6.721000e-01,4.386876e-04
6.722000e-01,5.327027e-04
6.723000e-01,6.267177e-04
6.724000e-01,7.207328e-04
6.725000e-01,8.147479e-04
6.726000e-01,2.255958e-05
6.727000e-01,7.145551e-05
6.728000e-01,1.654706e-04
6.729000e-01,2.594857e-04
6.730000e-01,3.535008e-04
6.731000e-01,4.475159e-04
6.732000e-01,5.415309e-04
6.733000e-01,6.355460e-04
6.734000e-01,7.295611e-04
6.735000e-01,8.235762e-04
6.736000e-01,1.373129e-05
6.737000e-01,8.028379e-05
6.738000e-01,1.742989e-04
6.739000e-01,2.683140e-04
6.740000e-01,3.623291e-04
6.741000e-01,4.563441e-04
6.742000e-01,5.503592e-04
6.743000e-01,6.443743e-04
6.744000e-01,7.383894e-04
6.745000e-01,8.324045e-04
6.746000e-01,4.903007e-06
6.747000e-01,8.911208e-05
6.748000e-01,1.831272e-04
6.749000e-01,2.771423e-04
6.750000e-01,3.711573e-04
6.751000e-01,4.651724e-04
6.752000e-01,5.591875e-04
6.753000e-01,6.532026e-04
6.754000e-01,7.472177e-04
6.755000e-01,9.008981e-05
6.756000e-01,3.925279e-06
6.757000e-01,9.794037e-05
6.758000e-01,1.919555e-04
6.759000e-01,2.859705e-04
6.760000e-01,3.799856e-04
6.761000e-01,4.740007e-04
6.762000e-01,5.680158e-04
6.763000e-01,6.620309e-04
6.764000e-01,7.560460e-04
6.765000e-01,8.126152e-05
6.766000e-01,1.275356e-05
6.767000e-01,1.067687e-04
6.768000e-01,2.007837e-04
6.769000e-01,2.947988e-04
6.770000e-01,3.888139e-04
6.771000e-01,4.828290e-04
6.772000e-01,5.768441e-04
6.773000e-01,6.708592e-04
6.774000e-01,1.664483e-04
6.775000e-01,7.243324e-05
6.776000e-01,2.158185e-05
6.777000e-01,1.155969e-04
6.778000e-01,2.096120e-04
6.779000e-01,3.036271e-04
6.780000e-01,3.976422e-04
6.781000e-01,4.916573e-04
6.782000e-01,5.856724e-04
6.783000e-01,6.796875e-04
6.784000e-01,1.576200e-04
6.785000e-01,6.360495e-05
6.786000e-01,3.041014e-05
6.787000e-01,1.244252e-04
6.788000e-01,2.184403e-04
6.789000e-01,3.124554e-04
6.790000e-01,4.064705e-04
6.791000e-01,5.004856e-04
6.792000e-01,5.945007e-04
6.793000e-01,2.428068e-04
6.794000e-01,1.487918e-04
6.795000e-01,5.477666e-05
6.796000e-01,3.923842e-05
6.797000e-01,1.332535e-04
6.798000e-01,2.272686e-04
6.799000e-01,3.212837e-04
6.800000e-01,4.152988e-04
6.801000e-01,5.093139e-04
6.802000e-01,3.279936e-04
6.803000e-01,2.339786e-04
6.804000e-01,1.399635e-04
6.805000e-01,4.594838e-05
6.806000e-01,4.806671e-05
6.807000e-01,1.420818e-04
6.808000e-01,2.360969e-04
6.809000e-01,3.301120e-04
6.810000e-01,4.241271e-04
6.811000e-01,5.181421e-04
6.812000e-01,3.191654e-04
6.813000e-01,2.251503e-04
6.814000e-01,1.311352e-04
6.815000e-01,3.712009e-05
6.816000e-01,5.689499e-05
6.817000e-01,1.509101e-04
6.818000e-01,2.449252e-04
6.819000e-01,3.389403e-04
6.820000e-01,4.329553e-04
6.821000e-01,4.043522e-04
6.822000e-01,3.103371e-04
6.823000e-01,2.163220e-04
6.824000e-01,1.223069e-04
6.825000e-01,2.829181e-05
6.826000e-01,6.572328e-05
6.827000e-01,1.597384e-04
6.828000e-01,2.537535e-04
6.829000e-01,3.477685e-04
6.830000e-01,4.417836e-04
6.831000e-01,3.955239e-04
6.832000e-01,3.015088e-04
6.833000e-01,2.074937e-04
6.834000e-01,1.134786e-04
6.835000e-01,1.946352e-05
6.836000e-01,7.455156e-05
6.837000e-01,1.685666e-04
6.838000e-01,2.625817e-04
6.839000e-01,3.565968e-04
6.840000e-01,4.807107e-04
6.841000e-01,3.866956e-04
6.842000e-01,2.926805e-04
6.843000e-01,1.986654e-04
6.844000e-01,1.046503e-04
6.845000e-01,1.063524e-05
6.846000e-01,8.337985e-05
6.847000e-01,1.773949e-04
6.848000e-01,2.714100e-04
6.849000e-01,3.654251e-04
6.850000e-01,4.718824e-04
6.851000e-01,3.778673e-04
6.852000e-01,2.838522e-04
6.853000e-01,1.898371e-04
6.854000e-01,9.582204e-05
6.855000e-01,1.806951e-06
6.856000e-01,9.220814e-05
6.857000e-01,1.862232e-04
6.858000e-01,2.802383e-04
6.859000e-01,5.570692e-04
6.860000e-01,4.630541e-04
6.861000e-01,3.690390e-04
6.862000e-01,2.750239e-04
6.863000e-01,1.810088e-04
6.864000e-01,8.699375e-05
6.865000e-01,7.021335e-06
6.866000e-01,1.010364e-04
6.867000e-01,1.950515e-04
6.868000e-01,6.422560e-04
6.869000e-01,5.482409e-04
6.870000e-01,4.542258e-04
6.871000e-01,3.602107e-04
6.872000e-01,2.661956e-04
6.873000e-01,1.721806e-04
6.874000e-01,7.816547e-05
6.875000e-01,1.584962e-05
6.876000e-01,1.098647e-04
6.877000e-01,2.038798e-04
6.878000e-01,6.334277e-04
6.879000e-01,5.394126e-04
6.880000e-01,4.453975e-04
6.881000e-01,3.513824e-04
6.882000e-01,2.573674e-04
6.883000e-01,1.633523e-04
6.884000e-01,6.933718e-05
6.885000e-01,2.467791e-05
6.886000e-01,1.186930e-04
6.887000e-01,2.127081e-04
6.888000e-01,6.245994e-04
6.889000e-01,5.305843e-04
6.890000e-01,4.365692e-04
6.891000e-01,3.425542e-04
6.892000e-01,2.485391e-04
6.893000e-01,1.545240e-04
6.894000e-01,6.050889e-05
6.895000e-01,3.350619e-05
6.896000e-01,1.275213e-04
6.897000e-01,2.215364e-04
6.898000e-01,6.157711e-04
6.899000e-01,5.217560e-04
6.900000e-01,4.277410e-04
6.901000e-01,3.337259e-04
6.902000e-01,2.397108e-04
6.903000e-01,1.456957e-04
6.904000e-01,5.168061e-05
6.905000e-01,4.233448e-05
6.906000e-01,1.363496e-04
6.907000e-01,2.303646e-04
6.908000e-01,6.069428e-04
6.909000e-01,5.129278e-04
6.910000e-01,4.189127e-04
6.911000e-01,3.248976e-04
6.912000e-01,2.308825e-04
6.913000e-01,1.368674e-04
6.914000e-01,4.285232e-05
6.915000e-01,5.116276e-05
6.916000e-01,1.451778e-04
6.917000e-01,2.391929e-04
6.918000e-01,5.981146e-04
6.919000e-01,5.040995e-04
6.920000e-01,4.100844e-04
6.921000e-01,3.160693e-04
6.922000e-01,2.220542e-04
6.923000e-01,1.280391e-04
6.924000e-01,3.402404e-05
6.925000e-01,5.999105e-05
6.926000e-01,1.540061e-04
6.927000e-01,2.480212e-04
6.928000e-01,5.892863e-04
6.929000e-01,4.952712e-04
6.930000e-01,4.012561e-04
6.931000e-01,3.072410e-04
6.932000e-01,2.132259e-04
6.933000e-01,1.192108e-04
6.934000e-01,2.519575e-05
6.935000e-01,6.881933e-05
6.936000e-01,1.628344e-04
6.937000e-01,2.568495e-04
6.938000e-01,5.804580e-04
6.939000e-01,4.864429e-04
6.940000e-01,3.924278e-04
6.941000e-01,2.984127e-04
6.942000e-01,2.043976e-04
6.943000e-01,1.103826e-04
6.944000e-01,1.636747e-05
6.945000e-01,7.764762e-05
6.946000e-01,1.716627e-04
6.947000e-01,2.656778e-04
6.948000e-01,5.716297e-04
6.949000e-01,4.776146e-04
6.950000e-01,3.835995e-04
6.951000e-01,2.895844e-04
6.952000e-01,1.955694e-04
6.953000e-01,1.015543e-04
6.954000e-01,7.539181e-06
6.955000e-01,8.647591e-05
6.956000e-01,1.804910e-04
6.957000e-01,2.745061e-04
6.958000e-01,5.628014e-04
6.959000e-01,4.687863e-04
6.960000e-01,3.747712e-04
6.961000e-01,2.807562e-04
6.962000e-01,1.867411e-04
6.963000e-01,9.272598e-05
6.964000e-01,1.289105e-06
6.965000e-01,9.530419e-05
6.966000e-01,1.893193e-04
6.967000e-01,2.833344e-04
6.968000e-01,5.539731e-04
6.969000e-01,4.599580e-04
6.970000e-01,3.659430e-04
6.971000e-01,2.719279e-04
6.972000e-01,1.779128e-04
6.973000e-01,8.389770e-05
6.974000e-01,1.011739e-05
6.975000e-01,1.041325e-04
6.976000e-01,1.981476e-04
6.977000e-01,2.921626e-04
6.978000e-01,5.451448e-04
6.979000e-01,4.511298e-04
6.980000e-01,3.571147e-04
6.981000e-01,2.630996e-04
6.982000e-01,1.690845e-04
6.983000e-01,7.506941e-05
6.984000e-01,1.894568e-05
6.985000e-01,1.129608e-04
6.986000e-01,2.069758e-04
6.987000e-01,3.009909e-04
6.988000e-01,5.363166e-04
6.989000e-01,4.423015e-04
6.990000e-01,3.482864e-04
6.991000e-01,2.542713e-04
6.992000e-01,1.602562e-04
6.993000e-01,6.624112e-05
6.994000e-01,2.777396e-05
6.995000e-01,1.217890e-04
6.996000e-01,2.158041e-04
6.997000e-01,3.098192e-04
6.998000e-01,5.274883e-04
6.999000e-01,4.334732e-04
7.000000e-01,3.394581e-04
7.001000e-01,2.454430e-04
7.002000e-01,1.514279e-04
7.003000e-01,5.741284e-05
7.004000e-01,3.660225e-05
7.005000e-01,1.306173e-04
7.006000e-01,2.246324e-04
7.007000e-01,3.186475e-04
7.008000e-01,4.126626e-04
7.009000e-01,4.246449e-04
7.010000e-01,3.306298e-04
7.011000e-01,2.366147e-04
7.012000e-01,1.425996e-04
7.013000e-01,4.858455e-05
7.014000e-01,4.543053e-05
7.015000e-01,1.394456e-04
7.016000e-01,2.334607e-04
7.017000e-01,3.274758e-04
7.018000e-01,4.214909e-04
7.019000e-01,4.158166e-04
7.020000e-01,3.218015e-04
7.021000e-01,2.277864e-04
7.022000e-01,1.337714e-04
7.023000e-01,3.975627e-05
7.024000e-01,5.425882e-05
7.025000e-01,1.482739e-04
7.026000e-01,2.422890e-04
7.027000e-01,3.363041e-04
7.028000e-01,4.303192e-04
7.029000e-01,4.069883e-04
7.030000e-01,3.129732e-04
7.031000e-01,2.189582e-04
7.032000e-01,1.249431e-04
7.033000e-01,3.092798e-05
7.034000e-01,6.308710e-05
7.035000e-01,1.571022e-04
7.036000e-01,2.511173e-04
7.037000e-01,3.451324e-04
7.038000e-01,4.391474e-04
7.039000e-01,3.981600e-04
7.040000e-01,3.041450e-04
7.041000e-01,2.101299e-04
7.042000e-01,1.161148e-04
7.043000e-01,2.209970e-05
7.044000e-01,7.191539e-05
7.045000e-01,1.659305e-04
7.046000e-01,2.599456e-04
7.047000e-01,3.539606e-04
7.048000e-01,4.479757e-04
7.049000e-01,3.893318e-04
7.050000e-01,2.953167e-04
7.051000e-01,2.013016e-04
7.052000e-01,1.072865e-04
7.053000e-01,1.327141e-05
7.054000e-01,8.074368e-05
7.055000e-01,1.747588e-04
7.056000e-01,2.687738e-04
7.057000e-01,3.627889e-04
7.058000e-01,4.568040e-04
7.059000e-01,3.805035e-04
7.060000e-01,2.864884e-04
7.061000e-01,1.924733e-04
7.062000e-01,9.845821e-05
7.063000e-01,4.443125e-06
7.064000e-01,8.957196e-05
7.065000e-01,1.835870e-04
7.066000e-01,2.776021e-04
7.067000e-01,3.716172e-04
7.068000e-01,4.656323e-04
7.069000e-01,3.716752e-04
7.070000e-01,2.776601e-04
7.071000e-01,1.836450e-04
7.072000e-01,8.962993e-05
7.073000e-01,4.385160e-06
7.074000e-01,9.840025e-05
7.075000e-01,1.924153e-04
7.076000e-01,2.864304e-04
7.077000e-01,3.804455e-04
7.078000e-01,4.744606e-04
7.079000e-01,3.628469e-04
7.080000e-01,2.688318e-04
7.081000e-01,1.748167e-04
7.082000e-01,8.080164e-05
7.083000e-01,1.321345e-05
7.084000e-01,1.072285e-04
7.085000e-01,2.012436e-04
7.086000e-01,2.952587e-04
7.087000e-01,3.892738e-04
7.088000e-01,4.832889e-04
7.089000e-01,3.540186e-04
7.090000e-01,2.600035e-04
7.091000e-01,1.659884e-04
7.092000e-01,7.197335e-05
7.093000e-01,2.204173e-05
7.094000e-01,1.160568e-04
7.095000e-01,2.100719e-04
7.096000e-01,3.040870e-04
7.097000e-01,3.981021e-04
7.098000e-01,4.921172e-04
7.099000e-01,3.451903e-04
7.100000e-01,2.511752e-04
7.101000e-01,1.571602e-04
7.102000e-01,6.314507e-05
7.103000e-01,3.087002e-05
7.104000e-01,1.248851e-04
7.105000e-01,2.189002e-04
7.106000e-01,3.129153e-04
7.107000e-01,4.069304e-04
7.108000e-01,5.009454e-04
7.109000e-01,3.363620e-04
7.110000e-01,2.423470e-04
7.111000e-01,1.483319e-04
7.112000e-01,5.431678e-05
7.113000e-01,3.969830e-05
7.114000e-01,1.337134e-04
7.115000e-01,2.277285e-04
7.116000e-01,3.217436e-04
7.117000e-01,4.157586e-04
7.118000e-01,5.097737e-04
7.119000e-01,3.275338e-04
7.120000e-01,2.335187e-04
7.121000e-01,1.395036e-04
7.122000e-01,4.548850e-05
7.123000e-01,4.852659e-05
7.124000e-01,1.425417e-04
7.125000e-01,2.365568e-04
7.126000e-01,3.305718e-04
7.127000e-01,4.245869e-04
7.128000e-01,5.186020e-04
7.129000e-01,3.187055e-04
7.130000e-01,2.246904e-04
7.131000e-01,1.306753e-04
7.132000e-01,3.666021e-05
7.133000e-01,5.735487e-05
7.134000e-01,1.513700e-04
7.135000e-01,2.453850e-04
7.136000e-01,3.394001e-04
7.137000e-01,4.334152e-04
7.138000e-01,5.274303e-04
7.139000e-01,6.214454e-04
7.140000e-01,2.158621e-04
7.141000e-01,1.218470e-04
7.142000e-01,2.783193e-05
7.143000e-01,6.618316e-05
7.144000e-01,1.601982e-04
7.145000e-01,2.542133e-04
7.146000e-01,3.482284e-04
7.147000e-01,4.422435e-04
7.148000e-01,5.362586e-04
7.149000e-01,6.302737e-04
7.150000e-01,2.070338e-04
7.151000e-01,1.130187e-04
7.152000e-01,1.900364e-05
7.153000e-01,7.501145e-05
7.154000e-01,1.690265e-04
7.155000e-01,2.630416e-04
7.156000e-01,3.570567e-04
7.157000e-01,4.510718e-04
7.158000e-01,5.450869e-04
7.159000e-01,6.391020e-04
7.160000e-01,1.982055e-04
7.161000e-01,1.041904e-04
7.162000e-01,1.017536e-05
7.163000e-01,8.383973e-05
7.164000e-01,1.778548e-04
7.165000e-01,2.718699e-04
7.166000e-01,3.658850e-04
7.167000e-01,4.599001e-04
7.168000e-01,5.539152e-04
7.169000e-01,6.479302e-04
7.170000e-01,1.893772e-04
7.171000e-01,9.536216e-05
7.172000e-01,1.347069e-06
7.173000e-01,9.266802e-05
7.174000e-01,1.866831e-04
7.175000e-01,2.806982e-04
7.176000e-01,3.747133e-04
7.177000e-01,4.687284e-04
7.178000e-01,5.627434e-04
7.179000e-01,6.567585e-04
7.180000e-01,1.805490e-04
7.181000e-01,8.653387e-05
7.182000e-01,7.481216e-06
7.183000e-01,1.014963e-04
7.184000e-01,1.955114e-04
7.185000e-01,2.895265e-04
7.186000e-01,3.835416e-04
7.187000e-01,4.775566e-04
7.188000e-01,5.715717e-04
7.189000e-01,6.655868e-04
7.190000e-01,1.717207e-04
7.191000e-01,7.770558e-05
7.192000e-01,1.630950e-05
7.193000e-01,1.103246e-04
7.194000e-01,2.043397e-04
7.195000e-01,2.983548e-04
7.196000e-01,3.923698e-04
7.197000e-01,4.863849e-04
7.198000e-01,5.804000e-04
7.199000e-01,6.744151e-04
7.200000e-01,1.628924e-04
7.201000e-01,6.887730e-05
7.202000e-01,2.513779e-05
7.203000e-01,1.191529e-04
7.204000e-01,2.131680e-04
7.205000e-01,3.071830e-04
7.206000e-01,4.011981e-04
7.207000e-01,4.952132e-04
7.208000e-01,5.892283e-04
7.209000e-01,6.832434e-04
7.210000e-01,1.540641e-04
7.211000e-01,6.004901e-05
7.212000e-01,3.396607e-05
7.213000e-01,1.279812e-04
7.214000e-01,2.219962e-04
7.215000e-01,3.160113e-04
7.216000e-01,4.100264e-04
7.217000e-01,5.040415e-04
7.218000e-01,5.980566e-04
7.219000e-01,6.920717e-04
7.220000e-01,1.452358e-04
7.221000e-01,5.122073e-05
7.222000e-01,4.279436e-05
7.223000e-01,1.368094e-04
7.224000e-01,2.308245e-04
7.225000e-01,3.248396e-04
7.226000e-01,4.188547e-04
7.227000e-01,5.128698e-04
7.228000e-01,6.068849e-04
7.229000e-01,7.009000e-04
7.230000e-01,1.364075e-04
7.231000e-01,4.239244e-05
7.232000e-01,5.162264e-05
7.233000e-01,1.456377e-04
7.234000e-01,2.396528e-04
7.235000e-01,3.336679e-04
7.236000e-01,4.276830e-04
7.237000e-01,5.216981e-04
7.238000e-01,6.157132e-04
7.239000e-01,7.097282e-04
7.240000e-01,1.275792e-04
7.241000e-01,3.356416e-05
7.242000e-01,6.045093e-05
7.243000e-01,1.544660e-04
7.244000e-01,2.484811e-04
7.245000e-01,3.424962e-04
7.246000e-01,4.365113e-04
7.247000e-01,5.305264e-04
7.248000e-01,6.245414e-04
7.249000e-01,7.185565e-04
7.250000e-01,1.187510e-04
7.251000e-01,2.473587e-05
7.252000e-01,6.927922e-05
7.253000e-01,1.632943e-04
7.254000e-01,2.573094e-04
7.255000e-01,3.513245e-04
7.256000e-01,4.453396e-04
7.257000e-01,5.393546e-04
7.258000e-01,6.333697e-04
7.259000e-01,7.273848e-04
7.260000e-01,1.099227e-04
7.261000e-01,1.590759e-05
7.262000e-01,7.810750e-05
7.263000e-01,1.721226e-04
7.264000e-01,2.661377e-04
7.265000e-01,3.601528e-04
7.266000e-01,4.541678e-04
7.267000e-01,5.481829e-04
7.268000e-01,6.421980e-04
7.269000e-01,7.362131e-04
7.270000e-01,8.302282e-04
7.271000e-01,7.079299e-06
7.272000e-01,8.693579e-05
7.273000e-01,1.809509e-04
7.274000e-01,2.749660e-04
7.275000e-01,3.689810e-04
7.276000e-01,4.629961e-04
7.277000e-01,5.570112e-04
7.278000e-01,6.510263e-04
7.279000e-01,7.450414e-04
7.280000e-01,8.390565e-04
7.281000e-01,1.748986e-06
7.282000e-01,9.576407e-05
7.283000e-01,1.897792e-04
7.284000e-01,2.837942e-04
7.285000e-01,3.778093e-04
7.286000e-01,4.718244e-04
7.287000e-01,5.658395e-04
7.288000e-01,6.598546e-04
7.289000e-01,7.538697e-04
7.290000e-01,8.478848e-04
7.291000e-01,1.057727e-05
7.292000e-01,1.045924e-04
7.293000e-01,1.986074e-04
7.294000e-01,2.926225e-04
7.295000e-01,3.866376e-04
7.296000e-01,4.806527e-04
7.297000e-01,5.746678e-04
7.298000e-01,6.686829e-04
7.299000e-01,7.626980e-04
7.300000e-01,8.567130e-04
7.301000e-01,1.940556e-05
7.302000e-01,1.134206e-04
7.303000e-01,2.074357e-04
7.304000e-01,3.014508e-04
7.305000e-01,3.954659e-04
7.306000e-01,4.894810e-04
7.307000e-01,5.834961e-04
7.308000e-01,6.775112e-04
7.309000e-01,7.715262e-04
7.310000e-01,8.655413e-04
7.311000e-01,2.823384e-05
7.312000e-01,1.222489e-04
7.313000e-01,2.162640e-04
7.314000e-01,3.102791e-04
7.315000e-01,4.042942e-04
7.316000e-01,4.983093e-04
7.317000e-01,5.923244e-04
7.318000e-01,6.863394e-04
7.319000e-01,7.803545e-04
7.320000e-01,8.743696e-04
7.321000e-01,3.706213e-05
7.322000e-01,1.310772e-04
7.323000e-01,2.250923e-04
7.324000e-01,3.191074e-04
7.325000e-01,4.131225e-04
7.326000e-01,5.071376e-04
7.327000e-01,6.011526e-04
7.328000e-01,6.951677e-04
7.329000e-01,7.891828e-04
7.330000e-01,8.831979e-04
7.331000e-01,4.589041e-05
7.332000e-01,1.399055e-04
7.333000e-01,2.339206e-04
7.334000e-01,3.279357e-04
7.335000e-01,4.219508e-04
7.336000e-01,5.159658e-04
7.337000e-01,6.099809e-04
7.338000e-01,7.039960e-04
7.339000e-01,7.980111e-04
7.340000e-01,3.929639e-05
7.341000e-01,5.471870e-05
7.342000e-01,1.487338e-04
7.343000e-01,2.427489e-04
7.344000e-01,3.367640e-04
7.345000e-01,4.307790e-04
7.346000e-01,5.247941e-04
7.347000e-01,6.188092e-04
7.348000e-01,7.128243e-04
7.349000e-01,8.068394e-04
7.350000e-01,3.046810e-05
7.351000e-01,6.354699e-05
7.352000e-01,1.575621e-04
7.353000e-01,2.515772e-04
7.354000e-01,3.455922e-04
7.355000e-01,4.396073e-04
7.356000e-01,5.336224e-04
7.357000e-01,6.276375e-04
7.358000e-01,7.216526e-04
7.359000e-01,1.156549e-04
7.360000e-01,2.163981e-05
7.361000e-01,7.237527e-05
7.362000e-01,1.663904e-04
7.363000e-01,2.604054e-04
7.364000e-01,3.544205e-04
7.365000e-01,4.484356e-04
7.366000e-01,5.424507e-04
7.367000e-01,6.364658e-04
7.368000e-01,2.008417e-04
7.369000e-01,1.068266e-04
7.370000e-01,1.281153e-05
7.371000e-01,8.120356e-05
7.372000e-01,1.752186e-04
7.373000e-01,2.692337e-04
7.374000e-01,3.632488e-04
7.375000e-01,4.572639e-04
7.376000e-01,5.512790e-04
7.377000e-01,6.452941e-04
7.378000e-01,1.920134e-04
7.379000e-01,9.799833e-05
7.380000e-01,3.983244e-06
7.381000e-01,9.003184e-05
7.382000e-01,1.840469e-04
7.383000e-01,2.780620e-04
7.384000e-01,3.720771e-04
7.385000e-01,4.660922e-04
7.386000e-01,5.601073e-04
7.387000e-01,2.772002e-04
7.388000e-01,1.831851e-04
7.389000e-01,8.917004e-05
7.390000e-01,4.845042e-06
7.391000e-01,9.886013e-05
7.392000e-01,1.928752e-04
7.393000e-01,2.868903e-04
7.394000e-01,3.809054e-04
7.395000e-01,4.749205e-04
7.396000e-01,5.689356e-04
7.397000e-01,2.683719e-04
7.398000e-01,1.743568e-04
7.399000e-01,8.034176e-05
7.400000e-01,1.367333e-05
7.401000e-01,1.076884e-04
7.402000e-01,2.017035e-04
7.403000e-01,2.957186e-04
7.404000e-01,3.897337e-04
7.405000e-01,4.837488e-04
7.406000e-01,3.535587e-04
7.407000e-01,2.595436e-04
7.408000e-01,1.655286e-04
7.409000e-01,7.151347e-05
7.410000e-01,2.250161e-05
7.411000e-01,1.165167e-04
7.412000e-01,2.105318e-04
7.413000e-01,3.045469e-04
7.414000e-01,3.985620e-04
7.415000e-01,4.925770e-04
7.416000e-01,3.447304e-04
7.417000e-01,2.507154e-04
7.418000e-01,1.567003e-04
7.419000e-01,6.268519e-05
7.420000e-01,3.132990e-05
7.421000e-01,1.253450e-04
7.422000e-01,2.193601e-04
7.423000e-01,3.133752e-04
7.424000e-01,4.073902e-04
7.425000e-01,4.299172e-04
7.426000e-01,3.359022e-04
7.427000e-01,2.418871e-04
7.428000e-01,1.478720e-04
7.429000e-01,5.385690e-05
7.430000e-01,4.015818e-05
7.431000e-01,1.341733e-04
7.432000e-01,2.281884e-04
7.433000e-01,3.222034e-04
7.434000e-01,5.151040e-04
7.435000e-01,4.210890e-04
7.436000e-01,3.270739e-04
7.437000e-01,2.330588e-04
7.438000e-01,1.390437e-04
7.439000e-01,4.502862e-05
7.440000e-01,4.898647e-05
7.441000e-01,1.430016e-04
7.442000e-01,2.370166e-04
7.443000e-01,3.310317e-04
7.444000e-01,5.062758e-04
7.445000e-01,4.122607e-04
7.446000e-01,3.182456e-04
7.447000e-01,2.242305e-04
7.448000e-01,1.302154e-04
7.449000e-01,3.620033e-05
7.450000e-01,5.781476e-05
7.451000e-01,1.518298e-04
7.452000e-01,2.458449e-04
7.453000e-01,5.914626e-04
7.454000e-01,4.974475e-04
7.455000e-01,4.034324e-04
7.456000e-01,3.094173e-04
7.457000e-01,2.154022e-04
7.458000e-01,1.213871e-04
7.459000e-01,2.737204e-05
7.460000e-01,6.664304e-05
7.461000e-01,1.606581e-04
7.462000e-01,2.546732e-04
7.463000e-01,5.826343e-04
7.464000e-01,4.886192e-04
7.465000e-01,3.946041e-04
7.466000e-01,3.005890e-04
7.467000e-01,2.065739e-04
7.468000e-01,1.125588e-04
7.469000e-01,1.854376e-05
7.470000e-01,7.547133e-05
7.471000e-01,1.694864e-04
7.472000e-01,6.678211e-04
7.473000e-01,5.738060e-04
7.474000e-01,4.797909e-04
7.475000e-01,3.857758e-04
7.476000e-01,2.917607e-04
7.477000e-01,1.977456e-04
7.478000e-01,1.037306e-04
7.479000e-01,9.715474e-06
7.480000e-01,8.429961e-05
7.481000e-01,1.783147e-04
7.482000e-01,6.589928e-04
7.483000e-01,5.649777e-04
7.484000e-01,4.709626e-04
7.485000e-01,3.769475e-04
7.486000e-01,2.829324e-04
7.487000e-01,1.889174e-04
7.488000e-01,9.490227e-05
7.489000e-01,8.871881e-07
7.490000e-01,9.312790e-05
7.491000e-01,1.871430e-04
7.492000e-01,6.501645e-04
7.493000e-01,5.561494e-04
7.494000e-01,4.621343e-04
7.495000e-01,3.681192e-04
7.496000e-01,2.741042e-04
7.497000e-01,1.800891e-04
7.498000e-01,8.607399e-05
7.499000e-01,7.941098e-06
7.500000e-01,1.019562e-04
7.501000e-01,1.959713e-04
7.502000e-01,6.413362e-04
7.503000e-01,5.473211e-04
7.504000e-01,4.533060e-04
7.505000e-01,3.592910e-04
7.506000e-01,2.652759e-04
7.507000e-01,1.712608e-04
7.508000e-01,7.724570e-05
7.509000e-01,1.676938e-05
7.510000e-01,1.107845e-04
7.511000e-01,2.047996e-04
7.512000e-01,6.325079e-04
7.513000e-01,5.384928e-04
7.514000e-01,4.444778e-04
7.515000e-01,3.504627e-04
7.516000e-01,2.564476e-04
7.517000e-01,1.624325e-04
7.518000e-01,6.841742e-05
7.519000e-01,2.559767e-05
7.520000e-01,1.196128e-04
7.521000e-01,2.136278e-04
7.522000e-01,6.236796e-04
7.523000e-01,5.296646e-04
7.524000e-01,4.356495e-04
7.525000e-01,3.416344e-04
7.526000e-01,2.476193e-04
7.527000e-01,1.536042e-04
7.528000e-01,5.958913e-05
7.529000e-01,3.442595e-05
7.530000e-01,1.284410e-04
7.531000e-01,2.224561e-04
7.532000e-01,3.164712e-04
7.533000e-01,5.208363e-04
7.534000e-01,4.268212e-04
7.535000e-01,3.328061e-04
7.536000e-01,2.387910e-04
7.537000e-01,1.447759e-04
7.538000e-01,5.076085e-05
7.539000e-01,4.325424e-05
7.540000e-01,1.372693e-04
7.541000e-01,2.312844e-04
7.542000e-01,3.252995e-04
7.543000e-01,5.120080e-04
7.544000e-01,4.179929e-04
7.545000e-01,3.239778e-04
7.546000e-01,2.299627e-04
7.547000e-01,1.359476e-04
7.548000e-01,4.193256e-05
7.549000e-01,5.208253e-05
7.550000e-01,1.460976e-04
7.551000e-01,2.401127e-04
7.552000e-01,3.341278e-04
7.553000e-01,5.031797e-04
7.554000e-01,4.091646e-04
7.555000e-01,3.151495e-04
7.556000e-01,2.211344e-04
7.557000e-01,1.271194e-04
7.558000e-01,3.310427e-05
7.559000e-01,6.091081e-05
7.560000e-01,1.549259e-04
7.561000e-01,2.489410e-04
7.562000e-01,3.429561e-04
7.563000e-01,4.943514e-04
7.564000e-01,4.003363e-04
7.565000e-01,3.063212e-04
7.566000e-01,2.123062e-04
7.567000e-01,1.182911e-04
7.568000e-01,2.427599e-05
7.569000e-01,6.973910e-05
7.570000e-01,1.637542e-04
7.571000e-01,2.577693e-04
7.572000e-01,3.517844e-04
7.573000e-01,4.855231e-04
7.574000e-01,3.915080e-04
7.575000e-01,2.974930e-04
7.576000e-01,2.034779e-04
7.577000e-01,1.094628e-04
7.578000e-01,1.544770e-05
7.579000e-01,7.856738e-05
7.580000e-01,1.725825e-04
7.581000e-01,2.665976e-04
7.582000e-01,3.606126e-04
7.583000e-01,4.766948e-04
7.584000e-01,3.826798e-04
7.585000e-01,2.886647e-04
7.586000e-01,1.946496e-04
7.587000e-01,1.006345e-04
7.588000e-01,6.619418e-06
7.589000e-01,8.739567e-05
7.590000e-01,1.814108e-04
7.591000e-01,2.754258e-04
7.592000e-01,3.694409e-04
7.593000e-01,4.678666e-04
7.594000e-01,3.738515e-04
7.595000e-01,2.798364e-04
7.596000e-01,1.858213e-04
7.597000e-01,9.180622e-05
7.598000e-01,2.208868e-06
7.599000e-01,9.622395e-05
7.600000e-01,1.902390e-04
7.601000e-01,2.842541e-04
7.602000e-01,3.782692e-04
7.603000e-01,4.590383e-04
7.604000e-01,3.650232e-04
7.605000e-01,2.710081e-04
7.606000e-01,1.769930e-04
7.607000e-01,8.297793e-05
7.608000e-01,1.103715e-05
7.609000e-01,1.050522e-04
7.610000e-01,1.990673e-04
7.611000e-01,2.930824e-04
7.612000e-01,3.870975e-04
7.613000e-01,4.502100e-04
7.614000e-01,3.561949e-04
7.615000e-01,2.621798e-04
7.616000e-01,1.681647e-04
7.617000e-01,7.414965e-05
7.618000e-01,1.986544e-05
7.619000e-01,1.138805e-04
7.620000e-01,2.078956e-04
7.621000e-01,3.019107e-04
7.622000e-01,3.959258e-04
7.623000e-01,4.413817e-04
7.624000e-01,3.473666e-04
7.625000e-01,2.533515e-04
7.626000e-01,1.593364e-04
7.627000e-01,6.532136e-05
7.628000e-01,2.869372e-05
7.629000e-01,1.227088e-04
7.630000e-01,2.167239e-04
7.631000e-01,3.107390e-04
7.632000e-01,4.047541e-04
7.633000e-01,4.325534e-04
7.634000e-01,3.385383e-04
7.635000e-01,2.445232e-04
7.636000e-01,1.505082e-04
7.637000e-01,5.649308e-05
7.638000e-01,3.752201e-05
7.639000e-01,1.315371e-04
7.640000e-01,2.255522e-04
7.641000e-01,3.195673e-04
7.642000e-01,4.135824e-04
7.643000e-01,4.237251e-04
7.644000e-01,3.297100e-04
7.645000e-01,2.356950e-04
7.646000e-01,1.416799e-04
7.647000e-01,4.766479e-05
7.648000e-01,4.635030e-05
7.649000e-01,1.403654e-04
7.650000e-01,2.343805e-04
7.651000e-01,3.283956e-04
7.652000e-01,4.224106e-04
7.653000e-01,4.148968e-04
7.654000e-01,3.208818e-04
7.655000e-01,2.268667e-04
7.656000e-01,1.328516e-04
7.657000e-01,3.883650e-05
7.658000e-01,5.517858e-05
7.659000e-01,1.491937e-04
7.660000e-01,2.432088e-04
7.661000e-01,3.372238e-04
7.662000e-01,4.312389e-04
7.663000e-01,4.060686e-04
7.664000e-01,3.120535e-04
7.665000e-01,2.180384e-04
7.666000e-01,1.240233e-04
7.667000e-01,3.000822e-05
7.668000e-01,6.400687e-05
7.669000e-01,1.580220e-04
7.670000e-01,2.520370e-04
7.671000e-01,3.460521e-04
7.672000e-01,4.400672e-04
7.673000e-01,5.340823e-04
7.674000e-01,3.032252e-04
7.675000e-01,2.092101e-04
7.676000e-01,1.151950e-04
7.677000e-01,2.117993e-05
7.678000e-01,7.283515e-05
7.679000e-01,1.668502e-04
7.680000e-01,2.608653e-04
7.681000e-01,3.548804e-04
7.682000e-01,4.488955e-04
7.683000e-01,5.429106e-04
7.684000e-01,2.943969e-04
7.685000e-01,2.003818e-04
7.686000e-01,1.063667e-04
7.687000e-01,1.235165e-05
7.688000e-01,8.166344e-05
7.689000e-01,1.756785e-04
7.690000e-01,2.696936e-04
7.691000e-01,3.637087e-04
7.692000e-01,4.577238e-04
7.693000e-01,5.517389e-04
7.694000e-01,2.855686e-04
7.695000e-01,1.915535e-04
7.696000e-01,9.753845e-05
7.697000e-01,3.523362e-06
7.698000e-01,9.049172e-05
7.699000e-01,1.845068e-04
7.700000e-01,2.785219e-04
7.701000e-01,3.725370e-04
7.702000e-01,4.665521e-04
7.703000e-01,5.605672e-04
7.704000e-01,2.767403e-04
7.705000e-01,1.827252e-04
7.706000e-01,8.871016e-05
7.707000e-01,5.304923e-06
7.708000e-01,9.932001e-05
7.709000e-01,1.933351e-04
7.710000e-01,2.873502e-04
7.711000e-01,3.813653e-04
7.712000e-01,4.753804e-04
7.713000e-01,5.693954e-04
7.714000e-01,2.679120e-04
7.715000e-01,1.738970e-04
7.716000e-01,7.988188e-05
7.717000e-01,1.413321e-05
7.718000e-01,1.081483e-04
7.719000e-01,2.021634e-04
7.720000e-01,2.961785e-04
7.721000e-01,3.901936e-04
7.722000e-01,4.842086e-04
7.723000e-01,5.782237e-04
7.724000e-01,2.590838e-04
7.725000e-01,1.650687e-04
7.726000e-01,7.105359e-05
7.727000e-01,2.296149e-05
7.728000e-01,1.169766e-04
7.729000e-01,2.109917e-04
7.730000e-01,3.050068e-04
7.731000e-01,3.990218e-04
7.732000e-01,4.930369e-04
7.733000e-01,5.870520e-04
7.734000e-01,2.502555e-04
7.735000e-01,1.562404e-04
7.736000e-01,6.222531e-05
7.737000e-01,3.178978e-05
7.738000e-01,1.258049e-04
7.739000e-01,2.198200e-04
7.740000e-01,3.138350e-04
7.741000e-01,4.078501e-04
7.742000e-01,5.018652e-04
7.743000e-01,5.958803e-04
7.744000e-01,2.414272e-04
7.745000e-01,1.474121e-04
7.746000e-01,5.339702e-05
7.747000e-01,4.061807e-05
7.748000e-01,1.346332e-04
7.749000e-01,2.286482e-04
7.750000e-01,3.226633e-04
7.751000e-01,4.166784e-04
7.752000e-01,5.106935e-04
7.753000e-01,6.047086e-04
7.754000e-01,2.325989e-04
7.755000e-01,1.385838e-04
7.756000e-01,4.456873e-05
7.757000e-01,4.944635e-05
7.758000e-01,1.434614e-04
7.759000e-01,2.374765e-04
7.760000e-01,3.314916e-04
7.761000e-01,4.255067e-04
7.762000e-01,5.195218e-04
7.763000e-01,6.135369e-04
7.764000e-01,2.237706e-04
7.765000e-01,1.297555e-04
7.766000e-01,3.574045e-05
7.767000e-01,5.827464e-05
7.768000e-01,1.522897e-04
7.769000e-01,2.463048e-04
7.770000e-01,3.403199e-04
7.771000e-01,4.343350e-04
7.772000e-01,5.283501e-04
7.773000e-01,6.223652e-04
7.774000e-01,2.149423e-04
7.775000e-01,1.209272e-04
7.776000e-01,2.691216e-05
7.777000e-01,6.710292e-05
7.778000e-01,1.611180e-04
7.779000e-01,2.551331e-04
7.780000e-01,3.491482e-04
7.781000e-01,4.431633e-04
7.782000e-01,5.371784e-04
7.783000e-01,6.311934e-04
7.784000e-01,2.061140e-04
7.785000e-01,1.120990e-04
7.786000e-01,1.808388e-05
7.787000e-01,7.593121e-05
7.788000e-01,1.699463e-04
7.789000e-01,2.639614e-04
7.790000e-01,3.579765e-04
7.791000e-01,4.519916e-04
7.792000e-01,5.460066e-04
7.793000e-01,6.400217e-04
7.794000e-01,1.972858e-04
7.795000e-01,1.032707e-04
7.796000e-01,9.255592e-06
7.797000e-01,8.475949e-05
7.798000e-01,1.787746e-04
7.799000e-01,2.727897e-04
7.800000e-01,3.668048e-04
7.801000e-01,4.608198e-04
7.802000e-01,5.548349e-04
7.803000e-01,6.488500e-04
7.804000e-01,7.428651e-04
7.805000e-01,9.444239e-05
7.806000e-01,4.273067e-07
7.807000e-01,9.358778e-05
7.808000e-01,1.876029e-04
7.809000e-01,2.816180e-04
7.810000e-01,3.756330e-04
7.811000e-01,4.696481e-04
7.812000e-01,5.636632e-04
7.813000e-01,6.576783e-04
7.814000e-01,7.516934e-04
7.815000e-01,8.561411e-05
7.816000e-01,8.400979e-06
7.817000e-01,1.024161e-04
7.818000e-01,1.964312e-04
7.819000e-01,2.904462e-04
7.820000e-01,3.844613e-04
7.821000e-01,4.784764e-04
7.822000e-01,5.724915e-04
7.823000e-01,6.665066e-04
7.824000e-01,7.605217e-04
7.825000e-01,7.678582e-05
7.826000e-01,1.722926e-05
7.827000e-01,1.112444e-04
7.828000e-01,2.052594e-04
7.829000e-01,2.992745e-04
7.830000e-01,3.932896e-04
7.831000e-01,4.873047e-04
7.832000e-01,5.813198e-04
7.833000e-01,6.753349e-04
7.834000e-01,7.693500e-04
7.835000e-01,6.795754e-05
7.836000e-01,2.605755e-05
7.837000e-01,1.200726e-04
7.838000e-01,2.140877e-04
7.839000e-01,3.081028e-04
7.840000e-01,4.021179e-04
7.841000e-01,4.961330e-04
7.842000e-01,5.901481e-04
7.843000e-01,6.841632e-04
7.844000e-01,7.781782e-04
7.845000e-01,5.912925e-05
7.846000e-01,3.488584e-05
7.847000e-01,1.289009e-04
7.848000e-01,2.229160e-04
7.849000e-01,3.169311e-04
7.850000e-01,4.109462e-04
7.851000e-01,5.049613e-04
7.852000e-01,5.989764e-04
7.853000e-01,6.929914e-04
7.854000e-01,7.870065e-04
7.855000e-01,5.030096e-05
7.856000e-01,4.371412e-05
7.857000e-01,1.377292e-04
7.858000e-01,2.317443e-04
7.859000e-01,3.257594e-04
7.860000e-01,4.197745e-04
7.861000e-01,5.137896e-04
7.862000e-01,6.078046e-04
7.863000e-01,7.018197e-04
7.864000e-01,7.958348e-04
7.865000e-01,4.147268e-05
7.866000e-01,5.254241e-05
7.867000e-01,1.465575e-04
7.868000e-01,2.405726e-04
7.869000e-01,3.345877e-04
7.870000e-01,4.286028e-04
7.871000e-01,5.226178e-04
7.872000e-01,6.166329e-04
7.873000e-01,7.106480e-04
7.874000e-01,8.046631e-04
7.875000e-01,3.264439e-05
7.876000e-01,6.137069e-05
7.877000e-01,1.553858e-04
7.878000e-01,2.494009e-04
7.879000e-01,3.434160e-04
7.880000e-01,4.374310e-04
7.881000e-01,5.314461e-04
7.882000e-01,6.254612e-04
7.883000e-01,7.194763e-04
7.884000e-01,8.134914e-04
7.885000e-01,2.381611e-05
7.886000e-01,7.019898e-05
7.887000e-01,1.642141e-04
7.888000e-01,2.582292e-04
7.889000e-01,3.522442e-04
7.890000e-01,4.462593e-04
7.891000e-01,5.402744e-04
7.892000e-01,6.342895e-04
7.893000e-01,7.283046e-04
7.894000e-01,8.223197e-04
7.895000e-01,1.498782e-05
7.896000e-01,7.902726e-05
7.897000e-01,1.730423e-04
7.898000e-01,2.670574e-04
7.899000e-01,3.610725e-04
7.900000e-01,4.550876e-04
7.901000e-01,5.491027e-04
7.902000e-01,6.431178e-04
7.903000e-01,7.371329e-04
7.904000e-01,8.311480e-04
7.905000e-01,6.159537e-06
7.906000e-01,8.785555e-05
7.907000e-01,1.818706e-04
7.908000e-01,2.758857e-04
7.909000e-01,3.699008e-04
7.910000e-01,4.639159e-04
7.911000e-01,5.579310e-04
7.912000e-01,6.519461e-04
7.913000e-01,7.459612e-04
7.914000e-01,8.399762e-04
7.915000e-01,2.668749e-06
7.916000e-01,9.668383e-05
7.917000e-01,1.906989e-04
7.918000e-01,2.847140e-04
7.919000e-01,3.787291e-04
7.920000e-01,4.727442e-04
7.921000e-01,5.667593e-04
7.922000e-01,6.607744e-04
7.923000e-01,7.547894e-04
7.924000e-01,8.488045e-04
7.925000e-01,1.149703e-05
7.926000e-01,1.055121e-04
7.927000e-01,1.995272e-04
7.928000e-01,2.935423e-04
7.929000e-01,3.875574e-04
7.930000e-01,4.815725e-04
7.931000e-01,5.755876e-04
7.932000e-01,6.696026e-04
7.933000e-01,7.636177e-04
7.934000e-01,7.368977e-05
7.935000e-01,2.032532e-05
7.936000e-01,1.143404e-04
7.937000e-01,2.083555e-04
7.938000e-01,3.023706e-04
7.939000e-01,3.963857e-04
7.940000e-01,4.904008e-04
7.941000e-01,5.844158e-04
7.942000e-01,6.784309e-04
7.943000e-01,7.724460e-04
7.944000e-01,6.486148e-05
7.945000e-01,2.915361e-05
7.946000e-01,1.231687e-04
7.947000e-01,2.171838e-04
7.948000e-01,3.111989e-04
7.949000e-01,4.052139e-04
7.950000e-01,4.992290e-04
7.951000e-01,5.932441e-04
7.952000e-01,6.872592e-04
7.953000e-01,1.500483e-04
7.954000e-01,5.603319e-05
7.955000e-01,3.798189e-05
7.956000e-01,1.319970e-04
7.957000e-01,2.260121e-04
7.958000e-01,3.200271e-04
7.959000e-01,4.140422e-04
7.960000e-01,5.080573e-04
7.961000e-01,6.020724e-04
7.962000e-01,6.960875e-04
7.963000e-01,1.412200e-04
7.964000e-01,4.720491e-05
7.965000e-01,4.681018e-05
7.966000e-01,1.408253e-04
7.967000e-01,2.348403e-04
7.968000e-01,3.288554e-04
7.969000e-01,4.228705e-04
7.970000e-01,5.168856e-04
7.971000e-01,6.109007e-04
7.972000e-01,2.264068e-04
7.973000e-01,1.323917e-04
7.974000e-01,3.837662e-05
7.975000e-01,5.563846e-05
7.976000e-01,1.496535e-04
7.977000e-01,2.436686e-04
7.978000e-01,3.376837e-04
7.979000e-01,4.316988e-04
7.980000e-01,5.257139e-04
7.981000e-01,6.197290e-04
7.982000e-01,2.175785e-04
7.983000e-01,1.235634e-04
7.984000e-01,2.954834e-05
7.985000e-01,6.446675e-05
7.986000e-01,1.584818e-04
7.987000e-01,2.524969e-04
7.988000e-01,3.465120e-04
7.989000e-01,4.405271e-04
7.990000e-01,5.345422e-04
7.991000e-01,3.027653e-04
7.992000e-01,2.087502e-04
7.993000e-01,1.147351e-04
7.994000e-01,2.072005e-05
7.995000e-01,7.329503e-05
7.996000e-01,1.673101e-04
7.997000e-01,2.613252e-04
7.998000e-01,3.553403e-04
7.999000e-01,4.493554e-04
8.000000e-01,5.433705e-04
8.001000e-01,2.939370e-04
8.002000e-01,1.999219e-04
8.003000e-01,1.059069e-04
8.004000e-01,1.189177e-05
8.005000e-01,8.212332e-05
8.006000e-01,1.761384e-04
8.007000e-01,2.701535e-04
8.008000e-01,3.641686e-04
8.009000e-01,4.581837e-04
8.010000e-01,3.791238e-04
8.011000e-01,2.851087e-04
8.012000e-01,1.910937e-04
8.013000e-01,9.707857e-05
8.014000e-01,3.063481e-06
8.015000e-01,9.095161e-05
8.016000e-01,1.849667e-04
8.017000e-01,2.789818e-04
8.018000e-01,3.729969e-04
8.019000e-01,4.643106e-04
8.020000e-01,3.702955e-04
8.021000e-01,2.762805e-04
8.022000e-01,1.822654e-04
8.023000e-01,8.825028e-05
8.024000e-01,5.764805e-06
8.025000e-01,9.977989e-05
8.026000e-01,1.937950e-04
8.027000e-01,2.878101e-04
8.028000e-01,3.818251e-04
8.029000e-01,4.554823e-04
8.030000e-01,3.614673e-04
8.031000e-01,2.674522e-04
8.032000e-01,1.734371e-04
8.033000e-01,7.942200e-05
8.034000e-01,1.459309e-05
8.035000e-01,1.086082e-04
8.036000e-01,2.026233e-04
8.037000e-01,2.966383e-04
8.038000e-01,5.406691e-04
8.039000e-01,4.466541e-04
8.040000e-01,3.526390e-04
8.041000e-01,2.586239e-04
8.042000e-01,1.646088e-04
8.043000e-01,7.059371e-05
8.044000e-01,2.342138e-05
8.045000e-01,1.174365e-04
8.046000e-01,2.114515e-04
8.047000e-01,3.054666e-04
8.048000e-01,5.318409e-04
8.049000e-01,4.378258e-04
8.050000e-01,3.438107e-04
8.051000e-01,2.497956e-04
8.052000e-01,1.557805e-04
8.053000e-01,6.176542e-05
8.054000e-01,3.224966e-05
8.055000e-01,1.262647e-04
8.056000e-01,2.202798e-04
8.057000e-01,6.170277e-04
8.058000e-01,5.230126e-04
8.059000e-01,4.289975e-04
8.060000e-01,3.349824e-04
8.061000e-01,2.409673e-04
8.062000e-01,1.469522e-04
8.063000e-01,5.293714e-05
8.064000e-01,4.107795e-05
8.065000e-01,1.350930e-04
8.066000e-01,2.291081e-04
8.067000e-01,6.081994e-04
8.068000e-01,5.141843e-04
8.069000e-01,4.201692e-04
8.070000e-01,3.261541e-04
8.071000e-01,2.321390e-04
8.072000e-01,1.381239e-04
8.073000e-01,4.410885e-05
8.074000e-01,4.990623e-05
8.075000e-01,1.439213e-04
8.076000e-01,2.379364e-04
8.077000e-01,5.993711e-04
8.078000e-01,5.053560e-04
8.079000e-01,4.113409e-04
8.080000e-01,3.173258e-04
8.081000e-01,2.233107e-04
8.082000e-01,1.292957e-04
8.083000e-01,3.528057e-05
8.084000e-01,5.873452e-05
8.085000e-01,1.527496e-04
8.086000e-01,2.467647e-04
8.087000e-01,5.905428e-04
8.088000e-01,4.965277e-04
8.089000e-01,4.025126e-04
8.090000e-01,3.084975e-04
8.091000e-01,2.144825e-04
8.092000e-01,1.204674e-04
8.093000e-01,2.645228e-05
8.094000e-01,6.756280e-05
8.095000e-01,1.615779e-04
8.096000e-01,2.555930e-04
8.097000e-01,5.817145e-04
8.098000e-01,4.876994e-04
8.099000e-01,3.936843e-04
8.100000e-01,2.996693e-04
8.101000e-01,2.056542e-04
8.102000e-01,1.116391e-04
8.103000e-01,1.762400e-05
8.104000e-01,7.639109e-05
8.105000e-01,1.704062e-04
8.106000e-01,2.644213e-04
8.107000e-01,5.728862e-04
8.108000e-01,4.788711e-04
8.109000e-01,3.848561e-04
8.110000e-01,2.908410e-04
8.111000e-01,1.968259e-04
8.112000e-01,1.028108e-04
8.113000e-01,8.795711e-06
8.114000e-01,8.521938e-05
8.115000e-01,1.792345e-04
8.116000e-01,2.732495e-04
8.117000e-01,5.640579e-04
8.118000e-01,4.700429e-04
8.119000e-01,3.760278e-04
8.120000e-01,2.820127e-04
8.121000e-01,1.879976e-04
8.122000e-01,9.398251e-05
8.123000e-01,3.257469e-08
8.124000e-01,9.404766e-05
8.125000e-01,1.880627e-04
8.126000e-01,2.820778e-04
8.127000e-01,5.552297e-04
8.128000e-01,4.612146e-04
8.129000e-01,3.671995e-04
8.130000e-01,2.731844e-04
8.131000e-01,1.791693e-04
8.132000e-01,8.515423e-05
8.133000e-01,8.860860e-06
8.134000e-01,1.028759e-04
8.135000e-01,1.968910e-04
8.136000e-01,2.909061e-04
8.137000e-01,5.464014e-04
8.138000e-01,4.523863e-04
8.139000e-01,3.583712e-04
8.140000e-01,2.643561e-04
8.141000e-01,1.703410e-04
8.142000e-01,7.632594e-05
8.143000e-01,1.768915e-05
8.144000e-01,1.117042e-04
8.145000e-01,2.057193e-04
8.146000e-01,2.997344e-04
8.147000e-01,5.375731e-04
8.148000e-01,4.435580e-04
8.149000e-01,3.495429e-04
8.150000e-01,2.555278e-04
8.151000e-01,1.615127e-04
8.152000e-01,6.749765e-05
8.153000e-01,2.651743e-05
8.154000e-01,1.205325e-04
8.155000e-01,2.145476e-04
8.156000e-01,3.085627e-04
8.157000e-01,5.287448e-04
8.158000e-01,4.347297e-04
8.159000e-01,3.407146e-04
8.160000e-01,2.466995e-04
8.161000e-01,1.526845e-04
8.162000e-01,5.866937e-05
8.163000e-01,3.534572e-05
8.164000e-01,1.293608e-04
8.165000e-01,2.233759e-04
8.166000e-01,3.173910e-04
8.167000e-01,5.199165e-04
8.168000e-01,4.259014e-04
8.169000e-01,3.318863e-04
8.170000e-01,2.378713e-04
8.171000e-01,1.438562e-04
8.172000e-01,4.984108e-05
8.173000e-01,4.417400e-05
8.174000e-01,1.381891e-04
8.175000e-01,2.322042e-04
8.176000e-01,3.262193e-04
8.177000e-01,5.110882e-04
8.178000e-01,4.170731e-04
8.179000e-01,3.230581e-04
8.180000e-01,2.290430e-04
8.181000e-01,1.350279e-04
8.182000e-01,4.101280e-05
8.183000e-01,5.300229e-05
8.184000e-01,1.470174e-04
8.185000e-01,2.410325e-04
8.186000e-01,3.350475e-04
8.187000e-01,5.022599e-04
8.188000e-01,4.082449e-04
8.189000e-01,3.142298e-04
8.190000e-01,2.202147e-04
8.191000e-01,1.261996e-04
8.192000e-01,3.218451e-05
8.193000e-01,6.183057e-05
8.194000e-01,1.558457e-04
8.195000e-01,2.498607e-04
8.196000e-01,3.438758e-04
8.197000e-01,4.378909e-04
8.198000e-01,3.994166e-04
8.199000e-01,3.054015e-04
8.200000e-01,2.113864e-04
8.201000e-01,1.173713e-04
8.202000e-01,2.335623e-05
8.203000e-01,7.065886e-05
8.204000e-01,1.646739e-04
8.205000e-01,2.586890e-04
8.206000e-01,3.527041e-04
8.207000e-01,4.467192e-04
8.208000e-01,3.905883e-04
8.209000e-01,2.965732e-04
8.210000e-01,2.025581e-04
8.211000e-01,1.085430e-04
8.212000e-01,1.452794e-05
8.213000e-01,7.948715e-05
8.214000e-01,1.735022e-04
8.215000e-01,2.675173e-04
8.216000e-01,3.615324e-04
8.217000e-01,4.555475e-04
8.218000e-01,3.817600e-04
8.219000e-01,2.877449e-04
8.220000e-01,1.937298e-04
8.221000e-01,9.971474e-05
8.222000e-01,5.699655e-06
8.223000e-01,8.831543e-05
8.224000e-01,1.823305e-04
8.225000e-01,2.763456e-04
8.226000e-01,3.703607e-04
8.227000e-01,4.643758e-04
8.228000e-01,3.729317e-04
8.229000e-01,2.789166e-04
8.230000e-01,1.849015e-04
8.231000e-01,9.088646e-05
8.232000e-01,3.128630e-06
8.233000e-01,9.714372e-05
8.234000e-01,1.911588e-04
8.235000e-01,2.851739e-04
8.236000e-01,3.791890e-04
8.237000e-01,4.732041e-04
8.238000e-01,3.641034e-04
8.239000e-01,2.700883e-04
8.240000e-01,1.760733e-04
8.241000e-01,8.205817e-05
8.242000e-01,1.195692e-05
8.243000e-01,1.059720e-04
8.244000e-01,1.999871e-04
8.245000e-01,2.940022e-04
8.246000e-01,3.880173e-04
8.247000e-01,4.820323e-04
8.248000e-01,3.552751e-04
8.249000e-01,2.612601e-04
8.250000e-01,1.672450e-04
8.251000e-01,7.322988e-05
8.252000e-01,2.078520e-05
8.253000e-01,1.148003e-04
8.254000e-01,2.088154e-04
8.255000e-01,3.028305e-04
8.256000e-01,3.968455e-04
8.257000e-01,4.908606e-04
8.258000e-01,3.464469e-04
8.259000e-01,2.524318e-04
8.260000e-01,1.584167e-04
8.261000e-01,6.440160e-05
8.262000e-01,2.961349e-05
8.263000e-01,1.236286e-04
8.264000e-01,2.176437e-04
8.265000e-01,3.116587e-04
8.266000e-01,4.056738e-04
8.267000e-01,4.996889e-04
8.268000e-01,3.376186e-04
8.269000e-01,2.436035e-04
8.270000e-01,1.495884e-04
8.271000e-01,5.557331e-05
8.272000e-01,3.844177e-05
8.273000e-01,1.324569e-04
8.274000e-01,2.264719e-04
8.275000e-01,3.204870e-04
8.276000e-01,4.145021e-04
8.277000e-01,5.085172e-04
8.278000e-01,3.287903e-04
8.279000e-01,2.347752e-04
8.280000e-01,1.407601e-04
8.281000e-01,4.674503e-05
8.282000e-01,4.727006e-05
8.283000e-01,1.412851e-04
8.284000e-01,2.353002e-04
8.285000e-01,3.293153e-04
8.286000e-01,4.233304e-04
8.287000e-01,5.173455e-04
8.288000e-01,3.199620e-04
8.289000e-01,2.259469e-04
8.290000e-01,1.319318e-04
8.291000e-01,3.791674e-05
8.292000e-01,5.609834e-05
8.293000e-01,1.501134e-04
8.294000e-01,2.441285e-04
8.295000e-01,3.381436e-04
8.296000e-01,4.321587e-04
8.297000e-01,5.261738e-04
8.298000e-01,3.111337e-04
8.299000e-01,2.171186e-04
8.300000e-01,1.231035e-04
8.301000e-01,2.908846e-05
8.302000e-01,6.492663e-05
8.303000e-01,1.589417e-04
8.304000e-01,2.529568e-04
8.305000e-01,3.469719e-04
8.306000e-01,4.409870e-04
8.307000e-01,5.350021e-04
8.308000e-01,3.023054e-04
8.309000e-01,2.082903e-04
8.310000e-01,1.142753e-04
8.311000e-01,2.026017e-05
8.312000e-01,7.375492e-05
8.313000e-01,1.677700e-04
8.314000e-01,2.617851e-04
8.315000e-01,3.558002e-04
8.316000e-01,4.498153e-04
8.317000e-01,5.438303e-04
8.318000e-01,2.934771e-04
8.319000e-01,1.994621e-04
8.320000e-01,1.054470e-04
8.321000e-01,1.143189e-05
8.322000e-01,8.258320e-05
8.323000e-01,1.765983e-04
8.324000e-01,2.706134e-04
8.325000e-01,3.646285e-04
8.326000e-01,4.586435e-04
8.327000e-01,5.526586e-04
8.328000e-01,6.466737e-04
8.329000e-01,1.906338e-04
8.330000e-01,9.661869e-05
8.331000e-01,2.603600e-06
8.332000e-01,9.141149e-05
8.333000e-01,1.854266e-04
8.334000e-01,2.794417e-04
8.335000e-01,3.734567e-04
8.336000e-01,4.674718e-04
8.337000e-01,5.614869e-04
8.338000e-01,6.555020e-04
8.339000e-01,1.818055e-04
8.340000e-01,8.779040e-05
8.341000e-01,6.224686e-06
8.342000e-01,1.002398e-04
8.343000e-01,1.942549e-04
8.344000e-01,2.882699e-04
8.345000e-01,3.822850e-04
8.346000e-01,4.763001e-04
8.347000e-01,5.703152e-04
8.348000e-01,6.643303e-04
8.349000e-01,1.729772e-04
8.350000e-01,7.896211e-05
8.351000e-01,1.505297e-05
8.352000e-01,1.090681e-04
8.353000e-01,2.030831e-04
8.354000e-01,2.970982e-04
8.355000e-01,3.911133e-04
8.356000e-01,4.851284e-04
8.357000e-01,5.791435e-04
8.358000e-01,6.731586e-04
8.359000e-01,1.641489e-04
8.360000e-01,7.013383e-05
8.361000e-01,2.388126e-05
8.362000e-01,1.178963e-04
8.363000e-01,2.119114e-04
8.364000e-01,3.059265e-04
8.365000e-01,3.999416e-04
8.366000e-01,4.939567e-04
8.367000e-01,5.879718e-04
8.368000e-01,6.819869e-04
8.369000e-01,1.553206e-04
8.370000e-01,6.130554e-05
8.371000e-01,3.270954e-05
8.372000e-01,1.267246e-04
8.373000e-01,2.207397e-04
8.374000e-01,3.147548e-04
8.375000e-01,4.087699e-04
8.376000e-01,5.027850e-04
8.377000e-01,5.968001e-04
8.378000e-01,6.908151e-04
8.379000e-01,1.464923e-04
8.380000e-01,5.247726e-05
8.381000e-01,4.153783e-05
8.382000e-01,1.355529e-04
8.383000e-01,2.295680e-04
8.384000e-01,3.235831e-04
8.385000e-01,4.175982e-04
8.386000e-01,5.116133e-04
8.387000e-01,6.056283e-04
8.388000e-01,6.996434e-04
8.389000e-01,1.376641e-04
8.390000e-01,4.364897e-05
8.391000e-01,5.036611e-05
8.392000e-01,1.443812e-04
8.393000e-01,2.383963e-04
8.394000e-01,3.324114e-04
8.395000e-01,4.264265e-04
8.396000e-01,5.204415e-04
8.397000e-01,6.144566e-04
8.398000e-01,7.084717e-04
8.399000e-01,1.288358e-04
8.400000e-01,3.482069e-05
8.401000e-01,5.919440e-05
8.402000e-01,1.532095e-04
8.403000e-01,2.472246e-04
8.404000e-01,3.412397e-04
8.405000e-01,4.352547e-04
8.406000e-01,5.292698e-04
8.407000e-01,6.232849e-04
8.408000e-01,7.173000e-04
8.409000e-01,1.200075e-04
8.410000e-01,2.599240e-05
8.411000e-01,6.802269e-05
8.412000e-01,1.620378e-04
8.413000e-01,2.560529e-04
8.414000e-01,3.500679e-04
8.415000e-01,4.440830e-04
8.416000e-01,5.380981e-04
8.417000e-01,6.321132e-04
8.418000e-01,7.261283e-04
8.419000e-01,1.111792e-04
8.420000e-01,1.716412e-05
8.421000e-01,7.685097e-05
8.422000e-01,1.708661e-04
8.423000e-01,2.648811e-04
8.424000e-01,3.588962e-04
8.425000e-01,4.529113e-04
8.426000e-01,5.469264e-04
8.427000e-01,6.409415e-04
8.428000e-01,7.349566e-04
8.429000e-01,1.023509e-04
8.430000e-01,8.335830e-06
8.431000e-01,8.567926e-05
8.432000e-01,1.796943e-04
8.433000e-01,2.737094e-04
8.434000e-01,3.677245e-04
8.435000e-01,4.617396e-04
8.436000e-01,5.557547e-04
8.437000e-01,6.497698e-04
8.438000e-01,7.437849e-04
8.439000e-01,9.352263e-05
8.440000e-01,4.924561e-07
8.441000e-01,9.450754e-05
8.442000e-01,1.885226e-04
8.443000e-01,2.825377e-04
8.444000e-01,3.765528e-04
8.445000e-01,4.705679e-04
8.446000e-01,5.645830e-04
8.447000e-01,6.585981e-04
8.448000e-01,7.526131e-04
8.449000e-01,8.469434e-05
8.450000e-01,9.320742e-06
8.451000e-01,1.033358e-04
8.452000e-01,1.973509e-04
8.453000e-01,2.913660e-04
8.454000e-01,3.853811e-04
8.455000e-01,4.793962e-04
8.456000e-01,5.734113e-04
8.457000e-01,6.674263e-04
8.458000e-01,7.614414e-04
8.459000e-01,8.554565e-04
8.460000e-01,1.814903e-05
8.461000e-01,1.121641e-04
8.462000e-01,2.061792e-04
8.463000e-01,3.001943e-04
8.464000e-01,3.942094e-04
8.465000e-01,4.882245e-04
8.466000e-01,5.822395e-04
8.467000e-01,6.762546e-04
8.468000e-01,7.702697e-04
8.469000e-01,8.642848e-04
8.470000e-01,2.697731e-05
8.471000e-01,1.209924e-04
8.472000e-01,2.150075e-04
8.473000e-01,3.090226e-04
8.474000e-01,4.030377e-04
8.475000e-01,4.970527e-04
8.476000e-01,5.910678e-04
8.477000e-01,6.850829e-04
8.478000e-01,7.790980e-04
8.479000e-01,8.731131e-04
8.480000e-01,3.580560e-05
8.481000e-01,1.298207e-04
8.482000e-01,2.238358e-04
8.483000e-01,3.178509e-04
8.484000e-01,4.118659e-04
8.485000e-01,5.058810e-04
8.486000e-01,5.998961e-04
8.487000e-01,6.939112e-04
8.488000e-01,7.879263e-04
8.489000e-01,8.819414e-04
8.490000e-01,4.463388e-05
8.491000e-01,1.386490e-04
8.492000e-01,2.326641e-04
8.493000e-01,3.266791e-04
8.494000e-01,4.206942e-04
8.495000e-01,5.147093e-04
8.496000e-01,6.087244e-04
8.497000e-01,7.027395e-04
8.498000e-01,7.967546e-04
8.499000e-01,8.907697e-04
8.500000e-01,5.346217e-05
8.501000e-01,1.474773e-04
8.502000e-01,2.414923e-04
8.503000e-01,3.355074e-04
8.504000e-01,4.295225e-04
8.505000e-01,5.235376e-04
8.506000e-01,6.175527e-04
8.507000e-01,7.115678e-04
8.508000e-01,8.055829e-04
8.509000e-01,8.995979e-04
8.510000e-01,6.229046e-05
8.511000e-01,1.563055e-04
8.512000e-01,2.503206e-04
8.513000e-01,3.443357e-04
8.514000e-01,4.383508e-04
8.515000e-01,5.323659e-04
8.516000e-01,6.263810e-04
8.517000e-01,7.203961e-04
8.518000e-01,8.144111e-04
8.519000e-01,2.289635e-05
8.520000e-01,7.111874e-05
8.521000e-01,1.651338e-04
8.522000e-01,2.591489e-04
8.523000e-01,3.531640e-04
8.524000e-01,4.471791e-04
8.525000e-01,5.411942e-04
8.526000e-01,6.352093e-04
8.527000e-01,7.292243e-04
8.528000e-01,8.232394e-04
8.529000e-01,1.406806e-05
8.530000e-01,7.994703e-05
8.531000e-01,1.739621e-04
8.532000e-01,2.679772e-04
8.533000e-01,3.619923e-04
8.534000e-01,4.560074e-04
8.535000e-01,5.500225e-04
8.536000e-01,6.440375e-04
8.537000e-01,7.380526e-04
8.538000e-01,9.925486e-05
8.539000e-01,5.239774e-06
8.540000e-01,8.877531e-05
8.541000e-01,1.827904e-04
8.542000e-01,2.768055e-04
8.543000e-01,3.708206e-04
8.544000e-01,4.648357e-04
8.545000e-01,5.588507e-04
8.546000e-01,6.528658e-04
8.547000e-01,7.468809e-04
8.548000e-01,9.042657e-05
8.549000e-01,3.588512e-06
8.550000e-01,9.760360e-05
8.551000e-01,1.916187e-04
8.552000e-01,2.856338e-04
8.553000e-01,3.796489e-04
8.554000e-01,4.736639e-04
8.555000e-01,5.676790e-04
8.556000e-01,6.616941e-04
8.557000e-01,1.756134e-04
8.558000e-01,8.159829e-05
8.559000e-01,1.241680e-05
8.560000e-01,1.064319e-04
8.561000e-01,2.004470e-04
8.562000e-01,2.944621e-04
8.563000e-01,3.884771e-04
8.564000e-01,4.824922e-04
8.565000e-01,5.765073e-04
8.566000e-01,6.705224e-04
8.567000e-01,1.667851e-04
8.568000e-01,7.277000e-05
8.569000e-01,2.124508e-05
8.570000e-01,1.152602e-04
8.571000e-01,2.092753e-04
8.572000e-01,3.032903e-04
8.573000e-01,3.973054e-04
8.574000e-01,4.913205e-04
8.575000e-01,5.853356e-04
8.576000e-01,2.519719e-04
8.577000e-01,1.579568e-04
8.578000e-01,6.394172e-05
8.579000e-01,3.007337e-05
8.580000e-01,1.240885e-04
8.581000e-01,2.181035e-04
8.582000e-01,3.121186e-04
8.583000e-01,4.061337e-04
8.584000e-01,5.001488e-04
8.585000e-01,3.371587e-04
8.586000e-01,2.431436e-04
8.587000e-01,1.491285e-04
8.588000e-01,5.511343e-05
8.589000e-01,3.890165e-05
8.590000e-01,1.329167e-04
8.591000e-01,2.269318e-04
8.592000e-01,3.209469e-04
8.593000e-01,4.149620e-04
8.594000e-01,5.089771e-04
8.595000e-01,3.283304e-04
8.596000e-01,2.343153e-04
8.597000e-01,1.403002e-04
8.598000e-01,4.628515e-05
8.599000e-01,4.772994e-05
8.600000e-01,1.417450e-04
8.601000e-01,2.357601e-04
8.602000e-01,3.297752e-04
8.603000e-01,4.237903e-04
8.604000e-01,4.135172e-04
8.605000e-01,3.195021e-04
8.606000e-01,2.254870e-04
8.607000e-01,1.314719e-04
8.608000e-01,3.745686e-05
8.609000e-01,5.655823e-05
8.610000e-01,1.505733e-04
8.611000e-01,2.445884e-04
8.612000e-01,3.386035e-04
8.613000e-01,4.326186e-04
8.614000e-01,4.046889e-04
8.615000e-01,3.106738e-04
8.616000e-01,2.166587e-04
8.617000e-01,1.226437e-04
8.618000e-01,2.862858e-05
8.619000e-01,6.538651e-05
8.620000e-01,1.594016e-04
8.621000e-01,2.534167e-04
8.622000e-01,3.474318e-04
8.623000e-01,4.898757e-04
8.624000e-01,3.958606e-04
8.625000e-01,3.018455e-04
8.626000e-01,2.078305e-04
8.627000e-01,1.138154e-04
8.628000e-01,1.980029e-05
8.629000e-01,7.421480e-05
8.630000e-01,1.682299e-04
8.631000e-01,2.622450e-04
8.632000e-01,3.562601e-04
8.633000e-01,4.810474e-04
8.634000e-01,3.870323e-04
8.635000e-01,2.930173e-04
8.636000e-01,1.990022e-04
8.637000e-01,1.049871e-04
8.638000e-01,1.097200e-05
8.639000e-01,8.304308e-05
8.640000e-01,1.770582e-04
8.641000e-01,2.710733e-04
8.642000e-01,5.662342e-04
8.643000e-01,4.722191e-04
8.644000e-01,3.782041e-04
8.645000e-01,2.841890e-04
8.646000e-01,1.901739e-04
8.647000e-01,9.615880e-05
8.648000e-01,2.143718e-06
8.649000e-01,9.187137e-05
8.650000e-01,1.858865e-04
8.651000e-01,6.514210e-04
8.652000e-01,5.574059e-04
8.653000e-01,4.633909e-04
8.654000e-01,3.693758e-04
8.655000e-01,2.753607e-04
8.656000e-01,1.813456e-04
8.657000e-01,8.733052e-05
8.658000e-01,6.684567e-06
8.659000e-01,1.006997e-04
8.660000e-01,1.947147e-04
8.661000e-01,6.425927e-04
8.662000e-01,5.485777e-04
8.663000e-01,4.545626e-04
8.664000e-01,3.605475e-04
8.665000e-01,2.665324e-04
8.666000e-01,1.725173e-04
8.667000e-01,7.850223e-05
8.668000e-01,1.551285e-05
8.669000e-01,1.095279e-04
8.670000e-01,2.035430e-04
8.671000e-01,6.337645e-04
8.672000e-01,5.397494e-04
8.673000e-01,4.457343e-04
8.674000e-01,3.517192e-04
8.675000e-01,2.577041e-04
8.676000e-01,1.636890e-04
8.677000e-01,6.967395e-05
8.678000e-01,2.434114e-05
8.679000e-01,1.183562e-04
8.680000e-01,2.123713e-04
8.681000e-01,6.249362e-04
8.682000e-01,5.309211e-04
8.683000e-01,4.369060e-04
8.684000e-01,3.428909e-04
8.685000e-01,2.488758e-04
8.686000e-01,1.548607e-04
8.687000e-01,6.084566e-05
8.688000e-01,3.316942e-05
8.689000e-01,1.271845e-04
8.690000e-01,2.211996e-04
8.691000e-01,6.161079e-04
8.692000e-01,5.220928e-04
8.693000e-01,4.280777e-04
8.694000e-01,3.340626e-04
8.695000e-01,2.400475e-04
8.696000e-01,1.460325e-04
8.697000e-01,5.201738e-05
8.698000e-01,4.199771e-05
8.699000e-01,1.360128e-04
8.700000e-01,2.300279e-04
8.701000e-01,6.072796e-04
8.702000e-01,5.132645e-04
8.703000e-01,4.192494e-04
8.704000e-01,3.252343e-04
8.705000e-01,2.312193e-04
8.706000e-01,1.372042e-04
8.707000e-01,4.318909e-05
8.708000e-01,5.082600e-05
8.709000e-01,1.448411e-04
8.710000e-01,2.388562e-04
8.711000e-01,5.984513e-04
8.712000e-01,5.044362e-04
8.713000e-01,4.104211e-04
8.714000e-01,3.164061e-04
8.715000e-01,2.223910e-04
8.716000e-01,1.283759e-04
8.717000e-01,3.436080e-05
8.718000e-01,5.965428e-05
8.719000e-01,1.536694e-04
8.720000e-01,2.476845e-04
8.721000e-01,3.416995e-04
8.722000e-01,4.956079e-04
8.723000e-01,4.015929e-04
8.724000e-01,3.075778e-04
8.725000e-01,2.135627e-04
8.726000e-01,1.195476e-04
8.727000e-01,2.553252e-05
8.728000e-01,6.848257e-05
8.729000e-01,1.624977e-04
8.730000e-01,2.565127e-04
8.731000e-01,3.505278e-04
8.732000e-01,4.867797e-04
8.733000e-01,3.927646e-04
8.734000e-01,2.987495e-04
8.735000e-01,2.047344e-04
8.736000e-01,1.107193e-04
8.737000e-01,1.670423e-05
8.738000e-01,7.731085e-05
8.739000e-01,1.713259e-04
8.740000e-01,2.653410e-04
8.741000e-01,3.593561e-04
8.742000e-01,4.779514e-04
8.743000e-01,3.839363e-04
8.744000e-01,2.899212e-04
8.745000e-01,1.959061e-04
8.746000e-01,1.018910e-04
8.747000e-01,7.875948e-06
8.748000e-01,8.613914e-05
8.749000e-01,1.801542e-04
8.750000e-01,2.741693e-04
8.751000e-01,3.681844e-04
8.752000e-01,4.691231e-04
8.753000e-01,3.751080e-04
8.754000e-01,2.810929e-04
8.755000e-01,1.870778e-04
8.756000e-01,9.306275e-05
8.757000e-01,9.523375e-07
8.758000e-01,9.496742e-05
8.759000e-01,1.889825e-04
8.760000e-01,2.829976e-04
8.761000e-01,3.770127e-04
8.762000e-01,4.602948e-04
8.763000e-01,3.662797e-04
8.764000e-01,2.722646e-04
8.765000e-01,1.782495e-04
8.766000e-01,8.423446e-05
8.767000e-01,9.780623e-06
8.768000e-01,1.037957e-04
8.769000e-01,1.978108e-04
8.770000e-01,2.918259e-04
8.771000e-01,3.858410e-04
8.772000e-01,4.514665e-04
8.773000e-01,3.574514e-04
8.774000e-01,2.634363e-04
8.775000e-01,1.694213e-04
8.776000e-01,7.540618e-05
8.777000e-01,1.860891e-05
8.778000e-01,1.126240e-04
8.779000e-01,2.066391e-04
8.780000e-01,3.006542e-04
8.781000e-01,3.946693e-04
8.782000e-01,4.426382e-04
8.783000e-01,3.486231e-04
8.784000e-01,2.546081e-04
8.785000e-01,1.605930e-04
8.786000e-01,6.657789e-05
8.787000e-01,2.743719e-05
8.788000e-01,1.214523e-04
8.789000e-01,2.154674e-04
8.790000e-01,3.094825e-04
8.791000e-01,4.034975e-04
8.792000e-01,4.338100e-04
8.793000e-01,3.397949e-04
8.794000e-01,2.457798e-04
8.795000e-01,1.517647e-04
8.796000e-01,5.774961e-05
8.797000e-01,3.626548e-05
8.798000e-01,1.302806e-04
8.799000e-01,2.242957e-04
8.800000e-01,3.183107e-04
8.801000e-01,4.123258e-04
8.802000e-01,4.249817e-04
8.803000e-01,3.309666e-04
8.804000e-01,2.369515e-04
8.805000e-01,1.429364e-04
8.806000e-01,4.892132e-05
8.807000e-01,4.509377e-05
8.808000e-01,1.391089e-04
8.809000e-01,2.331239e-04
8.810000e-01,3.271390e-04
8.811000e-01,4.211541e-04
8.812000e-01,4.161534e-04
8.813000e-01,3.221383e-04
8.814000e-01,2.281232e-04
8.815000e-01,1.341081e-04
8.816000e-01,4.009303e-05
8.817000e-01,5.392205e-05
8.818000e-01,1.479371e-04
8.819000e-01,2.419522e-04
8.820000e-01,3.359673e-04
8.821000e-01,4.299824e-04
8.822000e-01,4.073251e-04
8.823000e-01,3.133100e-04
8.824000e-01,2.192949e-04
8.825000e-01,1.252798e-04
8.826000e-01,3.126475e-05
8.827000e-01,6.275034e-05
8.828000e-01,1.567654e-04
8.829000e-01,2.507805e-04
8.830000e-01,3.447956e-04
8.831000e-01,4.388107e-04
8.832000e-01,3.984968e-04
8.833000e-01,3.044817e-04
8.834000e-01,2.104666e-04
8.835000e-01,1.164515e-04
8.836000e-01,2.243646e-05
8.837000e-01,7.157862e-05
8.838000e-01,1.655937e-04
8.839000e-01,2.596088e-04
8.840000e-01,3.536239e-04
8.841000e-01,4.476390e-04
8.842000e-01,3.896685e-04
8.843000e-01,2.956534e-04
8.844000e-01,2.016384e-04
8.845000e-01,1.076233e-04
8.846000e-01,1.360818e-05
8.847000e-01,8.040691e-05
8.848000e-01,1.744220e-04
8.849000e-01,2.684371e-04
8.850000e-01,3.624522e-04
8.851000e-01,4.564673e-04
8.852000e-01,3.808402e-04
8.853000e-01,2.868252e-04
8.854000e-01,1.928101e-04
8.855000e-01,9.879498e-05
8.856000e-01,4.779892e-06
8.857000e-01,8.923519e-05
8.858000e-01,1.832503e-04
8.859000e-01,2.772654e-04
8.860000e-01,3.712805e-04
8.861000e-01,4.652955e-04
8.862000e-01,5.593106e-04
8.863000e-01,2.779969e-04
8.864000e-01,1.839818e-04
8.865000e-01,8.996669e-05
8.866000e-01,4.048393e-06
8.867000e-01,9.806348e-05
8.868000e-01,1.920786e-04
8.869000e-01,2.860937e-04
8.870000e-01,3.801087e-04
8.871000e-01,4.741238e-04
8.872000e-01,5.681389e-04
8.873000e-01,2.691686e-04
8.874000e-01,1.751535e-04
8.875000e-01,8.113841e-05
8.876000e-01,1.287668e-05
8.877000e-01,1.068918e-04
8.878000e-01,2.009069e-04
8.879000e-01,2.949219e-04
8.880000e-01,3.889370e-04
8.881000e-01,4.829521e-04
8.882000e-01,5.769672e-04
8.883000e-01,2.603403e-04
8.884000e-01,1.663252e-04
8.885000e-01,7.231012e-05
8.886000e-01,2.170496e-05
8.887000e-01,1.157201e-04
8.888000e-01,2.097351e-04
8.889000e-01,3.037502e-04
8.890000e-01,3.977653e-04
8.891000e-01,4.917804e-04
8.892000e-01,5.857955e-04
8.893000e-01,2.515120e-04
8.894000e-01,1.574969e-04
8.895000e-01,6.348184e-05
8.896000e-01,3.053325e-05
8.897000e-01,1.245483e-04
8.898000e-01,2.185634e-04
8.899000e-01,3.125785e-04
8.900000e-01,4.065936e-04
8.901000e-01,5.006087e-04
8.902000e-01,5.946238e-04
8.903000e-01,2.426837e-04
8.904000e-01,1.486686e-04
8.905000e-01,5.465355e-05
8.906000e-01,3.936154e-05
8.907000e-01,1.333766e-04
8.908000e-01,2.273917e-04
8.909000e-01,3.214068e-04
8.910000e-01,4.154219e-04
8.911000e-01,5.094370e-04
8.912000e-01,6.034521e-04
8.913000e-01,2.338554e-04
8.914000e-01,1.398404e-04
8.915000e-01,4.582526e-05
8.916000e-01,4.818982e-05
8.917000e-01,1.422049e-04
8.918000e-01,2.362200e-04
8.919000e-01,3.302351e-04
8.920000e-01,4.242502e-04
8.921000e-01,5.182653e-04
8.922000e-01,6.122803e-04
8.923000e-01,2.250272e-04
8.924000e-01,1.310121e-04
8.925000e-01,3.699698e-05
8.926000e-01,5.701811e-05
8.927000e-01,1.510332e-04
8.928000e-01,2.450483e-04
8.929000e-01,3.390634e-04
8.930000e-01,4.330785e-04
8.931000e-01,5.270935e-04
8.932000e-01,6.211086e-04
8.933000e-01,2.161989e-04
8.934000e-01,1.221838e-04
8.935000e-01,2.816869e-05
8.936000e-01,6.584639e-05
8.937000e-01,1.598615e-04
8.938000e-01,2.538766e-04
8.939000e-01,3.478917e-04
8.940000e-01,4.419067e-04
8.941000e-01,5.359218e-04
8.942000e-01,6.299369e-04
8.943000e-01,2.073706e-04
8.944000e-01,1.133555e-04
8.945000e-01,1.934041e-05
8.946000e-01,7.467468e-05
8.947000e-01,1.686898e-04
8.948000e-01,2.627049e-04
8.949000e-01,3.567199e-04
8.950000e-01,4.507350e-04
8.951000e-01,5.447501e-04
8.952000e-01,6.387652e-04
8.953000e-01,1.985423e-04
8.954000e-01,1.045272e-04
8.955000e-01,1.051212e-05
8.956000e-01,8.350296e-05
8.957000e-01,1.775180e-04
8.958000e-01,2.715331e-04
8.959000e-01,3.655482e-04
8.960000e-01,4.595633e-04
8.961000e-01,5.535784e-04
8.962000e-01,6.475935e-04
8.963000e-01,1.897140e-04
8.964000e-01,9.569892e-05
8.965000e-01,1.683837e-06
8.966000e-01,9.233125e-05
8.967000e-01,1.863463e-04
8.968000e-01,2.803614e-04
8.969000e-01,3.743765e-04
8.970000e-01,4.683916e-04
8.971000e-01,5.624067e-04
8.972000e-01,6.564218e-04
8.973000e-01,1.808857e-04
8.974000e-01,8.687064e-05
8.975000e-01,7.144449e-06
8.976000e-01,1.011595e-04
8.977000e-01,1.951746e-04
8.978000e-01,2.891897e-04
8.979000e-01,3.832048e-04
8.980000e-01,4.772199e-04
8.981000e-01,5.712350e-04
8.982000e-01,6.652501e-04
8.983000e-01,1.720574e-04
8.984000e-01,7.804235e-05
8.985000e-01,1.597273e-05
8.986000e-01,1.099878e-04
8.987000e-01,2.040029e-04
8.988000e-01,2.980180e-04
8.989000e-01,3.920331e-04
8.990000e-01,4.860482e-04
8.991000e-01,5.800633e-04
8.992000e-01,6.740783e-04
8.993000e-01,7.680934e-04
8.994000e-01,6.921407e-05
8.995000e-01,2.480102e-05
8.996000e-01,1.188161e-04
8.997000e-01,2.128312e-04
8.998000e-01,3.068463e-04
8.999000e-01,4.008614e-04
9.000000e-01,4.948765e-04
9.001000e-01,5.888915e-04
9.002000e-01,6.829066e-04
9.003000e-01,7.769217e-04
9.004000e-01,6.038578e-05
9.005000e-01,3.362931e-05
9.006000e-01,1.276444e-04
9.007000e-01,2.216595e-04
9.008000e-01,3.156746e-04
9.009000e-01,4.096896e-04
9.010000e-01,5.037047e-04
9.011000e-01,5.977198e-04
9.012000e-01,6.917349e-04
9.013000e-01,7.857500e-04
9.014000e-01,5.155749e-05
9.015000e-01,4.245759e-05
9.016000e-01,1.364727e-04
9.017000e-01,2.304878e-04
9.018000e-01,3.245028e-04
9.019000e-01,4.185179e-04
9.020000e-01,5.125330e-04
9.021000e-01,6.065481e-04
9.022000e-01,7.005632e-04
9.023000e-01,7.945783e-04
9.024000e-01,4.272921e-05
9.025000e-01,5.128588e-05
9.026000e-01,1.453010e-04
9.027000e-01,2.393160e-04
9.028000e-01,3.333311e-04
9.029000e-01,4.273462e-04
9.030000e-01,5.213613e-04
9.031000e-01,6.153764e-04
9.032000e-01,7.093915e-04
9.033000e-01,8.034066e-04
9.034000e-01,3.390092e-05
9.035000e-01,6.011416e-05
9.036000e-01,1.541292e-04
9.037000e-01,2.481443e-04
9.038000e-01,3.421594e-04
9.039000e-01,4.361745e-04
9.040000e-01,5.301896e-04
9.041000e-01,6.242047e-04
9.042000e-01,7.182198e-04
9.043000e-01,8.122349e-04
9.044000e-01,2.507264e-05
9.045000e-01,6.894245e-05
9.046000e-01,1.629575e-04
9.047000e-01,2.569726e-04
9.048000e-01,3.509877e-04
9.049000e-01,4.450028e-04
9.050000e-01,5.390179e-04
9.051000e-01,6.330330e-04
9.052000e-01,7.270481e-04
9.053000e-01,8.210631e-04
9.054000e-01,1.624435e-05
9.055000e-01,7.777073e-05
9.056000e-01,1.717858e-04
9.057000e-01,2.658009e-04
9.058000e-01,3.598160e-04
9.059000e-01,4.538311e-04
9.060000e-01,5.478462e-04
9.061000e-01,6.418612e-04
9.062000e-01,7.358763e-04
9.063000e-01,8.298914e-04
9.064000e-01,7.416067e-06
9.065000e-01,8.659902e-05
9.066000e-01,1.806141e-04
9.067000e-01,2.746292e-04
9.068000e-01,3.686443e-04
9.069000e-01,4.626594e-04
9.070000e-01,5.566744e-04
9.071000e-01,6.506895e-04
9.072000e-01,7.447046e-04
9.073000e-01,8.387197e-04
9.074000e-01,1.412219e-06
9.075000e-01,9.542730e-05
9.076000e-01,1.894424e-04
9.077000e-01,2.834575e-04
9.078000e-01,3.774726e-04
9.079000e-01,4.714876e-04
9.080000e-01,5.655027e-04
9.081000e-01,6.595178e-04
9.082000e-01,7.535329e-04
9.083000e-01,8.475480e-04
9.084000e-01,1.024050e-05
9.085000e-01,1.042556e-04
9.086000e-01,1.982707e-04
9.087000e-01,2.922858e-04
9.088000e-01,3.863008e-04
9.089000e-01,4.803159e-04
9.090000e-01,5.743310e-04
9.091000e-01,6.683461e-04
9.092000e-01,7.623612e-04
9.093000e-01,8.563763e-04
9.094000e-01,1.906879e-05
9.095000e-01,1.130839e-04
9.096000e-01,2.070990e-04
9.097000e-01,3.011140e-04
9.098000e-01,3.951291e-04
9.099000e-01,4.891442e-04
9.100000e-01,5.831593e-04
9.101000e-01,6.771744e-04
9.102000e-01,7.711895e-04
9.103000e-01,8.652046e-04
9.104000e-01,2.789708e-05
9.105000e-01,1.219122e-04
9.106000e-01,2.159272e-04
9.107000e-01,3.099423e-04
9.108000e-01,4.039574e-04
9.109000e-01,4.979725e-04
9.110000e-01,5.919876e-04
9.111000e-01,6.860027e-04
9.112000e-01,7.800178e-04
9.113000e-01,8.740328e-04
9.114000e-01,3.672536e-05
9.115000e-01,1.307404e-04
9.116000e-01,2.247555e-04
9.117000e-01,3.187706e-04
9.118000e-01,4.127857e-04
9.119000e-01,5.068008e-04
9.120000e-01,6.008159e-04
9.121000e-01,6.948310e-04
9.122000e-01,7.888460e-04
9.123000e-01,4.846144e-05
9.124000e-01,4.555365e-05
9.125000e-01,1.395687e-04
9.126000e-01,2.335838e-04
9.127000e-01,3.275989e-04
9.128000e-01,4.216140e-04
9.129000e-01,5.156291e-04
9.130000e-01,6.096442e-04
9.131000e-01,7.036592e-04
9.132000e-01,7.976743e-04
9.133000e-01,3.963315e-05
9.134000e-01,5.438193e-05
9.135000e-01,1.483970e-04
9.136000e-01,2.424121e-04
9.137000e-01,3.364272e-04
9.138000e-01,4.304423e-04
9.139000e-01,5.244574e-04
9.140000e-01,6.184724e-04
9.141000e-01,7.124875e-04
9.142000e-01,1.248200e-04
9.143000e-01,3.080487e-05
9.144000e-01,6.321022e-05
9.145000e-01,1.572253e-04
9.146000e-01,2.512404e-04
9.147000e-01,3.452555e-04
9.148000e-01,4.392706e-04
9.149000e-01,5.332856e-04
9.150000e-01,6.273007e-04
9.151000e-01,2.100068e-04
9.152000e-01,1.159917e-04
9.153000e-01,2.197658e-05
9.154000e-01,7.203850e-05
9.155000e-01,1.660536e-04
9.156000e-01,2.600687e-04
9.157000e-01,3.540838e-04
9.158000e-01,4.480988e-04
9.159000e-01,5.421139e-04
9.160000e-01,6.361290e-04
9.161000e-01,2.011785e-04
9.162000e-01,1.071634e-04
9.163000e-01,1.314830e-05
9.164000e-01,8.086679e-05
9.165000e-01,1.748819e-04
9.166000e-01,2.688970e-04
9.167000e-01,3.629120e-04
9.168000e-01,4.569271e-04
9.169000e-01,5.509422e-04
9.170000e-01,2.863653e-04
9.171000e-01,1.923502e-04
9.172000e-01,9.833510e-05
9.173000e-01,4.320011e-06
9.174000e-01,8.969507e-05
9.175000e-01,1.837102e-04
9.176000e-01,2.777252e-04
9.177000e-01,3.717403e-04
9.178000e-01,4.657554e-04
9.179000e-01,5.597705e-04
9.180000e-01,2.775370e-04
9.181000e-01,1.835219e-04
9.182000e-01,8.950681e-05
9.183000e-01,4.508274e-06
9.184000e-01,9.852336e-05
9.185000e-01,1.925384e-04
9.186000e-01,2.865535e-04
9.187000e-01,3.805686e-04
9.188000e-01,4.745837e-04
9.189000e-01,3.627238e-04
9.190000e-01,2.687087e-04
9.191000e-01,1.746936e-04
9.192000e-01,8.067853e-05
9.193000e-01,1.333656e-05
9.194000e-01,1.073516e-04
9.195000e-01,2.013667e-04
9.196000e-01,2.953818e-04
9.197000e-01,3.893969e-04
9.198000e-01,4.834120e-04
9.199000e-01,3.538955e-04
9.200000e-01,2.598804e-04
9.201000e-01,1.658653e-04
9.202000e-01,7.185024e-05
9.203000e-01,2.216485e-05
9.204000e-01,1.161799e-04
9.205000e-01,2.101950e-04
9.206000e-01,3.042101e-04
9.207000e-01,3.982252e-04
9.208000e-01,4.390823e-04
9.209000e-01,3.450672e-04
9.210000e-01,2.510521e-04
9.211000e-01,1.570370e-04
9.212000e-01,6.302195e-05
9.213000e-01,3.099313e-05
9.214000e-01,1.250082e-04
9.215000e-01,2.190233e-04
9.216000e-01,3.130384e-04
9.217000e-01,4.070535e-04
9.218000e-01,4.302540e-04
9.219000e-01,3.362389e-04
9.220000e-01,2.422238e-04
9.221000e-01,1.482088e-04
9.222000e-01,5.419367e-05
9.223000e-01,3.982142e-05
9.224000e-01,1.338365e-04
9.225000e-01,2.278516e-04
9.226000e-01,3.218667e-04
9.227000e-01,5.154408e-04
9.228000e-01,4.214257e-04
9.229000e-01,3.274106e-04
9.230000e-01,2.333956e-04
9.231000e-01,1.393805e-04
9.232000e-01,4.536538e-05
9.233000e-01,4.864970e-05
9.234000e-01,1.426648e-04
9.235000e-01,2.366799e-04
9.236000e-01,6.006276e-04
9.237000e-01,5.066125e-04
9.238000e-01,4.125974e-04
9.239000e-01,3.185824e-04
9.240000e-01,2.245673e-04
9.241000e-01,1.305522e-04
9.242000e-01,3.653710e-05
9.243000e-01,5.747799e-05
9.244000e-01,1.514931e-04
9.245000e-01,2.455082e-04
9.246000e-01,5.917993e-04
9.247000e-01,4.977842e-04
9.248000e-01,4.037692e-04
9.249000e-01,3.097541e-04
9.250000e-01,2.157390e-04
9.251000e-01,1.217239e-04
9.252000e-01,2.770881e-05
9.253000e-01,6.630627e-05
9.254000e-01,1.603214e-04
9.255000e-01,2.543364e-04
9.256000e-01,5.829710e-04
9.257000e-01,4.889560e-04
9.258000e-01,3.949409e-04
9.259000e-01,3.009258e-04
9.260000e-01,2.069107e-04
9.261000e-01,1.128956e-04
9.262000e-01,1.888053e-05
9.263000e-01,7.513456e-05
9.264000e-01,1.691496e-04
9.265000e-01,2.631647e-04
9.266000e-01,5.741428e-04
9.267000e-01,4.801277e-04
9.268000e-01,3.861126e-04
9.269000e-01,2.920975e-04
9.270000e-01,1.980824e-04
9.271000e-01,1.040673e-04
9.272000e-01,1.005224e-05
9.273000e-01,8.396284e-05
9.274000e-01,1.779779e-04
9.275000e-01,2.719930e-04
9.276000e-01,5.653145e-04
9.277000e-01,4.712994e-04
9.278000e-01,3.772843e-04
9.279000e-01,2.832692e-04
9.280000e-01,1.892541e-04
9.281000e-01,9.523904e-05
9.282000e-01,1.223955e-06
9.283000e-01,9.279113e-05
9.284000e-01,1.868062e-04
9.285000e-01,2.808213e-04
9.286000e-01,5.564862e-04
9.287000e-01,4.624711e-04
9.288000e-01,3.684560e-04
9.289000e-01,2.744409e-04
9.290000e-01,1.804258e-04
9.291000e-01,8.641076e-05
9.292000e-01,7.604330e-06
9.293000e-01,1.016194e-04
9.294000e-01,1.956345e-04
9.295000e-01,2.896496e-04
9.296000e-01,5.476579e-04
9.297000e-01,4.536428e-04
9.298000e-01,3.596277e-04
9.299000e-01,2.656126e-04
9.300000e-01,1.715976e-04
9.301000e-01,7.758247e-05
9.302000e-01,1.643262e-05
9.303000e-01,1.104477e-04
9.304000e-01,2.044628e-04
9.305000e-01,2.984779e-04
9.306000e-01,5.388296e-04
9.307000e-01,4.448145e-04
9.308000e-01,3.507994e-04
9.309000e-01,2.567844e-04
9.310000e-01,1.627693e-04
9.311000e-01,6.875418e-05
9.312000e-01,2.526090e-05
9.313000e-01,1.192760e-04
9.314000e-01,2.132911e-04
9.315000e-01,3.073062e-04
9.316000e-01,5.300013e-04
9.317000e-01,4.359862e-04
9.318000e-01,3.419712e-04
9.319000e-01,2.479561e-04
9.320000e-01,1.539410e-04
9.321000e-01,5.992590e-05
9.322000e-01,3.408919e-05
9.323000e-01,1.281043e-04
9.324000e-01,2.221194e-04
9.325000e-01,3.161344e-04
9.326000e-01,5.211730e-04
9.327000e-01,4.271580e-04
9.328000e-01,3.331429e-04
9.329000e-01,2.391278e-04
9.330000e-01,1.451127e-04
9.331000e-01,5.109761e-05
9.332000e-01,4.291747e-05
9.333000e-01,1.369326e-04
9.334000e-01,2.309476e-04
9.335000e-01,3.249627e-04
9.336000e-01,5.123448e-04
9.337000e-01,4.183297e-04
9.338000e-01,3.243146e-04
9.339000e-01,2.302995e-04
9.340000e-01,1.362844e-04
9.341000e-01,4.226933e-05
9.342000e-01,5.174576e-05
9.343000e-01,1.457608e-04
9.344000e-01,2.397759e-04
9.345000e-01,3.337910e-04
9.346000e-01,5.035165e-04
9.347000e-01,4.095014e-04
9.348000e-01,3.154863e-04
9.349000e-01,2.214712e-04
9.350000e-01,1.274561e-04
9.351000e-01,3.344104e-05
9.352000e-01,6.057404e-05
9.353000e-01,1.545891e-04
9.354000e-01,2.486042e-04
9.355000e-01,3.426193e-04
9.356000e-01,4.946882e-04
9.357000e-01,4.006731e-04
9.358000e-01,3.066580e-04
9.359000e-01,2.126429e-04
9.360000e-01,1.186278e-04
9.361000e-01,2.461276e-05
9.362000e-01,6.940233e-05
9.363000e-01,1.634174e-04
9.364000e-01,2.574325e-04
9.365000e-01,3.514476e-04
9.366000e-01,4.858599e-04
9.367000e-01,3.918448e-04
9.368000e-01,2.978297e-04
9.369000e-01,2.038146e-04
9.370000e-01,1.097996e-04
9.371000e-01,1.578447e-05
9.372000e-01,7.823062e-05
9.373000e-01,1.722457e-04
9.374000e-01,2.662608e-04
9.375000e-01,3.602759e-04
9.376000e-01,4.770316e-04
9.377000e-01,3.830165e-04
9.378000e-01,2.890014e-04
9.379000e-01,1.949864e-04
9.380000e-01,1.009713e-04
9.381000e-01,6.956185e-06
9.382000e-01,8.705890e-05
9.383000e-01,1.810740e-04
9.384000e-01,2.750891e-04
9.385000e-01,3.691042e-04
9.386000e-01,4.631192e-04
9.387000e-01,3.741882e-04
9.388000e-01,2.801732e-04
9.389000e-01,1.861581e-04
9.390000e-01,9.214299e-05
9.391000e-01,1.872100e-06
9.392000e-01,9.588719e-05
9.393000e-01,1.899023e-04
9.394000e-01,2.839174e-04
9.395000e-01,3.779324e-04
9.396000e-01,4.719475e-04
9.397000e-01,3.653600e-04
9.398000e-01,2.713449e-04
9.399000e-01,1.773298e-04
9.400000e-01,8.331470e-05
9.401000e-01,1.070039e-05
9.402000e-01,1.047155e-04
9.403000e-01,1.987306e-04
9.404000e-01,2.927456e-04
9.405000e-01,3.867607e-04
9.406000e-01,4.807758e-04
9.407000e-01,3.565317e-04
9.408000e-01,2.625166e-04
9.409000e-01,1.685015e-04
9.410000e-01,7.448641e-05
9.411000e-01,1.952867e-05
9.412000e-01,1.135438e-04
9.413000e-01,2.075588e-04
9.414000e-01,3.015739e-04
9.415000e-01,3.955890e-04
9.416000e-01,4.896041e-04
9.417000e-01,3.477034e-04
9.418000e-01,2.536883e-04
9.419000e-01,1.596732e-04
9.420000e-01,6.565813e-05
9.421000e-01,2.835696e-05
9.422000e-01,1.223720e-04
9.423000e-01,2.163871e-04
9.424000e-01,3.104022e-04
9.425000e-01,4.044173e-04
9.426000e-01,4.984324e-04
9.427000e-01,3.388751e-04
9.428000e-01,2.448600e-04
9.429000e-01,1.508449e-04
9.430000e-01,5.682984e-05
9.431000e-01,3.718524e-05
9.432000e-01,1.312003e-04
9.433000e-01,2.252154e-04
9.434000e-01,3.192305e-04
9.435000e-01,4.132456e-04
9.436000e-01,5.072607e-04
9.437000e-01,3.300468e-04
9.438000e-01,2.360317e-04
9.439000e-01,1.420166e-04
9.440000e-01,4.800156e-05
9.441000e-01,4.601353e-05
9.442000e-01,1.400286e-04
9.443000e-01,2.340437e-04
9.444000e-01,3.280588e-04
9.445000e-01,4.220739e-04
9.446000e-01,5.160890e-04
9.447000e-01,3.212185e-04
9.448000e-01,2.272034e-04
9.449000e-01,1.331884e-04
9.450000e-01,3.917327e-05
9.451000e-01,5.484181e-05
9.452000e-01,1.488569e-04
9.453000e-01,2.428720e-04
9.454000e-01,3.368871e-04
9.455000e-01,4.309022e-04
9.456000e-01,5.249172e-04
9.457000e-01,3.123902e-04
9.458000e-01,2.183752e-04
9.459000e-01,1.243601e-04
9.460000e-01,3.034499e-05
9.461000e-01,6.367010e-05
9.462000e-01,1.576852e-04
9.463000e-01,2.517003e-04
9.464000e-01,3.457154e-04
9.465000e-01,4.397304e-04
9.466000e-01,5.337455e-04
9.467000e-01,3.035620e-04
9.468000e-01,2.095469e-04
9.469000e-01,1.155318e-04
9.470000e-01,2.151670e-05
9.471000e-01,7.249839e-05
9.472000e-01,1.665135e-04
9.473000e-01,2.605286e-04
9.474000e-01,3.545436e-04
9.475000e-01,4.485587e-04
9.476000e-01,5.425738e-04
9.477000e-01,2.947337e-04
9.478000e-01,2.007186e-04
9.479000e-01,1.067035e-04
9.480000e-01,1.268842e-05
9.481000e-01,8.132667e-05
9.482000e-01,1.753418e-04
9.483000e-01,2.693568e-04
9.484000e-01,3.633719e-04
9.485000e-01,4.573870e-04
9.486000e-01,5.514021e-04
9.487000e-01,2.859054e-04
9.488000e-01,1.918903e-04
9.489000e-01,9.787522e-05
9.490000e-01,3.860130e-06
9.491000e-01,9.015496e-05
9.492000e-01,1.841700e-04
9.493000e-01,2.781851e-04
9.494000e-01,3.722002e-04
9.495000e-01,4.662153e-04
9.496000e-01,5.602304e-04
9.497000e-01,2.770771e-04
9.498000e-01,1.830620e-04
9.499000e-01,8.904693e-05
9.500000e-01,4.968156e-06
9.501000e-01,9.898324e-05
9.502000e-01,1.929983e-04
9.503000e-01,2.870134e-04
9.504000e-01,3.810285e-04
9.505000e-01,4.750436e-04
9.506000e-01,5.690587e-04
9.507000e-01,2.682488e-04
9.508000e-01,1.742337e-04
9.509000e-01,8.021864e-05
9.510000e-01,1.379644e-05
9.511000e-01,1.078115e-04
9.512000e-01,2.018266e-04
9.513000e-01,2.958417e-04
9.514000e-01,3.898568e-04
9.515000e-01,4.838719e-04
9.516000e-01,5.778870e-04
9.517000e-01,6.719020e-04
9.518000e-01,1.654054e-04
9.519000e-01,7.139036e-05
9.520000e-01,2.262473e-05
9.521000e-01,1.166398e-04
9.522000e-01,2.106549e-04
9.523000e-01,3.046700e-04
9.524000e-01,3.986851e-04
9.525000e-01,4.927002e-04
9.526000e-01,5.867152e-04
9.527000e-01,6.807303e-04
9.528000e-01,1.565772e-04
9.529000e-01,6.256207e-05
9.530000e-01,3.145301e-05
9.531000e-01,1.254681e-04
9.532000e-01,2.194832e-04
9.533000e-01,3.134983e-04
9.534000e-01,4.075134e-04
9.535000e-01,5.015284e-04
9.536000e-01,5.955435e-04
9.537000e-01,6.895586e-04
9.538000e-01,1.477489e-04
9.539000e-01,5.373379e-05
9.540000e-01,4.028130e-05
9.541000e-01,1.342964e-04
9.542000e-01,2.283115e-04
9.543000e-01,3.223266e-04
9.544000e-01,4.163416e-04
9.545000e-01,5.103567e-04
9.546000e-01,6.043718e-04
9.547000e-01,6.983869e-04
9.548000e-01,1.389206e-04
9.549000e-01,4.490550e-05
9.550000e-01,4.910958e-05
9.551000e-01,1.431247e-04
9.552000e-01,2.371398e-04
9.553000e-01,3.311548e-04
9.554000e-01,4.251699e-04
9.555000e-01,5.191850e-04
9.556000e-01,6.132001e-04
9.557000e-01,7.072152e-04
9.558000e-01,1.300923e-04
9.559000e-01,3.607722e-05
9.560000e-01,5.793787e-05
9.561000e-01,1.519530e-04
9.562000e-01,2.459680e-04
9.563000e-01,3.399831e-04
9.564000e-01,4.339982e-04
9.565000e-01,5.280133e-04
9.566000e-01,6.220284e-04
9.567000e-01,7.160435e-04
9.568000e-01,1.212640e-04
9.569000e-01,2.724893e-05
9.570000e-01,6.676616e-05
9.571000e-01,1.607812e-04
9.572000e-01,2.547963e-04
9.573000e-01,3.488114e-04
9.574000e-01,4.428265e-04
9.575000e-01,5.368416e-04
9.576000e-01,6.308567e-04
9.577000e-01,7.248718e-04
9.578000e-01,1.124357e-04
9.579000e-01,1.842065e-05
9.580000e-01,7.559444e-05
9.581000e-01,1.696095e-04
9.582000e-01,2.636246e-04
9.583000e-01,3.576397e-04
9.584000e-01,4.516548e-04
9.585000e-01,5.456699e-04
9.586000e-01,6.396850e-04
9.587000e-01,7.337000e-04
9.588000e-01,1.036074e-04
9.589000e-01,9.592360e-06
9.590000e-01,8.442273e-05
9.591000e-01,1.784378e-04
9.592000e-01,2.724529e-04
9.593000e-01,3.664680e-04
9.594000e-01,4.604831e-04
9.595000e-01,5.544982e-04
9.596000e-01,6.485132e-04
9.597000e-01,7.425283e-04
9.598000e-01,9.477916e-05
9.599000e-01,7.640741e-07
9.600000e-01,9.325101e-05
9.601000e-01,1.872661e-04
9.602000e-01,2.812812e-04
9.603000e-01,3.752963e-04
9.604000e-01,4.693114e-04
9.605000e-01,5.633264e-04
9.606000e-01,6.573415e-04
9.607000e-01,7.513566e-04
9.608000e-01,8.595087e-05
9.609000e-01,8.064212e-06
9.610000e-01,1.020793e-04
9.611000e-01,1.960944e-04
9.612000e-01,2.901095e-04
9.613000e-01,3.841246e-04
9.614000e-01,4.781396e-04
9.615000e-01,5.721547e-04
9.616000e-01,6.661698e-04
9.617000e-01,7.601849e-04
9.618000e-01,7.712259e-05
9.619000e-01,1.689250e-05
9.620000e-01,1.109076e-04
9.621000e-01,2.049227e-04
9.622000e-01,2.989378e-04
9.623000e-01,3.929528e-04
9.624000e-01,4.869679e-04
9.625000e-01,5.809830e-04
9.626000e-01,6.749981e-04
9.627000e-01,7.690132e-04
9.628000e-01,6.829430e-05
9.629000e-01,2.572078e-05
9.630000e-01,1.197359e-04
9.631000e-01,2.137510e-04
9.632000e-01,3.077660e-04
9.633000e-01,4.017811e-04
9.634000e-01,4.957962e-04
9.635000e-01,5.898113e-04
9.636000e-01,6.838264e-04
9.637000e-01,7.778415e-04
9.638000e-01,5.946602e-05
9.639000e-01,3.454907e-05
9.640000e-01,1.285642e-04
9.641000e-01,2.225792e-04
9.642000e-01,3.165943e-04
9.643000e-01,4.106094e-04
9.644000e-01,5.046245e-04
9.645000e-01,5.986396e-04
9.646000e-01,6.926547e-04
9.647000e-01,7.866698e-04
9.648000e-01,8.806848e-04
9.649000e-01,4.337735e-05
9.650000e-01,1.373924e-04
9.651000e-01,2.314075e-04
9.652000e-01,3.254226e-04
9.653000e-01,4.194377e-04
9.654000e-01,5.134528e-04
9.655000e-01,6.074679e-04
9.656000e-01,7.014830e-04
9.657000e-01,7.954980e-04
9.658000e-01,8.895131e-04
9.659000e-01,5.220564e-05
9.660000e-01,1.462207e-04
9.661000e-01,2.402358e-04
9.662000e-01,3.342509e-04
9.663000e-01,4.282660e-04
9.664000e-01,5.222811e-04
9.665000e-01,6.162962e-04
9.666000e-01,7.103112e-04
9.667000e-01,8.043263e-04
9.668000e-01,8.983414e-04
9.669000e-01,6.103393e-05
9.670000e-01,1.550490e-04
9.671000e-01,2.490641e-04
9.672000e-01,3.430792e-04
9.673000e-01,4.370943e-04
9.674000e-01,5.311094e-04
9.675000e-01,6.251244e-04
9.676000e-01,7.191395e-04
9.677000e-01,8.131546e-04
9.678000e-01,9.071697e-04
9.679000e-01,6.986221e-05
9.680000e-01,1.638773e-04
9.681000e-01,2.578924e-04
9.682000e-01,3.519075e-04
9.683000e-01,4.459226e-04
9.684000e-01,5.399376e-04
9.685000e-01,6.339527e-04
9.686000e-01,7.279678e-04
9.687000e-01,8.219829e-04
9.688000e-01,9.159980e-04
9.689000e-01,7.869050e-05
9.690000e-01,1.727056e-04
9.691000e-01,2.667207e-04
9.692000e-01,3.607358e-04
9.693000e-01,4.547508e-04
9.694000e-01,5.487659e-04
9.695000e-01,6.427810e-04
9.696000e-01,7.367961e-04
9.697000e-01,8.308112e-04
9.698000e-01,9.248263e-04
9.699000e-01,8.751878e-05
9.700000e-01,1.815339e-04
9.701000e-01,2.755490e-04
9.702000e-01,3.695640e-04
9.703000e-01,4.635791e-04
9.704000e-01,5.575942e-04
9.705000e-01,6.516093e-04
9.706000e-01,7.456244e-04
9.707000e-01,8.396395e-04
9.708000e-01,2.331982e-06
9.709000e-01,9.634707e-05
9.710000e-01,1.903622e-04
9.711000e-01,2.843772e-04
9.712000e-01,3.783923e-04
9.713000e-01,4.724074e-04
9.714000e-01,5.664225e-04
9.715000e-01,6.604376e-04
9.716000e-01,7.544527e-04
9.717000e-01,8.285482e-05
9.718000e-01,1.116027e-05
9.719000e-01,1.051754e-04
9.720000e-01,1.991904e-04
9.721000e-01,2.932055e-04
9.722000e-01,3.872206e-04
9.723000e-01,4.812357e-04
9.724000e-01,5.752508e-04
9.725000e-01,6.692659e-04
9.726000e-01,7.632810e-04
9.727000e-01,7.402653e-05
9.728000e-01,1.998855e-05
9.729000e-01,1.140036e-04
9.730000e-01,2.080187e-04
9.731000e-01,3.020338e-04
9.732000e-01,3.960489e-04
9.733000e-01,4.900640e-04
9.734000e-01,5.840791e-04
9.735000e-01,6.780942e-04
9.736000e-01,1.592133e-04
9.737000e-01,6.519825e-05
9.738000e-01,2.881684e-05
9.739000e-01,1.228319e-04
9.740000e-01,2.168470e-04
9.741000e-01,3.108621e-04
9.742000e-01,4.048772e-04
9.743000e-01,4.988923e-04
9.744000e-01,5.929074e-04
9.745000e-01,6.869224e-04
9.746000e-01,1.503850e-04
9.747000e-01,5.636996e-05
9.748000e-01,3.764512e-05
9.749000e-01,1.316602e-04
9.750000e-01,2.256753e-04
9.751000e-01,3.196904e-04
9.752000e-01,4.137055e-04
9.753000e-01,5.077206e-04
9.754000e-01,6.017356e-04
9.755000e-01,2.355718e-04
9.756000e-01,1.415568e-04
9.757000e-01,4.754168e-05
9.758000e-01,4.647341e-05
9.759000e-01,1.404885e-04
9.760000e-01,2.345036e-04
9.761000e-01,3.285187e-04
9.762000e-01,4.225338e-04
9.763000e-01,5.165488e-04
9.764000e-01,6.105639e-04
9.765000e-01,2.267436e-04
9.766000e-01,1.327285e-04
9.767000e-01,3.871339e-05
9.768000e-01,5.530170e-05
9.769000e-01,1.493168e-04
9.770000e-01,2.433319e-04
9.771000e-01,3.373470e-04
9.772000e-01,4.313620e-04
9.773000e-01,5.253771e-04
9.774000e-01,3.119304e-04
9.775000e-01,2.179153e-04
9.776000e-01,1.239002e-04
9.777000e-01,2.988511e-05
9.778000e-01,6.412998e-05
9.779000e-01,1.581451e-04
9.780000e-01,2.521602e-04
9.781000e-01,3.461752e-04
9.782000e-01,4.401903e-04
9.783000e-01,5.342054e-04
9.784000e-01,3.031021e-04
9.785000e-01,2.090870e-04
9.786000e-01,1.150719e-04
9.787000e-01,2.105682e-05
9.788000e-01,7.295827e-05
9.789000e-01,1.669734e-04
9.790000e-01,2.609884e-04
9.791000e-01,3.550035e-04
9.792000e-01,4.490186e-04
9.793000e-01,3.882889e-04
9.794000e-01,2.942738e-04
9.795000e-01,2.002587e-04
9.796000e-01,1.062436e-04
9.797000e-01,1.222853e-05
9.798000e-01,8.178655e-05
9.799000e-01,1.758016e-04
9.800000e-01,2.698167e-04
9.801000e-01,3.638318e-04
9.802000e-01,4.734757e-04
9.803000e-01,3.794606e-04
9.804000e-01,2.854455e-04
9.805000e-01,1.914304e-04
9.806000e-01,9.741533e-05
9.807000e-01,3.400248e-06
9.808000e-01,9.061484e-05
9.809000e-01,1.846299e-04
9.810000e-01,2.786450e-04
9.811000e-01,3.726601e-04
9.812000e-01,4.646474e-04
9.813000e-01,3.706323e-04
9.814000e-01,2.766172e-04
9.815000e-01,1.826021e-04
9.816000e-01,8.858705e-05
9.817000e-01,5.428037e-06
9.818000e-01,9.944312e-05
9.819000e-01,1.934582e-04
9.820000e-01,2.874733e-04
9.821000e-01,5.498342e-04
9.822000e-01,4.558191e-04
9.823000e-01,3.618040e-04
9.824000e-01,2.677889e-04
9.825000e-01,1.737738e-04
9.826000e-01,7.975876e-05
9.827000e-01,1.425632e-05
9.828000e-01,1.082714e-04
9.829000e-01,2.022865e-04
9.830000e-01,2.963016e-04
9.831000e-01,5.410059e-04
9.832000e-01,4.469908e-04
9.833000e-01,3.529757e-04
9.834000e-01,2.589606e-04
9.835000e-01,1.649456e-04
9.836000e-01,7.093048e-05
9.837000e-01,2.308461e-05
9.838000e-01,1.170997e-04
9.839000e-01,2.111148e-04
9.840000e-01,6.261927e-04
9.841000e-01,5.321776e-04
9.842000e-01,4.381625e-04
9.843000e-01,3.441475e-04
9.844000e-01,2.501324e-04
9.845000e-01,1.561173e-04
9.846000e-01,6.210219e-05
9.847000e-01,3.191289e-05
9.848000e-01,1.259280e-04
9.849000e-01,2.199431e-04
9.850000e-01,6.173644e-04
9.851000e-01,5.233493e-04
9.852000e-01,4.293343e-04
9.853000e-01,3.353192e-04
9.854000e-01,2.413041e-04
9.855000e-01,1.472890e-04
9.856000e-01,5.327391e-05
9.857000e-01,4.074118e-05
9.858000e-01,1.347563e-04
9.859000e-01,2.287714e-04
9.860000e-01,6.085361e-04
9.861000e-01,5.145211e-04
9.862000e-01,4.205060e-04
9.863000e-01,3.264909e-04
9.864000e-01,2.324758e-04
9.865000e-01,1.384607e-04
9.866000e-01,4.444562e-05
9.867000e-01,4.956947e-05
9.868000e-01,1.435846e-04
9.869000e-01,2.375996e-04
9.870000e-01,5.997079e-04
9.871000e-01,5.056928e-04
9.872000e-01,4.116777e-04
9.873000e-01,3.176626e-04
9.874000e-01,2.236475e-04
9.875000e-01,1.296324e-04
9.876000e-01,3.561734e-05
9.877000e-01,5.839775e-05
9.878000e-01,1.524128e-04
9.879000e-01,2.464279e-04
9.880000e-01,5.908796e-04
9.881000e-01,4.968645e-04
9.882000e-01,4.028494e-04
9.883000e-01,3.088343e-04
9.884000e-01,2.148192e-04
9.885000e-01,1.208041e-04
9.886000e-01,2.678905e-05
9.887000e-01,6.722604e-05
9.888000e-01,1.612411e-04
9.889000e-01,2.552562e-04
9.890000e-01,5.820513e-04
9.891000e-01,4.880362e-04
9.892000e-01,3.940211e-04
9.893000e-01,3.000060e-04
9.894000e-01,2.059909e-04
9.895000e-01,1.119758e-04
9.896000e-01,1.796076e-05
9.897000e-01,7.605432e-05
9.898000e-01,1.700694e-04
9.899000e-01,2.640845e-04
9.900000e-01,5.732230e-04
9.901000e-01,4.792079e-04
9.902000e-01,3.851928e-04
9.903000e-01,2.911777e-04
9.904000e-01,1.971627e-04
9.905000e-01,1.031476e-04
9.906000e-01,9.132478e-06
9.907000e-01,8.488261e-05
9.908000e-01,1.788977e-04
9.909000e-01,2.729128e-04
9.910000e-01,3.669279e-04
9.911000e-01,4.703796e-04
9.912000e-01,3.763645e-04
9.913000e-01,2.823495e-04
9.914000e-01,1.883344e-04
9.915000e-01,9.431928e-05
9.916000e-01,3.041927e-07
9.917000e-01,9.371089e-05
9.918000e-01,1.877260e-04
9.919000e-01,2.817411e-04
9.920000e-01,3.757562e-04
9.921000e-01,4.615513e-04
9.922000e-01,3.675363e-04
9.923000e-01,2.735212e-04
9.924000e-01,1.795061e-04
9.925000e-01,8.549099e-05
9.926000e-01,8.524093e-06
9.927000e-01,1.025392e-04
9.928000e-01,1.965543e-04
9.929000e-01,2.905694e-04
9.930000e-01,3.845844e-04
9.931000e-01,4.527231e-04
9.932000e-01,3.587080e-04
9.933000e-01,2.646929e-04
9.934000e-01,1.706778e-04
9.935000e-01,7.666271e-05
9.936000e-01,1.735238e-05
9.937000e-01,1.113675e-04
9.938000e-01,2.053826e-04
9.939000e-01,2.993976e-04
9.940000e-01,3.934127e-04
9.941000e-01,4.438948e-04
9.942000e-01,3.498797e-04
9.943000e-01,2.558646e-04
9.944000e-01,1.618495e-04
9.945000e-01,6.783442e-05
9.946000e-01,2.618066e-05
9.947000e-01,1.201958e-04
9.948000e-01,2.142108e-04
9.949000e-01,3.082259e-04
9.950000e-01,4.022410e-04
9.951000e-01,4.350665e-04
9.952000e-01,3.410514e-04
9.953000e-01,2.470363e-04
9.954000e-01,1.530212e-04
9.955000e-01,5.900614e-05
9.956000e-01,3.500895e-05
9.957000e-01,1.290240e-04
9.958000e-01,2.230391e-04
9.959000e-01,3.170542e-04
9.960000e-01,4.110693e-04
9.961000e-01,4.262382e-04
9.962000e-01,3.322231e-04
9.963000e-01,2.382080e-04
9.964000e-01,1.441929e-04
9.965000e-01,5.017785e-05
9.966000e-01,4.383724e-05
9.967000e-01,1.378523e-04
9.968000e-01,2.318674e-04
9.969000e-01,3.258825e-04
9.970000e-01,4.198976e-04
9.971000e-01,4.174099e-04
9.972000e-01,3.233948e-04
9.973000e-01,2.293797e-04
9.974000e-01,1.353647e-04
9.975000e-01,4.134957e-05
9.976000e-01,5.266552e-05
9.977000e-01,1.466806e-04
9.978000e-01,2.406957e-04
9.979000e-01,3.347108e-04
9.980000e-01,4.287259e-04
9.981000e-01,4.085816e-04
9.982000e-01,3.145665e-04
9.983000e-01,2.205515e-04
9.984000e-01,1.265364e-04
9.985000e-01,3.252128e-05
9.986000e-01,6.149381e-05
9.987000e-01,1.555089e-04
9.988000e-01,2.495240e-04
9.989000e-01,3.435391e-04
9.990000e-01,4.375542e-04
9.991000e-01,3.997533e-04
9.992000e-01,3.057383e-04
9.993000e-01,2.117232e-04
9.994000e-01,1.177081e-04
9.995000e-01,2.369299e-05
9.996000e-01,7.032209e-05
9.997000e-01,1.643372e-04
9.998000e-01,2.583523e-04
9.999000e-01,3.523674e-04
