# t,y
0.000000e+00,0.000000e+00
1.000000e-04,2.501135e-15
2.000000e-04,5.002270e-15
3.000000e-04,7.987869e-14
4.000000e-04,1.000454e-14
5.000000e-04,-2.046202e-13
6.000000e-04,1.597574e-13
7.000000e-04,-3.443685e-13
8.000000e-04,2.000908e-14
9.000000e-04,-1.946157e-13
1.000000e-03,-4.092404e-13
1.100000e-03,-4.486281e-14
1.200000e-03,3.195148e-13
1.300000e-03,1.048900e-13
1.400000e-03,-6.887370e-13
1.500000e-03,-3.243594e-13
1.600000e-03,4.001816e-14
1.700000e-03,4.043957e-13
1.800000e-03,-3.892313e-13
1.900000e-03,-2.485373e-14
2.000000e-03,-8.184808e-13
2.100000e-03,7.039014e-13
2.200000e-03,-8.972561e-14
2.300000e-03,-8.833527e-13
2.400000e-03,6.390295e-13
2.500000e-03,-1.545975e-13
2.600000e-03,2.097801e-13
2.700000e-03,5.741577e-13
2.800000e-03,-1.377474e-12
2.900000e-03,-1.013096e-12
3.000000e-03,-6.487188e-13
3.100000e-03,-2.843413e-13
3.200000e-03,8.003632e-14
3.300000e-03,-1.871595e-12
3.400000e-03,8.087915e-13
3.500000e-03,-1.142840e-12
3.600000e-03,-7.784626e-13
3.700000e-03,-4.140850e-13
3.800000e-03,-4.970745e-14
3.900000e-03,3.146701e-13
4.000000e-03,-1.636962e-12
4.100000e-03,1.043425e-12
4.200000e-03,1.407803e-12
4.300000e-03,-5.438288e-13
4.400000e-03,-1.794512e-13
4.500000e-03,1.849264e-13
4.600000e-03,-1.766705e-12
4.700000e-03,-1.402328e-12
4.800000e-03,1.278059e-12
4.900000e-03,-2.989582e-12
5.000000e-03,-3.091950e-13
5.100000e-03,5.518259e-14
5.200000e-03,4.195602e-13
5.300000e-03,7.839377e-13
5.400000e-03,1.148315e-12
5.500000e-03,1.512693e-12
5.600000e-03,-2.754948e-12
5.700000e-03,-2.390570e-12
5.800000e-03,-2.026193e-12
5.900000e-03,-1.661815e-12
6.000000e-03,-1.297438e-12
6.100000e-03,-9.330601e-13
6.200000e-03,-5.686825e-13
6.300000e-03,-2.043049e-13
6.400000e-03,1.600726e-13
6.500000e-03,5.244502e-13
6.600000e-03,-3.743191e-12
6.700000e-03,1.253205e-12
6.800000e-03,1.617583e-12
6.900000e-03,1.981961e-12
7.000000e-03,-2.285680e-12
7.100000e-03,-1.921303e-12
7.200000e-03,-1.556925e-12
7.300000e-03,-1.192548e-12
7.400000e-03,-8.281701e-13
7.500000e-03,-4.637925e-13
7.600000e-03,-9.941491e-14
7.700000e-03,2.649627e-13
7.800000e-03,6.293403e-13
7.900000e-03,9.937178e-13
8.000000e-03,-3.273923e-12
8.100000e-03,-2.909545e-12
8.200000e-03,2.086851e-12
8.300000e-03,-2.180790e-12
8.400000e-03,2.815606e-12
8.500000e-03,-1.452035e-12
8.600000e-03,-1.087658e-12
8.700000e-03,3.908738e-12
8.800000e-03,-3.589024e-13
8.900000e-03,-4.626543e-12
9.000000e-03,3.698527e-13
9.100000e-03,7.342303e-13
9.200000e-03,-3.533411e-12
9.300000e-03,1.462985e-12
9.400000e-03,-2.804655e-12
9.500000e-03,-2.440278e-12
9.600000e-03,2.556118e-12
9.700000e-03,-1.711523e-12
9.800000e-03,-5.979164e-12
9.900000e-03,-9.827676e-13
1.000000e-02,-6.183900e-13
1.010000e-02,4.378006e-12
1.020000e-02,1.103652e-13
1.030000e-02,-4.157276e-12
1.040000e-02,8.391203e-13
1.050000e-02,-3.428521e-12
1.060000e-02,1.567875e-12
1.070000e-02,-2.699765e-12
1.080000e-02,2.296631e-12
1.090000e-02,-1.971010e-12
1.100000e-02,3.025386e-12
1.110000e-02,-1.242255e-12
1.120000e-02,-5.509896e-12
1.130000e-02,-5.134999e-13
1.140000e-02,-4.781141e-12
1.150000e-02,2.152552e-13
1.160000e-02,-4.052386e-12
1.170000e-02,9.440104e-13
1.180000e-02,-3.323631e-12
1.190000e-02,1.672766e-12
1.200000e-02,-2.594875e-12
1.210000e-02,2.401521e-12
1.220000e-02,-1.866120e-12
1.230000e-02,-6.133761e-12
1.240000e-02,-1.137365e-12
1.250000e-02,-5.405006e-12
1.260000e-02,-4.086099e-13
1.270000e-02,4.587786e-12
1.280000e-02,3.201453e-13
1.290000e-02,-3.947496e-12
1.300000e-02,1.048900e-12
1.310000e-02,-3.218740e-12
1.320000e-02,-7.486381e-12
1.330000e-02,-2.489985e-12
1.340000e-02,2.506411e-12
1.350000e-02,-1.761230e-12
1.360000e-02,3.235166e-12
1.370000e-02,-1.032475e-12
1.380000e-02,3.963921e-12
1.390000e-02,-3.037199e-13
1.400000e-02,-4.571361e-12
1.410000e-02,4.250353e-13
1.420000e-02,-3.842606e-12
1.430000e-02,1.153790e-12
1.440000e-02,-3.113850e-12
1.450000e-02,1.882546e-12
1.460000e-02,-2.385095e-12
1.470000e-02,2.611301e-12
1.480000e-02,-1.656340e-12
1.490000e-02,-5.923981e-12
1.500000e-02,-9.275850e-13
1.510000e-02,-5.195226e-12
1.520000e-02,-1.988298e-13
1.530000e-02,-4.466471e-12
1.540000e-02,5.299253e-13
1.550000e-02,-3.737716e-12
1.560000e-02,1.258681e-12
1.570000e-02,6.255077e-12
1.580000e-02,1.987436e-12
1.590000e-02,-2.280205e-12
1.600000e-02,-6.547846e-12
1.610000e-02,-1.551450e-12
1.620000e-02,-5.819091e-12
1.630000e-02,-8.226949e-13
1.640000e-02,4.173701e-12
1.650000e-02,-9.393977e-14
1.660000e-02,-4.361581e-12
1.670000e-02,-8.629222e-12
1.680000e-02,5.631211e-12
1.690000e-02,1.363571e-12
1.700000e-02,-2.904070e-12
1.710000e-02,2.092326e-12
1.720000e-02,-2.175315e-12
1.730000e-02,-6.442956e-12
1.740000e-02,7.817477e-12
1.750000e-02,3.549836e-12
1.760000e-02,-7.178049e-13
1.770000e-02,-4.985446e-12
1.780000e-02,-9.253087e-12
1.790000e-02,-4.256691e-12
1.800000e-02,7.397054e-13
1.810000e-02,-3.527935e-12
1.820000e-02,1.468461e-12
1.830000e-02,-2.799180e-12
1.840000e-02,-7.066821e-12
1.850000e-02,7.193612e-12
1.860000e-02,2.925971e-12
1.870000e-02,-1.341670e-12
1.880000e-02,-5.609311e-12
1.890000e-02,-6.129148e-13
1.900000e-02,-4.880556e-12
1.910000e-02,1.158403e-13
1.920000e-02,5.112236e-12
1.930000e-02,8.445955e-13
1.940000e-02,-3.423045e-12
1.950000e-02,-7.690686e-12
1.960000e-02,-1.195833e-11
1.970000e-02,2.302106e-12
1.980000e-02,-1.965535e-12
1.990000e-02,3.030861e-12
2.000000e-02,-1.236780e-12
2.010000e-02,-5.504421e-12
2.020000e-02,8.756012e-12
2.030000e-02,4.488371e-12
2.040000e-02,2.207304e-13
2.050000e-02,-4.046911e-12
2.060000e-02,-8.314551e-12
2.070000e-02,-3.318155e-12
2.080000e-02,1.678241e-12
2.090000e-02,-2.589400e-12
2.100000e-02,-6.857041e-12
2.110000e-02,-1.112468e-11
2.120000e-02,3.135751e-12
2.130000e-02,-1.131890e-12
2.140000e-02,-5.399531e-12
2.150000e-02,8.860902e-12
2.160000e-02,4.593261e-12
2.170000e-02,3.256204e-13
2.180000e-02,-3.942021e-12
2.190000e-02,-8.209661e-12
2.200000e-02,6.050772e-12
2.210000e-02,1.783131e-12
2.220000e-02,-2.484510e-12
2.230000e-02,-6.752151e-12
2.240000e-02,-1.101979e-11
2.250000e-02,3.240641e-12
2.260000e-02,-1.027000e-12
2.270000e-02,-5.294641e-12
2.280000e-02,-9.562282e-12
2.290000e-02,-1.382992e-11
2.300000e-02,4.305104e-13
2.310000e-02,-3.837130e-12
2.320000e-02,-8.104771e-12
2.330000e-02,6.155662e-12
2.340000e-02,1.888021e-12
2.350000e-02,-2.379620e-12
2.360000e-02,-6.647261e-12
2.370000e-02,7.613172e-12
2.380000e-02,3.345531e-12
2.390000e-02,-9.221098e-13
2.400000e-02,-5.189751e-12
2.410000e-02,-9.457392e-12
2.420000e-02,4.803041e-12
2.430000e-02,5.354005e-13
2.440000e-02,-3.732240e-12
2.450000e-02,-7.999881e-12
2.460000e-02,-1.226752e-11
2.470000e-02,-1.653516e-11
2.480000e-02,-2.274730e-12
2.490000e-02,-6.542371e-12
2.500000e-02,-1.081001e-11
2.510000e-02,3.450421e-12
2.520000e-02,-8.172198e-13
2.530000e-02,-5.084861e-12
2.540000e-02,9.175572e-12
2.550000e-02,4.907931e-12
2.560000e-02,6.402905e-13
2.570000e-02,-3.627350e-12
2.580000e-02,-7.894991e-12
2.590000e-02,6.365442e-12
2.600000e-02,2.097801e-12
2.610000e-02,-2.169840e-12
2.620000e-02,-6.437481e-12
2.630000e-02,-1.070512e-11
2.640000e-02,-1.497276e-11
2.650000e-02,-7.123297e-13
2.660000e-02,-4.979971e-12
2.670000e-02,-9.247612e-12
2.680000e-02,5.012821e-12
2.690000e-02,7.451806e-13
2.700000e-02,-3.522460e-12
2.710000e-02,1.073797e-11
2.720000e-02,6.470332e-12
2.730000e-02,2.202691e-12
2.740000e-02,-2.064950e-12
2.750000e-02,-6.332591e-12
2.760000e-02,7.927842e-12
2.770000e-02,3.660201e-12
2.780000e-02,-6.074397e-13
2.790000e-02,-4.875081e-12
2.800000e-02,-9.142722e-12
2.810000e-02,-1.341036e-11
2.820000e-02,8.500706e-13
2.830000e-02,-3.417570e-12
2.840000e-02,-7.685211e-12
2.850000e-02,-1.195285e-11
2.860000e-02,2.307581e-12
2.870000e-02,-1.960060e-12
2.880000e-02,-6.227701e-12
2.890000e-02,8.032732e-12
2.900000e-02,3.765091e-12
2.910000e-02,-5.025497e-13
2.920000e-02,-4.770191e-12
2.930000e-02,9.490242e-12
2.940000e-02,5.222602e-12
2.950000e-02,9.549606e-13
2.960000e-02,-3.312680e-12
2.970000e-02,-7.580321e-12
2.980000e-02,-1.184796e-11
2.990000e-02,2.412471e-12
3.000000e-02,-1.855170e-12
3.010000e-02,-6.122811e-12
3.020000e-02,-1.039045e-11
3.030000e-02,-1.465809e-11
3.040000e-02,-3.976596e-13
3.050000e-02,-4.665301e-12
3.060000e-02,-8.932941e-12
3.070000e-02,5.327492e-12
3.080000e-02,1.059851e-12
3.090000e-02,-3.207790e-12
3.100000e-02,-7.475431e-12
3.110000e-02,6.785002e-12
3.120000e-02,2.517361e-12
3.130000e-02,-1.750280e-12
3.140000e-02,1.251015e-11
3.150000e-02,-1.028556e-11
3.160000e-02,3.974871e-12
3.170000e-02,-1.882084e-11
3.180000e-02,-4.560410e-12
3.190000e-02,9.700023e-12
3.200000e-02,-1.309569e-11
3.210000e-02,1.164741e-12
3.220000e-02,-3.102900e-12
3.230000e-02,-7.370541e-12
3.240000e-02,-1.163818e-11
3.250000e-02,2.622251e-12
3.260000e-02,-1.645390e-12
3.270000e-02,-5.913031e-12
3.280000e-02,8.347402e-12
3.290000e-02,-1.444831e-11
3.300000e-02,-1.878795e-13
3.310000e-02,1.407255e-11
3.320000e-02,-8.723161e-12
3.330000e-02,5.537272e-12
3.340000e-02,-1.725844e-11
3.350000e-02,-2.998010e-12
3.360000e-02,1.126242e-11
3.370000e-02,-1.153329e-11
3.380000e-02,2.727141e-12
3.390000e-02,-2.006857e-11
3.400000e-02,-5.808141e-12
3.410000e-02,-1.007578e-11
3.420000e-02,4.184651e-12
3.430000e-02,-8.298950e-14
3.440000e-02,-4.350630e-12
3.450000e-02,9.909803e-12
3.460000e-02,-1.288591e-11
3.470000e-02,1.374521e-12
3.480000e-02,1.563495e-11
3.490000e-02,-7.160761e-12
3.500000e-02,7.099672e-12
3.510000e-02,-1.569604e-11
3.520000e-02,-1.435610e-12
3.530000e-02,1.282482e-11
3.540000e-02,-9.970892e-12
3.550000e-02,4.289541e-12
3.560000e-02,-1.850617e-11
3.570000e-02,-4.245740e-12
3.580000e-02,-8.513381e-12
3.590000e-02,-1.278102e-11
3.600000e-02,1.479411e-12
3.610000e-02,-2.788230e-12
3.620000e-02,-7.055871e-12
3.630000e-02,-1.132351e-11
3.640000e-02,2.936921e-12
3.650000e-02,1.719735e-11
3.660000e-02,-5.598361e-12
3.670000e-02,8.662072e-12
3.680000e-02,-1.413364e-11
3.690000e-02,1.267906e-13
3.700000e-02,1.438722e-11
3.710000e-02,-8.408491e-12
3.720000e-02,5.851942e-12
3.730000e-02,-1.694377e-11
3.740000e-02,-2.683340e-12
3.750000e-02,-6.950981e-12
3.760000e-02,-1.121862e-11
3.770000e-02,3.041811e-12
3.780000e-02,-1.225830e-12
3.790000e-02,-5.493471e-12
3.800000e-02,-9.761111e-12
3.810000e-02,4.499322e-12
3.820000e-02,2.316806e-13
3.830000e-02,-4.035960e-12
3.840000e-02,1.022447e-11
3.850000e-02,-1.257124e-11
3.860000e-02,1.689191e-12
3.870000e-02,1.594962e-11
3.880000e-02,-6.846091e-12
3.890000e-02,7.414342e-12
3.900000e-02,-1.538137e-11
3.910000e-02,-1.120940e-12
3.920000e-02,-2.391665e-11
3.930000e-02,-9.656221e-12
3.940000e-02,4.604212e-12
3.950000e-02,-1.819150e-11
3.960000e-02,-3.931070e-12
3.970000e-02,-8.198711e-12
3.980000e-02,6.061722e-12
3.990000e-02,1.794081e-12
4.000000e-02,-2.473560e-12
4.010000e-02,1.178687e-11
4.020000e-02,-1.100884e-11
4.030000e-02,3.251591e-12
4.040000e-02,1.751202e-11
4.050000e-02,-5.283691e-12
4.060000e-02,8.976743e-12
4.070000e-02,-1.381897e-11
4.080000e-02,4.414607e-13
4.090000e-02,-2.235425e-11
4.100000e-02,-8.093821e-12
4.110000e-02,6.166612e-12
4.120000e-02,-1.662910e-11
4.130000e-02,-2.368670e-12
4.140000e-02,-6.636311e-12
4.150000e-02,-1.090395e-11
4.160000e-02,3.356481e-12
4.170000e-02,-9.111596e-13
4.180000e-02,-5.178800e-12
4.190000e-02,-2.797452e-11
4.200000e-02,-1.371408e-11
4.210000e-02,5.463508e-13
4.220000e-02,-2.224936e-11
4.230000e-02,-7.988931e-12
4.240000e-02,6.271502e-12
4.250000e-02,-1.652421e-11
4.260000e-02,-2.263780e-12
4.270000e-02,1.199665e-11
4.280000e-02,-1.079906e-11
4.290000e-02,3.461371e-12
4.300000e-02,1.772180e-11
4.310000e-02,-5.073910e-12
4.320000e-02,9.186523e-12
4.330000e-02,2.344696e-11
4.340000e-02,6.512408e-13
4.350000e-02,1.491167e-11
4.360000e-02,-7.884041e-12
4.370000e-02,6.376392e-12
4.380000e-02,-1.641932e-11
4.390000e-02,-2.158890e-12
4.400000e-02,1.210154e-11
4.410000e-02,-1.069417e-11
4.420000e-02,3.566261e-12
4.430000e-02,-1.922945e-11
4.440000e-02,-4.969020e-12
4.450000e-02,9.291413e-12
4.460000e-02,-1.350430e-11
4.470000e-02,7.561308e-13
4.480000e-02,-2.203958e-11
4.490000e-02,-7.779151e-12
4.500000e-02,6.481282e-12
4.510000e-02,-1.631443e-11
4.520000e-02,-2.054000e-12
4.530000e-02,-2.484971e-11
4.540000e-02,-1.058928e-11
4.550000e-02,-3.338500e-11
4.560000e-02,-1.912456e-11
4.570000e-02,-4.864130e-12
4.580000e-02,-2.765985e-11
4.590000e-02,-1.339941e-11
4.600000e-02,8.610209e-13
4.610000e-02,-2.193469e-11
4.620000e-02,-7.674261e-12
4.630000e-02,6.586172e-12
4.640000e-02,-1.620954e-11
4.650000e-02,-1.949110e-12
4.660000e-02,1.231132e-11
4.670000e-02,2.657176e-11
4.680000e-02,3.776042e-12
4.690000e-02,1.803647e-11
4.700000e-02,-4.759240e-12
4.710000e-02,9.501193e-12
4.720000e-02,-1.329452e-11
4.730000e-02,9.659109e-13
4.740000e-02,1.522634e-11
4.750000e-02,-7.569371e-12
4.760000e-02,6.691062e-12
4.770000e-02,-1.610465e-11
4.780000e-02,-1.844220e-12
4.790000e-02,1.241621e-11
4.800000e-02,-1.037950e-11
4.810000e-02,3.880932e-12
4.820000e-02,-1.891478e-11
4.830000e-02,-4.654350e-12
4.840000e-02,9.606083e-12
4.850000e-02,-1.318963e-11
4.860000e-02,1.070801e-12
4.870000e-02,-2.172491e-11
4.880000e-02,-7.464481e-12
4.890000e-02,-3.026020e-11
4.900000e-02,-1.599976e-11
4.910000e-02,-1.739330e-12
4.920000e-02,-2.453504e-11
4.930000e-02,-1.027461e-11
4.940000e-02,-3.307033e-11
4.950000e-02,-1.880989e-11
4.960000e-02,-4.549460e-12
4.970000e-02,-2.734518e-11
4.980000e-02,-1.308474e-11
4.990000e-02,1.175691e-12
5.000000e-02,-2.162002e-11
5.010000e-02,-7.359591e-12
5.020000e-02,6.900842e-12
5.030000e-02,2.116128e-11
5.040000e-02,-1.634440e-12
5.050000e-02,1.262599e-11
5.060000e-02,-1.016972e-11
5.070000e-02,4.090712e-12
5.080000e-02,1.835114e-11
5.090000e-02,-4.444570e-12
5.100000e-02,9.815863e-12
5.110000e-02,-1.297985e-11
5.120000e-02,1.280581e-12
5.130000e-02,1.554101e-11
5.140000e-02,-7.254701e-12
5.150000e-02,7.005732e-12
5.160000e-02,-1.578998e-11
5.170000e-02,-1.529550e-12
5.180000e-02,1.273088e-11
5.190000e-02,-1.006483e-11
5.200000e-02,4.195602e-12
5.210000e-02,-1.860011e-11
5.220000e-02,-4.339680e-12
5.230000e-02,-2.713539e-11
5.240000e-02,-1.287496e-11
5.250000e-02,1.385471e-12
5.260000e-02,-2.141024e-11
5.270000e-02,-7.149811e-12
5.280000e-02,-2.994553e-11
5.290000e-02,-1.568509e-11
5.300000e-02,-1.424659e-12
5.310000e-02,-2.422037e-11
5.320000e-02,-9.959941e-12
5.330000e-02,-3.275566e-11
5.340000e-02,-1.849522e-11
5.350000e-02,-4.234790e-12
5.360000e-02,1.002564e-11
5.370000e-02,-1.277007e-11
5.380000e-02,1.490361e-12
5.390000e-02,1.575079e-11
5.400000e-02,-7.044921e-12
5.410000e-02,7.215512e-12
5.420000e-02,2.147595e-11
5.430000e-02,-1.319769e-12
5.440000e-02,1.294066e-11
5.450000e-02,-9.855051e-12
5.460000e-02,4.405382e-12
5.470000e-02,1.866581e-11
5.480000e-02,-4.129900e-12
5.490000e-02,1.013053e-11
5.500000e-02,-1.266518e-11
5.510000e-02,1.595251e-12
5.520000e-02,1.585568e-11
5.530000e-02,-6.940031e-12
5.540000e-02,7.320402e-12
5.550000e-02,-1.547531e-11
5.560000e-02,-1.214879e-12
5.570000e-02,-2.401059e-11
5.580000e-02,-9.750161e-12
5.590000e-02,4.510272e-12
5.600000e-02,-1.828544e-11
5.610000e-02,-4.025010e-12
5.620000e-02,-2.682072e-11
5.630000e-02,-1.256029e-11
5.640000e-02,1.700141e-12
5.650000e-02,-2.109557e-11
5.660000e-02,-6.835141e-12
5.670000e-02,-2.963086e-11
5.680000e-02,-1.537042e-11
5.690000e-02,-1.109989e-12
5.700000e-02,-2.390570e-11
5.710000e-02,-9.645271e-12
5.720000e-02,4.615162e-12
5.730000e-02,-1.818055e-11
5.740000e-02,-3.920120e-12
5.750000e-02,1.034031e-11
5.760000e-02,-1.245540e-11
5.770000e-02,1.805031e-12
5.780000e-02,1.606546e-11
5.790000e-02,-6.730251e-12
5.800000e-02,7.530182e-12
5.810000e-02,2.179062e-11
5.820000e-02,-1.005099e-12
5.830000e-02,1.325533e-11
5.840000e-02,-9.540381e-12
5.850000e-02,4.720052e-12
5.860000e-02,1.898048e-11
5.870000e-02,-3.815230e-12
5.880000e-02,1.044520e-11
5.890000e-02,-1.235051e-11
5.900000e-02,1.909921e-12
5.910000e-02,-2.088579e-11
5.920000e-02,-6.625361e-12
5.930000e-02,7.635073e-12
5.940000e-02,-1.516064e-11
5.950000e-02,-9.002093e-13
5.960000e-02,-2.369592e-11
5.970000e-02,-9.435491e-12
5.980000e-02,4.824942e-12
5.990000e-02,-1.797077e-11
6.000000e-02,-3.710340e-12
6.010000e-02,-2.650605e-11
6.020000e-02,-1.224562e-11
6.030000e-02,-3.504134e-11
6.040000e-02,-2.078090e-11
6.050000e-02,-6.520470e-12
6.060000e-02,-2.931619e-11
6.070000e-02,-1.505575e-11
6.080000e-02,-7.953192e-13
6.090000e-02,-2.359103e-11
6.100000e-02,-9.330601e-12
6.110000e-02,4.929832e-12
6.120000e-02,-1.786588e-11
6.130000e-02,-3.605450e-12
6.140000e-02,1.065498e-11
6.150000e-02,2.491542e-11
6.160000e-02,2.119701e-12
6.170000e-02,1.638013e-11
6.180000e-02,-6.415580e-12
6.190000e-02,7.844853e-12
6.200000e-02,-1.495086e-11
6.210000e-02,-6.904292e-13
6.220000e-02,1.357000e-11
6.230000e-02,-9.225711e-12
6.240000e-02,5.034722e-12
6.250000e-02,-1.776099e-11
6.260000e-02,-3.500560e-12
6.270000e-02,1.075987e-11
6.280000e-02,2.502031e-11
6.290000e-02,-3.483156e-11
6.300000e-02,-2.057112e-11
6.310000e-02,-6.310690e-12
6.320000e-02,7.949743e-12
6.330000e-02,2.221018e-11
6.340000e-02,-3.764169e-11
6.350000e-02,-2.338125e-11
6.360000e-02,-9.120821e-12
6.370000e-02,5.139612e-12
6.380000e-02,1.940005e-11
6.390000e-02,-4.045182e-11
6.400000e-02,-2.619138e-11
6.410000e-02,-1.193095e-11
6.420000e-02,2.329481e-12
6.430000e-02,1.658991e-11
6.440000e-02,-6.205800e-12
6.450000e-02,-2.900152e-11
6.460000e-02,-1.474108e-11
6.470000e-02,-4.806491e-13
6.480000e-02,-2.327636e-11
6.490000e-02,-9.015931e-12
6.500000e-02,5.244502e-12
6.510000e-02,1.950494e-11
6.520000e-02,-3.290780e-12
6.530000e-02,-2.608649e-11
6.540000e-02,-1.182606e-11
6.550000e-02,2.434372e-12
6.560000e-02,1.669480e-11
6.570000e-02,3.095524e-11
6.580000e-02,-2.889663e-11
6.590000e-02,-1.463619e-11
6.600000e-02,-3.757591e-13
6.610000e-02,1.388467e-11
6.620000e-02,2.814511e-11
6.630000e-02,-3.170676e-11
6.640000e-02,-1.744632e-11
6.650000e-02,-3.185890e-12
6.660000e-02,1.107454e-11
6.670000e-02,2.533498e-11
6.680000e-02,-3.451689e-11
6.690000e-02,-2.025645e-11
6.700000e-02,-5.996020e-12
6.710000e-02,8.264413e-12
6.720000e-02,2.252485e-11
6.730000e-02,-3.732702e-11
6.740000e-02,-2.306658e-11
6.750000e-02,-8.806151e-12
6.760000e-02,5.454282e-12
6.770000e-02,1.971472e-11
6.780000e-02,-4.013715e-11
6.790000e-02,-2.587671e-11
6.800000e-02,-1.161628e-11
6.810000e-02,2.644152e-12
6.820000e-02,-2.015156e-11
6.830000e-02,-5.891130e-12
6.840000e-02,8.369303e-12
6.850000e-02,-1.442641e-11
6.860000e-02,-1.659790e-13
6.870000e-02,-2.296169e-11
6.880000e-02,-8.701261e-12
6.890000e-02,5.559172e-12
6.900000e-02,1.981961e-11
6.910000e-02,-2.976110e-12
6.920000e-02,-2.577182e-11
6.930000e-02,-1.151139e-11
6.940000e-02,2.749042e-12
6.950000e-02,1.700947e-11
6.960000e-02,3.126991e-11
6.970000e-02,-2.858195e-11
6.980000e-02,-1.432152e-11
6.990000e-02,-6.108895e-14
7.000000e-02,1.419934e-11
7.010000e-02,2.845978e-11
7.020000e-02,-3.139209e-11
7.030000e-02,-1.713165e-11
7.040000e-02,-2.871220e-12
7.050000e-02,1.138921e-11
7.060000e-02,2.564965e-11
7.070000e-02,-3.420222e-11
7.080000e-02,-1.994178e-11
7.090000e-02,-5.681350e-12
7.100000e-02,8.579083e-12
7.110000e-02,-5.127278e-11
7.120000e-02,-3.701235e-11
7.130000e-02,-2.275191e-11
7.140000e-02,-8.491481e-12
7.150000e-02,5.768952e-12
7.160000e-02,-1.702676e-11
7.170000e-02,-2.766329e-12
7.180000e-02,-2.556204e-11
7.190000e-02,-1.130161e-11
7.200000e-02,2.958822e-12
7.210000e-02,-1.983689e-11
7.220000e-02,-5.576460e-12
7.230000e-02,8.683973e-12
7.240000e-02,-1.411174e-11
7.250000e-02,1.486911e-13
7.260000e-02,-2.264702e-11
7.270000e-02,-8.386591e-12
7.280000e-02,5.873842e-12
7.290000e-02,2.013428e-11
7.300000e-02,3.439471e-11
7.310000e-02,-2.545715e-11
7.320000e-02,-1.119672e-11
7.330000e-02,3.063712e-12
7.340000e-02,1.732414e-11
7.350000e-02,3.158458e-11
7.360000e-02,-2.826728e-11
7.370000e-02,-1.400685e-11
7.380000e-02,2.535812e-13
7.390000e-02,1.451401e-11
7.400000e-02,2.877445e-11
7.410000e-02,-3.107742e-11
7.420000e-02,-1.681698e-11
7.430000e-02,-2.556549e-12
7.440000e-02,1.170388e-11
7.450000e-02,-4.814798e-11
7.460000e-02,-3.388755e-11
7.470000e-02,-1.962711e-11
7.480000e-02,-5.366680e-12
7.490000e-02,8.893753e-12
7.500000e-02,-1.390196e-11
7.510000e-02,-3.669768e-11
7.520000e-02,-2.243724e-11
7.530000e-02,-8.176811e-12
7.540000e-02,6.083622e-12
7.550000e-02,-1.671209e-11
7.560000e-02,-2.451659e-12
7.570000e-02,-2.524737e-11
7.580000e-02,-1.098694e-11
7.590000e-02,3.273492e-12
7.600000e-02,-1.952222e-11
7.610000e-02,-5.261790e-12
7.620000e-02,8.998643e-12
7.630000e-02,2.325908e-11
7.640000e-02,4.633613e-13
7.650000e-02,-2.233235e-11
7.660000e-02,-8.071921e-12
7.670000e-02,6.188512e-12
7.680000e-02,2.044895e-11
7.690000e-02,3.470938e-11
7.700000e-02,-2.514248e-11
7.710000e-02,-1.088205e-11
7.720000e-02,3.378382e-12
7.730000e-02,1.763881e-11
7.740000e-02,3.189925e-11
7.750000e-02,-2.795261e-11
7.760000e-02,-1.369218e-11
7.770000e-02,5.682513e-13
7.780000e-02,1.482868e-11
7.790000e-02,-4.502318e-11
7.800000e-02,-3.076275e-11
7.810000e-02,-1.650231e-11
7.820000e-02,-2.241879e-12
7.830000e-02,1.201855e-11
7.840000e-02,-4.783331e-11
7.850000e-02,-3.357288e-11
7.860000e-02,-1.931244e-11
7.870000e-02,-5.052010e-12
7.880000e-02,9.208423e-12
7.890000e-02,-1.358729e-11
7.900000e-02,-3.638301e-11
7.910000e-02,-2.212257e-11
7.920000e-02,-7.862140e-12
7.930000e-02,6.398293e-12
7.940000e-02,-1.639742e-11
7.950000e-02,-2.136989e-12
7.960000e-02,1.212344e-11
7.970000e-02,-1.067227e-11
7.980000e-02,3.588162e-12
7.990000e-02,-1.920755e-11
8.000000e-02,-4.947120e-12
8.010000e-02,9.313313e-12
8.020000e-02,2.357375e-11
8.030000e-02,7.780314e-13
8.040000e-02,-2.201768e-11
8.050000e-02,-7.757250e-12
8.060000e-02,6.503183e-12
8.070000e-02,2.076362e-11
8.080000e-02,3.502405e-11
8.090000e-02,-2.482781e-11
8.100000e-02,-1.056738e-11
8.110000e-02,3.693052e-12
8.120000e-02,1.795349e-11
8.130000e-02,-4.189838e-11
8.140000e-02,-2.763794e-11
8.150000e-02,-1.337751e-11
8.160000e-02,8.829214e-13
8.170000e-02,1.514335e-11
8.180000e-02,-4.470851e-11
8.190000e-02,-3.044808e-11
8.200000e-02,-1.618764e-11
8.210000e-02,-1.927209e-12
8.220000e-02,1.233322e-11
8.230000e-02,-4.751864e-11
8.240000e-02,-3.325821e-11
8.250000e-02,-1.899777e-11
8.260000e-02,-4.737340e-12
8.270000e-02,9.523093e-12
8.280000e-02,-1.327262e-11
8.290000e-02,-3.606834e-11
8.300000e-02,-2.180790e-11
8.310000e-02,-7.547470e-12
8.320000e-02,6.712963e-12
8.330000e-02,-1.608275e-11
8.340000e-02,-1.822319e-12
8.350000e-02,-2.461803e-11
8.360000e-02,-1.035760e-11
8.370000e-02,3.902832e-12
8.380000e-02,-5.594903e-11
8.390000e-02,-4.168860e-11
8.400000e-02,-2.742816e-11
8.410000e-02,-1.316773e-11
8.420000e-02,1.092702e-12
8.430000e-02,-5.875916e-11
8.440000e-02,-4.449873e-11
8.450000e-02,-3.023830e-11
8.460000e-02,-1.597786e-11
8.470000e-02,-1.717429e-12
8.480000e-02,1.254300e-11
8.490000e-02,-4.730886e-11
8.500000e-02,-3.304843e-11
8.510000e-02,-1.878799e-11
8.520000e-02,-4.527560e-12
8.530000e-02,9.732873e-12
8.540000e-02,2.399331e-11
8.550000e-02,3.825374e-11
8.560000e-02,-2.159812e-11
8.570000e-02,-7.337690e-12
8.580000e-02,6.922743e-12
8.590000e-02,2.118318e-11
8.600000e-02,3.544361e-11
8.610000e-02,4.970404e-11
8.620000e-02,-1.014782e-11
8.630000e-02,4.112612e-12
8.640000e-02,1.837305e-11
8.650000e-02,3.263348e-11
8.660000e-02,4.689391e-11
8.670000e-02,-1.295795e-11
8.680000e-02,1.302482e-12
8.690000e-02,1.556291e-11
8.700000e-02,2.982335e-11
8.710000e-02,4.408378e-11
8.720000e-02,-1.576808e-11
8.730000e-02,-1.507649e-12
8.740000e-02,1.275278e-11
8.750000e-02,2.701322e-11
8.760000e-02,-3.283865e-11
8.770000e-02,-1.857821e-11
8.780000e-02,-4.317780e-12
8.790000e-02,9.942653e-12
8.800000e-02,2.420309e-11
8.810000e-02,-3.564878e-11
8.820000e-02,-2.138834e-11
8.830000e-02,-7.127910e-12
8.840000e-02,7.132523e-12
8.850000e-02,2.139296e-11
8.860000e-02,-3.845891e-11
8.870000e-02,-2.419847e-11
8.880000e-02,-9.938041e-12
8.890000e-02,4.322392e-12
8.900000e-02,1.858283e-11
8.910000e-02,-4.126904e-11
8.920000e-02,-2.700860e-11
8.930000e-02,-1.274817e-11
8.940000e-02,1.512262e-12
8.950000e-02,1.577269e-11
8.960000e-02,-4.407917e-11
8.970000e-02,-2.981873e-11
8.980000e-02,-1.555830e-11
8.990000e-02,-1.297869e-12
9.000000e-02,1.296256e-11
9.010000e-02,-4.688930e-11
9.020000e-02,-3.262887e-11
9.030000e-02,-1.836843e-11
9.040000e-02,-4.107999e-12
9.050000e-02,1.015243e-11
9.060000e-02,-4.969943e-11
9.070000e-02,-3.543900e-11
9.080000e-02,-2.117856e-11
9.090000e-02,-6.918130e-12
9.100000e-02,-6.676999e-11
9.110000e-02,-5.250956e-11
9.120000e-02,-3.824913e-11
9.130000e-02,-2.398869e-11
9.140000e-02,-9.728261e-12
9.150000e-02,-6.958012e-11
9.160000e-02,-5.531969e-11
9.170000e-02,-4.105926e-11
9.180000e-02,-2.679882e-11
9.190000e-02,-1.253839e-11
9.200000e-02,1.722042e-12
9.210000e-02,1.598247e-11
9.220000e-02,-4.386939e-11
9.230000e-02,-2.960895e-11
9.240000e-02,-1.534852e-11
9.250000e-02,-1.088089e-12
9.260000e-02,1.317234e-11
9.270000e-02,2.743278e-11
9.280000e-02,-3.241909e-11
9.290000e-02,-1.815865e-11
9.300000e-02,-3.898219e-12
9.310000e-02,1.036221e-11
9.320000e-02,2.462265e-11
9.330000e-02,3.888308e-11
9.340000e-02,5.314351e-11
9.350000e-02,-6.708350e-12
9.360000e-02,7.552083e-12
9.370000e-02,2.181252e-11
9.380000e-02,3.607295e-11
9.390000e-02,5.033338e-11
9.400000e-02,-9.518481e-12
9.410000e-02,4.741952e-12
9.420000e-02,1.900239e-11
9.430000e-02,3.326282e-11
9.440000e-02,-2.658904e-11
9.450000e-02,-1.232861e-11
9.460000e-02,1.931822e-12
9.470000e-02,1.619225e-11
9.480000e-02,3.045269e-11
9.490000e-02,-2.939917e-11
9.500000e-02,-1.513874e-11
9.510000e-02,-8.783087e-13
9.520000e-02,1.338212e-11
9.530000e-02,2.764256e-11
9.540000e-02,-3.220931e-11
9.550000e-02,-1.794887e-11
9.560000e-02,-3.688439e-12
9.570000e-02,1.057199e-11
9.580000e-02,2.483243e-11
9.590000e-02,-3.501944e-11
9.600000e-02,-2.075900e-11
9.610000e-02,-6.498570e-12
9.620000e-02,7.761863e-12
9.630000e-02,2.202230e-11
9.640000e-02,-3.782957e-11
9.650000e-02,-2.356913e-11
9.660000e-02,-9.308701e-12
9.670000e-02,4.951733e-12
9.680000e-02,1.921217e-11
9.690000e-02,-4.063970e-11
9.700000e-02,-2.637926e-11
9.710000e-02,-1.211883e-11
9.720000e-02,2.141602e-12
9.730000e-02,1.640203e-11
9.740000e-02,-4.344983e-11
9.750000e-02,-2.918939e-11
9.760000e-02,-1.492896e-11
9.770000e-02,-6.685287e-13
9.780000e-02,-6.052039e-11
9.790000e-02,-4.625996e-11
9.800000e-02,-3.199953e-11
9.810000e-02,-1.773909e-11
9.820000e-02,-3.478659e-12
9.830000e-02,-6.333052e-11
9.840000e-02,-4.907009e-11
9.850000e-02,-3.480966e-11
9.860000e-02,-2.054922e-11
9.870000e-02,-6.288790e-12
9.880000e-02,-6.614065e-11
9.890000e-02,-5.188022e-11
9.900000e-02,-3.761979e-11
9.910000e-02,-2.335935e-11
9.920000e-02,-9.098920e-12
9.930000e-02,5.161513e-12
9.940000e-02,-5.469035e-11
9.950000e-02,-4.042992e-11
9.960000e-02,-2.616948e-11
9.970000e-02,-1.190905e-11
9.980000e-02,2.351382e-12
9.990000e-02,1.661182e-11
1.000000e-01,-4.324005e-11
1.001000e-01,-2.897961e-11
1.002000e-01,-1.471918e-11
1.003000e-01,-4.587486e-13
1.004000e-01,1.380168e-11
1.005000e-01,2.806212e-11
1.006000e-01,4.232255e-11
1.007000e-01,-1.752931e-11
1.008000e-01,-3.268879e-12
1.009000e-01,1.099155e-11
1.010000e-01,2.525199e-11
1.011000e-01,3.951242e-11
1.012000e-01,-2.033944e-11
1.013000e-01,-6.079010e-12
1.014000e-01,8.181423e-12
1.015000e-01,2.244186e-11
1.016000e-01,3.670229e-11
1.017000e-01,-2.314957e-11
1.018000e-01,-8.889140e-12
1.019000e-01,5.371293e-12
1.020000e-01,1.963173e-11
1.021000e-01,3.389216e-11
1.022000e-01,-2.595970e-11
1.023000e-01,-1.169927e-11
1.024000e-01,2.561162e-12
1.025000e-01,1.682160e-11
1.026000e-01,3.108203e-11
1.027000e-01,-2.876983e-11
1.028000e-01,-1.450940e-11
1.029000e-01,-2.489685e-13
1.030000e-01,1.401146e-11
1.031000e-01,2.827190e-11
1.032000e-01,-3.157997e-11
1.033000e-01,-1.731953e-11
1.034000e-01,-3.059099e-12
1.035000e-01,1.120133e-11
1.036000e-01,2.546177e-11
1.037000e-01,-3.439010e-11
1.038000e-01,-2.012966e-11
1.039000e-01,-5.869230e-12
1.040000e-01,8.391203e-12
1.041000e-01,-5.146066e-11
1.042000e-01,-3.720023e-11
1.043000e-01,-2.293979e-11
1.044000e-01,-8.679360e-12
1.045000e-01,5.581073e-12
1.046000e-01,-5.427079e-11
1.047000e-01,-4.001036e-11
1.048000e-01,-2.574992e-11
1.049000e-01,-1.148949e-11
1.050000e-01,2.770942e-12
1.051000e-01,-5.708092e-11
1.052000e-01,-4.282049e-11
1.053000e-01,-2.856005e-11
1.054000e-01,-1.429962e-11
1.055000e-01,-3.918841e-14
1.056000e-01,-5.989105e-11
1.057000e-01,-4.563062e-11
1.058000e-01,-3.137019e-11
1.059000e-01,-1.710975e-11
1.060000e-01,-2.849319e-12
1.061000e-01,-6.270118e-11
1.062000e-01,-4.844075e-11
1.063000e-01,-3.418032e-11
1.064000e-01,-1.991988e-11
1.065000e-01,-5.659450e-12
1.066000e-01,-6.551131e-11
1.067000e-01,-5.125088e-11
1.068000e-01,-3.699045e-11
1.069000e-01,-2.273001e-11
1.070000e-01,-8.469580e-12
1.071000e-01,5.790853e-12
1.072000e-01,2.005129e-11
1.073000e-01,-3.980058e-11
1.074000e-01,-2.554014e-11
1.075000e-01,-1.127971e-11
1.076000e-01,2.980722e-12
1.077000e-01,1.724116e-11
1.078000e-01,3.150159e-11
1.079000e-01,-2.835027e-11
1.080000e-01,-1.408984e-11
1.081000e-01,1.705917e-13
1.082000e-01,1.443102e-11
1.083000e-01,2.869146e-11
1.084000e-01,4.295189e-11
1.085000e-01,-1.689997e-11
1.086000e-01,-2.639539e-12
1.087000e-01,1.162089e-11
1.088000e-01,2.588133e-11
1.089000e-01,4.014176e-11
1.090000e-01,-1.971010e-11
1.091000e-01,-5.449669e-12
1.092000e-01,8.810764e-12
1.093000e-01,2.307120e-11
1.094000e-01,3.733163e-11
1.095000e-01,-2.252023e-11
1.096000e-01,-8.259800e-12
1.097000e-01,6.000633e-12
1.098000e-01,2.026107e-11
1.099000e-01,3.452150e-11
1.100000e-01,-2.533036e-11
1.101000e-01,-1.106993e-11
1.102000e-01,3.190502e-12
1.103000e-01,1.745094e-11
1.104000e-01,3.171137e-11
1.105000e-01,-2.814049e-11
1.106000e-01,-1.388006e-11
1.107000e-01,3.803718e-13
1.108000e-01,1.464080e-11
1.109000e-01,-4.521106e-11
1.110000e-01,-3.095062e-11
1.111000e-01,-1.669019e-11
1.112000e-01,-2.429759e-12
1.113000e-01,1.183067e-11
1.114000e-01,-4.802119e-11
1.115000e-01,-3.376076e-11
1.116000e-01,-1.950032e-11
1.117000e-01,-5.239889e-12
1.118000e-01,9.020544e-12
1.119000e-01,-5.083132e-11
1.120000e-01,-3.657089e-11
1.121000e-01,-2.231045e-11
1.122000e-01,-8.050020e-12
1.123000e-01,6.210413e-12
1.124000e-01,-5.364145e-11
1.125000e-01,-3.938102e-11
1.126000e-01,-2.512058e-11
1.127000e-01,-1.086015e-11
1.128000e-01,3.400282e-12
1.129000e-01,-5.645158e-11
1.130000e-01,-4.219115e-11
1.131000e-01,-2.793071e-11
1.132000e-01,-1.367028e-11
1.133000e-01,5.901518e-13
1.134000e-01,-5.926171e-11
1.135000e-01,-4.500128e-11
1.136000e-01,-3.074084e-11
1.137000e-01,-1.648041e-11
1.138000e-01,-2.219979e-12
1.139000e-01,-6.207184e-11
1.140000e-01,-4.781141e-11
1.141000e-01,-3.355098e-11
1.142000e-01,-1.929054e-11
1.143000e-01,-5.030109e-12
1.144000e-01,9.230324e-12
1.145000e-01,-5.062154e-11
1.146000e-01,-3.636111e-11
1.147000e-01,-2.210067e-11
1.148000e-01,-7.840240e-12
1.149000e-01,6.420193e-12
1.150000e-01,2.068063e-11
1.151000e-01,3.494106e-11
1.152000e-01,-2.491080e-11
1.153000e-01,-1.065037e-11
1.154000e-01,3.610063e-12
1.155000e-01,1.787050e-11
1.156000e-01,3.213093e-11
1.157000e-01,4.639136e-11
1.158000e-01,-1.346050e-11
1.159000e-01,7.999319e-13
1.160000e-01,1.506036e-11
1.161000e-01,2.932080e-11
1.162000e-01,4.358123e-11
1.163000e-01,-1.627063e-11
1.164000e-01,-2.010199e-12
1.165000e-01,1.225023e-11
1.166000e-01,2.651067e-11
1.167000e-01,4.077110e-11
1.168000e-01,-1.908076e-11
1.169000e-01,-4.820329e-12
1.170000e-01,9.440104e-12
1.171000e-01,2.370054e-11
1.172000e-01,3.796097e-11
1.173000e-01,-2.189089e-11
1.174000e-01,-7.630460e-12
1.175000e-01,6.629973e-12
1.176000e-01,2.089041e-11
1.177000e-01,-3.896146e-11
1.178000e-01,-2.470102e-11
1.179000e-01,-1.044059e-11
1.180000e-01,3.819843e-12
1.181000e-01,1.808028e-11
1.182000e-01,-4.177159e-11
1.183000e-01,-2.751115e-11
1.184000e-01,-1.325072e-11
1.185000e-01,1.009712e-12
1.186000e-01,1.527015e-11
1.187000e-01,-4.458172e-11
1.188000e-01,-3.032128e-11
1.189000e-01,-1.606085e-11
1.190000e-01,-1.800419e-12
1.191000e-01,1.246001e-11
1.192000e-01,-4.739185e-11
1.193000e-01,-3.313142e-11
1.194000e-01,-1.887098e-11
1.195000e-01,-4.610549e-12
1.196000e-01,9.649884e-12
1.197000e-01,-5.020198e-11
1.198000e-01,-3.594155e-11
1.199000e-01,-2.168111e-11
1.200000e-01,-7.420680e-12
1.201000e-01,6.839753e-12
1.202000e-01,-5.301211e-11
1.203000e-01,-3.875168e-11
1.204000e-01,-2.449124e-11
1.205000e-01,-1.023081e-11
1.206000e-01,-7.008267e-11
1.207000e-01,-5.582224e-11
1.208000e-01,-4.156181e-11
1.209000e-01,-2.730137e-11
1.210000e-01,-1.304094e-11
1.211000e-01,-7.289280e-11
1.212000e-01,-5.863237e-11
1.213000e-01,-4.437194e-11
1.214000e-01,-3.011150e-11
1.215000e-01,-1.585107e-11
1.216000e-01,-1.590638e-12
1.217000e-01,1.266979e-11
1.218000e-01,-4.718207e-11
1.219000e-01,-3.292164e-11
1.220000e-01,-1.866120e-11
1.221000e-01,-4.400769e-12
1.222000e-01,9.859664e-12
1.223000e-01,2.412010e-11
1.224000e-01,-3.573177e-11
1.225000e-01,-2.147133e-11
1.226000e-01,-7.210900e-12
1.227000e-01,7.049533e-12
1.228000e-01,2.130997e-11
1.229000e-01,3.557040e-11
1.230000e-01,4.983083e-11
1.231000e-01,-1.002103e-11
1.232000e-01,4.239403e-12
1.233000e-01,1.849984e-11
1.234000e-01,3.276027e-11
1.235000e-01,4.702070e-11
1.236000e-01,-1.283116e-11
1.237000e-01,1.429272e-12
1.238000e-01,1.568971e-11
1.239000e-01,2.995014e-11
1.240000e-01,-2.990172e-11
1.241000e-01,-1.564129e-11
1.242000e-01,-1.380858e-12
1.243000e-01,1.287957e-11
1.244000e-01,2.714001e-11
1.245000e-01,-3.271186e-11
1.246000e-01,-1.845142e-11
1.247000e-01,-4.190989e-12
1.248000e-01,1.006944e-11
1.249000e-01,2.432988e-11
1.250000e-01,-3.552199e-11
1.251000e-01,5.285074e-11
1.252000e-01,-7.001120e-12
1.253000e-01,-6.685298e-11
1.254000e-01,2.151975e-11
1.255000e-01,-3.833212e-11
1.256000e-01,5.004061e-11
1.257000e-01,-9.811250e-12
1.258000e-01,-6.966311e-11
1.259000e-01,1.870962e-11
1.260000e-01,-4.114225e-11
1.261000e-01,4.723048e-11
1.262000e-01,-1.262138e-11
1.263000e-01,-7.247324e-11
1.264000e-01,1.589949e-11
1.265000e-01,-4.395238e-11
1.266000e-01,4.442035e-11
1.267000e-01,-1.543151e-11
1.268000e-01,-7.528337e-11
1.269000e-01,1.308935e-11
1.270000e-01,-4.676251e-11
1.271000e-01,4.161022e-11
1.272000e-01,-1.824164e-11
1.273000e-01,-7.809350e-11
1.274000e-01,1.027922e-11
1.275000e-01,-4.957264e-11
1.276000e-01,3.880009e-11
1.277000e-01,-2.105177e-11
1.278000e-01,-8.090364e-11
1.279000e-01,7.469094e-12
1.280000e-01,-5.238277e-11
1.281000e-01,3.598996e-11
1.282000e-01,-2.386190e-11
1.283000e-01,-8.371377e-11
1.284000e-01,4.658963e-12
1.285000e-01,-5.519290e-11
1.286000e-01,3.317983e-11
1.287000e-01,-2.667203e-11
1.288000e-01,-1.241160e-11
1.289000e-01,1.848832e-12
1.290000e-01,-5.800303e-11
1.291000e-01,-4.374260e-11
1.292000e-01,-2.948216e-11
1.293000e-01,-1.522173e-11
1.294000e-01,-9.612982e-13
1.295000e-01,1.329913e-11
1.296000e-01,-4.655273e-11
1.297000e-01,-3.229229e-11
1.298000e-01,-1.803186e-11
1.299000e-01,-3.771429e-12
1.300000e-01,1.048900e-11
1.301000e-01,-4.936286e-11
1.302000e-01,3.900987e-11
1.303000e-01,-2.084199e-11
1.304000e-01,-6.581559e-12
1.305000e-01,7.678874e-12
1.306000e-01,-5.217299e-11
1.307000e-01,3.619974e-11
1.308000e-01,-2.365212e-11
1.309000e-01,6.472061e-11
1.310000e-01,4.868743e-12
1.311000e-01,-5.498312e-11
1.312000e-01,3.338961e-11
1.313000e-01,-2.646225e-11
1.314000e-01,6.191048e-11
1.315000e-01,2.058612e-12
1.316000e-01,-5.779325e-11
1.317000e-01,3.057948e-11
1.318000e-01,-2.927238e-11
1.319000e-01,5.910034e-11
1.320000e-01,-7.515182e-13
1.321000e-01,-6.060338e-11
1.322000e-01,2.776935e-11
1.323000e-01,-3.208251e-11
1.324000e-01,5.629021e-11
1.325000e-01,-3.561649e-12
1.326000e-01,-6.341351e-11
1.327000e-01,2.495922e-11
1.328000e-01,-3.489265e-11
1.329000e-01,5.348008e-11
1.330000e-01,-6.371779e-12
1.331000e-01,-6.622364e-11
1.332000e-01,2.214909e-11
1.333000e-01,-3.770278e-11
1.334000e-01,5.066995e-11
1.335000e-01,-9.181910e-12
1.336000e-01,-6.903377e-11
1.337000e-01,1.933896e-11
1.338000e-01,-4.051291e-11
1.339000e-01,4.785982e-11
1.340000e-01,-1.199204e-11
1.341000e-01,-7.184390e-11
1.342000e-01,1.652883e-11
1.343000e-01,-4.332304e-11
1.344000e-01,4.504969e-11
1.345000e-01,-1.480217e-11
1.346000e-01,-7.465403e-11
1.347000e-01,1.371869e-11
1.348000e-01,-4.613317e-11
1.349000e-01,4.223956e-11
1.350000e-01,-1.761230e-11
1.351000e-01,-7.746416e-11
1.352000e-01,1.090856e-11
1.353000e-01,-4.894330e-11
1.354000e-01,3.942943e-11
1.355000e-01,-2.042243e-11
1.356000e-01,-8.027429e-11
1.357000e-01,8.098434e-12
1.358000e-01,-5.175343e-11
1.359000e-01,-3.749300e-11
1.360000e-01,-2.323256e-11
1.361000e-01,-8.972130e-12
1.362000e-01,5.288303e-12
1.363000e-01,-5.456356e-11
1.364000e-01,-4.030313e-11
1.365000e-01,-2.604269e-11
1.366000e-01,-1.178226e-11
1.367000e-01,2.478173e-12
1.368000e-01,1.673861e-11
1.369000e-01,-4.311326e-11
1.370000e-01,-2.885282e-11
1.371000e-01,-1.459239e-11
1.372000e-01,-3.319580e-13
1.373000e-01,1.392848e-11
1.374000e-01,-4.592339e-11
1.375000e-01,-3.166295e-11
1.376000e-01,-1.740252e-11
1.377000e-01,-3.142089e-12
1.378000e-01,1.111834e-11
1.379000e-01,-4.873352e-11
1.380000e-01,3.963921e-11
1.381000e-01,-2.021265e-11
1.382000e-01,-5.952219e-12
1.383000e-01,8.308214e-12
1.384000e-01,-5.154365e-11
1.385000e-01,3.682908e-11
1.386000e-01,-2.302278e-11
1.387000e-01,6.534995e-11
1.388000e-01,5.498083e-12
1.389000e-01,-5.435378e-11
1.390000e-01,3.401895e-11
1.391000e-01,-2.583291e-11
1.392000e-01,6.253982e-11
1.393000e-01,2.687953e-12
1.394000e-01,-5.716391e-11
1.395000e-01,3.120882e-11
1.396000e-01,-2.864304e-11
1.397000e-01,5.972968e-11
1.398000e-01,-1.221779e-13
1.399000e-01,-5.997404e-11
1.400000e-01,2.839869e-11
1.401000e-01,-3.145317e-11
1.402000e-01,5.691955e-11
1.403000e-01,-2.932308e-12
1.404000e-01,-6.278417e-11
1.405000e-01,2.558856e-11
1.406000e-01,-3.426331e-11
1.407000e-01,5.410942e-11
1.408000e-01,-5.742439e-12
1.409000e-01,-6.559430e-11
1.410000e-01,2.277843e-11
1.411000e-01,-3.707344e-11
1.412000e-01,5.129929e-11
1.413000e-01,-8.552570e-12
1.414000e-01,-6.840443e-11
1.415000e-01,1.996830e-11
1.416000e-01,-3.988357e-11
1.417000e-01,4.848916e-11
1.418000e-01,-1.136270e-11
1.419000e-01,-7.121456e-11
1.420000e-01,1.715817e-11
1.421000e-01,-4.269370e-11
1.422000e-01,-1.025456e-10
1.423000e-01,-1.417283e-11
1.424000e-01,-7.402469e-11
1.425000e-01,1.434804e-11
1.426000e-01,-4.550383e-11
1.427000e-01,-3.124339e-11
1.428000e-01,-1.698296e-11
1.429000e-01,-7.683482e-11
1.430000e-01,1.153790e-11
1.431000e-01,-4.831396e-11
1.432000e-01,-3.405353e-11
1.433000e-01,-1.979309e-11
1.434000e-01,-5.532659e-12
1.435000e-01,8.727774e-12
1.436000e-01,-5.112409e-11
1.437000e-01,-3.686366e-11
1.438000e-01,-2.260322e-11
1.439000e-01,-8.342790e-12
1.440000e-01,5.917643e-12
1.441000e-01,-5.393422e-11
1.442000e-01,-3.967379e-11
1.443000e-01,-2.541335e-11
1.444000e-01,-1.115292e-11
1.445000e-01,3.107513e-12
1.446000e-01,1.736795e-11
1.447000e-01,-4.248392e-11
1.448000e-01,-2.822348e-11
1.449000e-01,-1.396305e-11
1.450000e-01,2.973823e-13
1.451000e-01,1.455782e-11
1.452000e-01,-4.529405e-11
1.453000e-01,4.307868e-11
1.454000e-01,-1.677318e-11
1.455000e-01,-2.512748e-12
1.456000e-01,1.174768e-11
1.457000e-01,-4.810418e-11
1.458000e-01,4.026855e-11
1.459000e-01,-1.958331e-11
1.460000e-01,6.878942e-11
1.461000e-01,8.937554e-12
1.462000e-01,-5.091431e-11
1.463000e-01,3.745842e-11
1.464000e-01,-2.239344e-11
1.465000e-01,6.597929e-11
1.466000e-01,6.127424e-12
1.467000e-01,-5.372444e-11
1.468000e-01,3.464829e-11
1.469000e-01,-2.520357e-11
1.470000e-01,6.316916e-11
1.471000e-01,3.317293e-12
1.472000e-01,-5.653457e-11
1.473000e-01,3.183816e-11
1.474000e-01,-2.801370e-11
1.475000e-01,6.035903e-11
1.476000e-01,5.071623e-13
1.477000e-01,-5.934470e-11
1.478000e-01,2.902803e-11
1.479000e-01,-3.082383e-11
1.480000e-01,5.754889e-11
1.481000e-01,-2.302968e-12
1.482000e-01,-6.215483e-11
1.483000e-01,2.621790e-11
1.484000e-01,-3.363396e-11
1.485000e-01,5.473876e-11
1.486000e-01,-5.113099e-12
1.487000e-01,-6.496496e-11
1.488000e-01,2.340777e-11
1.489000e-01,-3.644410e-11
1.490000e-01,-9.629596e-11
1.491000e-01,-7.923229e-12
1.492000e-01,-6.777509e-11
1.493000e-01,2.059764e-11
1.494000e-01,-3.925423e-11
1.495000e-01,-9.910609e-11
1.496000e-01,-1.073336e-11
1.497000e-01,-7.058522e-11
1.498000e-01,1.778751e-11
1.499000e-01,-4.206436e-11
1.500000e-01,-2.780392e-11
1.501000e-01,-1.354349e-11
1.502000e-01,-7.339535e-11
1.503000e-01,1.497738e-11
1.504000e-01,-4.487449e-11
1.505000e-01,-3.061405e-11
1.506000e-01,-1.635362e-11
1.507000e-01,-7.620548e-11
1.508000e-01,1.216724e-11
1.509000e-01,-4.768462e-11
1.510000e-01,-3.342418e-11
1.511000e-01,-1.916375e-11
1.512000e-01,-4.903319e-12
1.513000e-01,9.357114e-12
1.514000e-01,-5.049475e-11
1.515000e-01,-3.623432e-11
1.516000e-01,-2.197388e-11
1.517000e-01,-7.713449e-12
1.518000e-01,6.546984e-12
1.519000e-01,2.080742e-11
1.520000e-01,-3.904445e-11
1.521000e-01,-2.478401e-11
1.522000e-01,-1.052358e-11
1.523000e-01,3.736853e-12
1.524000e-01,1.799729e-11
1.525000e-01,-4.185458e-11
1.526000e-01,4.651815e-11
1.527000e-01,-1.333371e-11
1.528000e-01,9.267225e-13
1.529000e-01,1.518716e-11
1.530000e-01,-4.466471e-11
1.531000e-01,4.370802e-11
1.532000e-01,-1.614384e-11
1.533000e-01,-1.883408e-12
1.534000e-01,1.237702e-11
1.535000e-01,-4.747484e-11
1.536000e-01,4.089789e-11
1.537000e-01,-1.895397e-11
1.538000e-01,6.941876e-11
1.539000e-01,9.566894e-12
1.540000e-01,-5.028497e-11
1.541000e-01,3.808776e-11
1.542000e-01,-2.176410e-11
1.543000e-01,6.660863e-11
1.544000e-01,6.756764e-12
1.545000e-01,-5.309510e-11
1.546000e-01,3.527763e-11
1.547000e-01,-2.457423e-11
1.548000e-01,6.379850e-11
1.549000e-01,3.946633e-12
1.550000e-01,-5.590523e-11
1.551000e-01,3.246750e-11
1.552000e-01,-2.738436e-11
1.553000e-01,-8.723623e-11
1.554000e-01,1.136503e-12
1.555000e-01,-5.871536e-11
1.556000e-01,2.965737e-11
1.557000e-01,-3.019449e-11
1.558000e-01,-9.004636e-11
1.559000e-01,-1.673628e-12
1.560000e-01,-6.152549e-11
1.561000e-01,2.684724e-11
1.562000e-01,-3.300462e-11
1.563000e-01,-9.285649e-11
1.564000e-01,-4.483759e-12
1.565000e-01,-6.433562e-11
1.566000e-01,2.403711e-11
1.567000e-01,-3.581476e-11
1.568000e-01,-9.566662e-11
1.569000e-01,-7.293889e-12
1.570000e-01,-6.714575e-11
1.571000e-01,2.122698e-11
1.572000e-01,-3.862489e-11
1.573000e-01,-9.847675e-11
1.574000e-01,-1.010402e-11
1.575000e-01,-6.995588e-11
1.576000e-01,1.841685e-11
1.577000e-01,-4.143502e-11
1.578000e-01,-2.717458e-11
1.579000e-01,-1.291415e-11
1.580000e-01,-7.276601e-11
1.581000e-01,1.560672e-11
1.582000e-01,-4.424515e-11
1.583000e-01,-2.998471e-11
1.584000e-01,-1.572428e-11
1.585000e-01,-1.463848e-12
1.586000e-01,1.279659e-11
1.587000e-01,-4.705528e-11
1.588000e-01,-3.279484e-11
1.589000e-01,-1.853441e-11
1.590000e-01,-4.273978e-12
1.591000e-01,9.986455e-12
1.592000e-01,2.424689e-11
1.593000e-01,-3.560498e-11
1.594000e-01,-2.134454e-11
1.595000e-01,-7.084109e-12
1.596000e-01,7.176324e-12
1.597000e-01,2.143676e-11
1.598000e-01,-3.841511e-11
1.599000e-01,-2.415467e-11
1.600000e-01,-9.894240e-12
1.601000e-01,4.366193e-12
1.602000e-01,1.862663e-11
1.603000e-01,-4.122524e-11
1.604000e-01,4.714749e-11
1.605000e-01,-1.270437e-11
1.606000e-01,1.556063e-12
1.607000e-01,1.581650e-11
1.608000e-01,-4.403537e-11
1.609000e-01,4.433736e-11
1.610000e-01,-1.551450e-11
1.611000e-01,7.285823e-11
1.612000e-01,1.300637e-11
1.613000e-01,-4.684550e-11
1.614000e-01,4.152723e-11
1.615000e-01,-1.832463e-11
1.616000e-01,7.004810e-11
1.617000e-01,1.019623e-11
1.618000e-01,-4.965563e-11
1.619000e-01,3.871710e-11
1.620000e-01,-2.113476e-11
1.621000e-01,-8.098662e-11
1.622000e-01,7.386104e-12
1.623000e-01,-5.246576e-11
1.624000e-01,3.590697e-11
1.625000e-01,-2.394489e-11
1.626000e-01,-8.379676e-11
1.627000e-01,4.575973e-12
1.628000e-01,-5.527589e-11
1.629000e-01,3.309684e-11
1.630000e-01,-2.675502e-11
1.631000e-01,-8.660689e-11
1.632000e-01,1.765843e-12
1.633000e-01,-5.808602e-11
1.634000e-01,3.028671e-11
1.635000e-01,-2.956515e-11
1.636000e-01,-8.941702e-11
1.637000e-01,-1.044288e-12
1.638000e-01,-6.089615e-11
1.639000e-01,2.747658e-11
1.640000e-01,-3.237528e-11
1.641000e-01,-9.222715e-11
1.642000e-01,-3.854418e-12
1.643000e-01,-6.370628e-11
1.644000e-01,2.466645e-11
1.645000e-01,-3.518541e-11
1.646000e-01,-9.503728e-11
1.647000e-01,-6.664549e-12
1.648000e-01,-6.651641e-11
1.649000e-01,2.185632e-11
1.650000e-01,-3.799555e-11
1.651000e-01,-2.373511e-11
1.652000e-01,-9.474680e-12
1.653000e-01,-6.932654e-11
1.654000e-01,1.904619e-11
1.655000e-01,-4.080568e-11
1.656000e-01,-2.654524e-11
1.657000e-01,-1.228481e-11
1.658000e-01,-7.213667e-11
1.659000e-01,1.623606e-11
1.660000e-01,-4.361581e-11
1.661000e-01,-2.935537e-11
1.662000e-01,-1.509494e-11
1.663000e-01,-8.345077e-13
1.664000e-01,1.342593e-11
1.665000e-01,-4.642594e-11
1.666000e-01,-3.216550e-11
1.667000e-01,-1.790507e-11
1.668000e-01,-3.644638e-12
1.669000e-01,1.061579e-11
1.670000e-01,-4.923607e-11
1.671000e-01,-1.090879e-10
1.672000e-01,-2.071520e-11
1.673000e-01,-8.056706e-11
1.674000e-01,7.805664e-12
1.675000e-01,-5.204620e-11
1.676000e-01,-1.118981e-10
1.677000e-01,-2.352533e-11
1.678000e-01,-8.337720e-11
1.679000e-01,4.995534e-12
1.680000e-01,-5.485633e-11
1.681000e-01,-1.147082e-10
1.682000e-01,-2.633546e-11
1.683000e-01,-8.618733e-11
1.684000e-01,2.185403e-12
1.685000e-01,-5.766646e-11
1.686000e-01,-1.175183e-10
1.687000e-01,-2.914559e-11
1.688000e-01,-8.899746e-11
1.689000e-01,-6.247276e-13
1.690000e-01,-6.047659e-11
1.691000e-01,-1.203285e-10
1.692000e-01,-3.195572e-11
1.693000e-01,-9.180759e-11
1.694000e-01,-3.434858e-12
1.695000e-01,-6.328672e-11
1.696000e-01,2.508601e-11
1.697000e-01,-3.476585e-11
1.698000e-01,-9.461772e-11
1.699000e-01,-6.244989e-12
1.700000e-01,-6.609685e-11
1.701000e-01,2.227588e-11
1.702000e-01,-3.757599e-11
1.703000e-01,5.079674e-11
1.704000e-01,-9.055119e-12
1.705000e-01,-6.890698e-11
1.706000e-01,1.946575e-11
1.707000e-01,-4.038612e-11
1.708000e-01,4.798661e-11
1.709000e-01,-1.186525e-11
1.710000e-01,7.650748e-11
1.711000e-01,1.665562e-11
1.712000e-01,-4.319625e-11
1.713000e-01,4.517648e-11
1.714000e-01,-1.467538e-11
1.715000e-01,7.369735e-11
1.716000e-01,1.384549e-11
1.717000e-01,1.022182e-10
1.718000e-01,4.236635e-11
1.719000e-01,-1.748551e-11
1.720000e-01,7.088722e-11
1.721000e-01,1.103535e-11
1.722000e-01,9.940808e-11
1.723000e-01,3.955622e-11
1.724000e-01,-2.029564e-11
1.725000e-01,6.807709e-11
1.726000e-01,8.225224e-12
1.727000e-01,9.659795e-11
1.728000e-01,3.674609e-11
1.729000e-01,-2.310577e-11
1.730000e-01,6.526696e-11
1.731000e-01,5.415094e-12
1.732000e-01,9.378782e-11
1.733000e-01,3.393596e-11
1.734000e-01,-2.591590e-11
1.735000e-01,6.245683e-11
1.736000e-01,2.604963e-12
1.737000e-01,9.097769e-11
1.738000e-01,3.112583e-11
1.739000e-01,-2.872603e-11
1.740000e-01,5.964670e-11
1.741000e-01,-2.051674e-13
1.742000e-01,8.816756e-11
1.743000e-01,2.831570e-11
1.744000e-01,-3.153616e-11
1.745000e-01,5.683656e-11
1.746000e-01,-3.015298e-12
1.747000e-01,8.535743e-11
1.748000e-01,2.550557e-11
1.749000e-01,-3.434629e-11
1.750000e-01,5.402643e-11
1.751000e-01,-5.825429e-12
1.752000e-01,-6.567729e-11
1.753000e-01,2.269544e-11
1.754000e-01,-3.715643e-11
1.755000e-01,5.121630e-11
1.756000e-01,-8.635559e-12
1.757000e-01,-6.848742e-11
1.758000e-01,1.988531e-11
1.759000e-01,-3.996656e-11
1.760000e-01,4.840617e-11
1.761000e-01,-1.144569e-11
1.762000e-01,-7.129755e-11
1.763000e-01,1.707518e-11
1.764000e-01,-4.277669e-11
1.765000e-01,4.559604e-11
1.766000e-01,-1.425582e-11
1.767000e-01,-7.410768e-11
1.768000e-01,1.426505e-11
1.769000e-01,-4.558682e-11
1.770000e-01,4.278591e-11
1.771000e-01,-1.706595e-11
1.772000e-01,-7.691781e-11
1.773000e-01,1.145492e-11
1.774000e-01,-4.839695e-11
1.775000e-01,3.997578e-11
1.776000e-01,-1.987608e-11
1.777000e-01,-7.972794e-11
1.778000e-01,8.644785e-12
1.779000e-01,-5.120708e-11
1.780000e-01,3.716565e-11
1.781000e-01,-2.268621e-11
1.782000e-01,-8.253807e-11
1.783000e-01,5.834654e-12
1.784000e-01,-5.401721e-11
1.785000e-01,3.435552e-11
1.786000e-01,-2.549634e-11
1.787000e-01,-8.534821e-11
1.788000e-01,3.024523e-12
1.789000e-01,-5.682734e-11
1.790000e-01,3.154539e-11
1.791000e-01,-2.830647e-11
1.792000e-01,-8.815834e-11
1.793000e-01,2.143928e-13
1.794000e-01,-5.963747e-11
1.795000e-01,2.873526e-11
1.796000e-01,-3.111660e-11
1.797000e-01,-9.096847e-11
1.798000e-01,-2.595738e-12
1.799000e-01,-6.244760e-11
1.800000e-01,2.592513e-11
1.801000e-01,-3.392673e-11
1.802000e-01,-9.377860e-11
1.803000e-01,-5.405868e-12
1.804000e-01,-6.525773e-11
1.805000e-01,2.311500e-11
1.806000e-01,-3.673687e-11
1.807000e-01,-9.658873e-11
1.808000e-01,-8.215999e-12
1.809000e-01,-6.806786e-11
1.810000e-01,2.030487e-11
1.811000e-01,-3.954700e-11
1.812000e-01,-9.939886e-11
1.813000e-01,-1.102613e-11
1.814000e-01,-7.087799e-11
1.815000e-01,1.749474e-11
1.816000e-01,-4.235713e-11
1.817000e-01,-1.022090e-10
1.818000e-01,-1.383626e-11
1.819000e-01,-7.368812e-11
1.820000e-01,-1.335400e-10
1.821000e-01,-4.516726e-11
1.822000e-01,-1.050191e-10
1.823000e-01,-1.664639e-11
1.824000e-01,-7.649825e-11
1.825000e-01,-1.363501e-10
1.826000e-01,-4.797739e-11
1.827000e-01,-1.078293e-10
1.828000e-01,-1.945652e-11
1.829000e-01,-7.930838e-11
1.830000e-01,-1.391602e-10
1.831000e-01,-5.078752e-11
1.832000e-01,-1.106394e-10
1.833000e-01,-2.226665e-11
1.834000e-01,-8.211851e-11
1.835000e-01,6.254214e-12
1.836000e-01,-5.359765e-11
1.837000e-01,-1.134495e-10
1.838000e-01,-2.507678e-11
1.839000e-01,-8.492865e-11
1.840000e-01,3.444084e-12
1.841000e-01,-5.640778e-11
1.842000e-01,3.196495e-11
1.843000e-01,-2.788691e-11
1.844000e-01,-8.773878e-11
1.845000e-01,6.339529e-13
1.846000e-01,-5.921791e-11
1.847000e-01,2.915482e-11
1.848000e-01,-3.069704e-11
1.849000e-01,-9.054891e-11
1.850000e-01,-2.176178e-12
1.851000e-01,-6.202804e-11
1.852000e-01,2.634469e-11
1.853000e-01,-3.350717e-11
1.854000e-01,5.486555e-11
1.855000e-01,-4.986308e-12
1.856000e-01,-6.483817e-11
1.857000e-01,2.353456e-11
1.858000e-01,-3.631730e-11
1.859000e-01,5.205542e-11
1.860000e-01,-7.796439e-12
1.861000e-01,8.057629e-11
1.862000e-01,2.072443e-11
1.863000e-01,-3.912744e-11
1.864000e-01,4.924529e-11
1.865000e-01,-1.060657e-11
1.866000e-01,7.776616e-11
1.867000e-01,1.791430e-11
1.868000e-01,1.062870e-10
1.869000e-01,4.643516e-11
1.870000e-01,-1.341670e-11
1.871000e-01,7.495603e-11
1.872000e-01,1.510417e-11
1.873000e-01,1.034769e-10
1.874000e-01,4.362503e-11
1.875000e-01,-1.622683e-11
1.876000e-01,7.214590e-11
1.877000e-01,1.229404e-11
1.878000e-01,1.006668e-10
1.879000e-01,4.081490e-11
1.880000e-01,-1.903696e-11
1.881000e-01,6.933577e-11
1.882000e-01,9.483905e-12
1.883000e-01,-5.036796e-11
1.884000e-01,3.800477e-11
1.885000e-01,-2.184709e-11
1.886000e-01,6.652564e-11
1.887000e-01,6.673774e-12
1.888000e-01,-5.317809e-11
1.889000e-01,3.519464e-11
1.890000e-01,-2.465722e-11
1.891000e-01,6.371551e-11
1.892000e-01,3.863644e-12
1.893000e-01,-5.598822e-11
1.894000e-01,3.238451e-11
1.895000e-01,-2.746735e-11
1.896000e-01,6.090538e-11
1.897000e-01,1.053513e-12
1.898000e-01,-5.879835e-11
1.899000e-01,2.957438e-11
1.900000e-01,-3.027748e-11
1.901000e-01,5.809525e-11
1.902000e-01,-1.756617e-12
1.903000e-01,-6.160848e-11
1.904000e-01,2.676425e-11
1.905000e-01,-3.308761e-11
1.906000e-01,5.528511e-11
1.907000e-01,-4.566748e-12
1.908000e-01,-6.441861e-11
1.909000e-01,2.395412e-11
1.910000e-01,-3.589774e-11
1.911000e-01,5.247498e-11
1.912000e-01,-7.376879e-12
1.913000e-01,-6.722874e-11
1.914000e-01,2.114399e-11
1.915000e-01,-3.870788e-11
1.916000e-01,4.966485e-11
1.917000e-01,-1.018701e-11
1.918000e-01,-7.003887e-11
1.919000e-01,1.833386e-11
1.920000e-01,-4.151801e-11
1.921000e-01,4.685472e-11
1.922000e-01,-1.299714e-11
1.923000e-01,-7.284900e-11
1.924000e-01,1.552373e-11
1.925000e-01,-4.432814e-11
1.926000e-01,4.404459e-11
1.927000e-01,-1.580727e-11
1.928000e-01,-7.565913e-11
1.929000e-01,1.271360e-11
1.930000e-01,-4.713827e-11
1.931000e-01,4.123446e-11
1.932000e-01,-1.861740e-11
1.933000e-01,-7.846926e-11
1.934000e-01,9.903465e-12
1.935000e-01,-4.994840e-11
1.936000e-01,3.842433e-11
1.937000e-01,-2.142753e-11
1.938000e-01,-8.127939e-11
1.939000e-01,7.093334e-12
1.940000e-01,-5.275853e-11
1.941000e-01,3.561420e-11
1.942000e-01,-2.423766e-11
1.943000e-01,-8.408952e-11
1.944000e-01,4.283204e-12
1.945000e-01,-5.556866e-11
1.946000e-01,3.280407e-11
1.947000e-01,-2.704779e-11
1.948000e-01,-8.689966e-11
1.949000e-01,1.473073e-12
1.950000e-01,-5.837879e-11
1.951000e-01,-1.182307e-10
1.952000e-01,-2.985792e-11
1.953000e-01,-8.970979e-11
1.954000e-01,-1.337057e-12
1.955000e-01,-6.118892e-11
1.956000e-01,-1.210408e-10
1.957000e-01,-3.266805e-11
1.958000e-01,-9.251992e-11
1.959000e-01,-4.147188e-12
1.960000e-01,-6.399905e-11
1.961000e-01,-1.238509e-10
1.962000e-01,-3.547818e-11
1.963000e-01,-9.533005e-11
1.964000e-01,-6.957318e-12
1.965000e-01,-6.680918e-11
1.966000e-01,-1.266610e-10
1.967000e-01,-3.828832e-11
1.968000e-01,-9.814018e-11
1.969000e-01,-9.767449e-12
1.970000e-01,-6.961931e-11
1.971000e-01,-1.294712e-10
1.972000e-01,-4.109845e-11
1.973000e-01,-1.009503e-10
1.974000e-01,-1.257758e-11
1.975000e-01,-7.242944e-11
1.976000e-01,-1.322813e-10
1.977000e-01,-4.390858e-11
1.978000e-01,-1.037604e-10
1.979000e-01,-1.538771e-11
1.980000e-01,-7.523957e-11
1.981000e-01,-1.350914e-10
1.982000e-01,-4.671871e-11
1.983000e-01,-1.065706e-10
1.984000e-01,-1.819784e-11
1.985000e-01,-7.804970e-11
1.986000e-01,1.032303e-11
1.987000e-01,-4.952884e-11
1.988000e-01,-1.093807e-10
1.989000e-01,-2.100797e-11
1.990000e-01,-8.085983e-11
1.991000e-01,7.512895e-12
1.992000e-01,-5.233897e-11
1.993000e-01,3.603376e-11
1.994000e-01,-2.381810e-11
1.995000e-01,-8.366996e-11
1.996000e-01,4.702764e-12
1.997000e-01,-5.514910e-11
1.998000e-01,3.322363e-11
1.999000e-01,-2.662823e-11
2.000000e-01,-8.648010e-11
2.001000e-01,1.892633e-12
2.002000e-01,-5.795923e-11
2.003000e-01,3.041350e-11
2.004000e-01,-2.943836e-11
2.005000e-01,5.893437e-11
2.006000e-01,-9.174972e-13
2.007000e-01,-6.076936e-11
2.008000e-01,2.760337e-11
2.009000e-01,-3.224849e-11
2.010000e-01,5.612423e-11
2.011000e-01,-3.727628e-12
2.012000e-01,8.464510e-11
2.013000e-01,2.479324e-11
2.014000e-01,-3.505862e-11
2.015000e-01,5.331410e-11
2.016000e-01,-6.537758e-12
2.017000e-01,8.183497e-11
2.018000e-01,2.198311e-11
2.019000e-01,-3.786875e-11
2.020000e-01,5.050397e-11
2.021000e-01,-9.347889e-12
2.022000e-01,7.902484e-11
2.023000e-01,1.917298e-11
2.024000e-01,-4.067889e-11
2.025000e-01,4.769384e-11
2.026000e-01,-1.215802e-11
2.027000e-01,7.621471e-11
2.028000e-01,1.636285e-11
2.029000e-01,-4.348902e-11
2.030000e-01,4.488371e-11
2.031000e-01,-1.496815e-11
2.032000e-01,7.340458e-11
2.033000e-01,1.355272e-11
2.034000e-01,-4.629915e-11
2.035000e-01,4.207358e-11
2.036000e-01,-1.777828e-11
2.037000e-01,7.059445e-11
2.038000e-01,1.074259e-11
2.039000e-01,-4.910928e-11
2.040000e-01,3.926345e-11
2.041000e-01,-2.058841e-11
2.042000e-01,6.778432e-11
2.043000e-01,7.932455e-12
2.044000e-01,-5.191941e-11
2.045000e-01,3.645332e-11
2.046000e-01,-2.339854e-11
2.047000e-01,6.497419e-11
2.048000e-01,5.122324e-12
2.049000e-01,-5.472954e-11
2.050000e-01,3.364319e-11
2.051000e-01,-2.620867e-11
2.052000e-01,6.216406e-11
2.053000e-01,2.312194e-12
2.054000e-01,-5.753967e-11
2.055000e-01,3.083306e-11
2.056000e-01,-2.901880e-11
2.057000e-01,5.935393e-11
2.058000e-01,-4.979370e-13
2.059000e-01,-6.034980e-11
2.060000e-01,2.802293e-11
2.061000e-01,-3.182893e-11
2.062000e-01,5.654380e-11
2.063000e-01,-3.308068e-12
2.064000e-01,-6.315993e-11
2.065000e-01,2.521280e-11
2.066000e-01,-3.463906e-11
2.067000e-01,5.373366e-11
2.068000e-01,-6.118198e-12
2.069000e-01,-6.597006e-11
2.070000e-01,2.240267e-11
2.071000e-01,-3.744919e-11
2.072000e-01,5.092353e-11
2.073000e-01,-8.928329e-12
2.074000e-01,-6.878019e-11
2.075000e-01,1.959254e-11
2.076000e-01,-4.025933e-11
2.077000e-01,4.811340e-11
2.078000e-01,-1.173846e-11
2.079000e-01,-7.159032e-11
2.080000e-01,1.678241e-11
2.081000e-01,-4.306946e-11
2.082000e-01,-1.029213e-10
2.083000e-01,-1.454859e-11
2.084000e-01,-7.440045e-11
2.085000e-01,1.397228e-11
2.086000e-01,-4.587959e-11
2.087000e-01,-1.057314e-10
2.088000e-01,-1.735872e-11
2.089000e-01,-7.721058e-11
2.090000e-01,1.116215e-11
2.091000e-01,-4.868972e-11
2.092000e-01,-1.085416e-10
2.093000e-01,-2.016885e-11
2.094000e-01,-8.002071e-11
2.095000e-01,8.352015e-12
2.096000e-01,-5.149985e-11
2.097000e-01,-1.113517e-10
2.098000e-01,-2.297898e-11
2.099000e-01,-8.283084e-11
2.100000e-01,5.541884e-12
2.101000e-01,-5.430998e-11
2.102000e-01,-1.141618e-10
2.103000e-01,-2.578911e-11
2.104000e-01,-8.564097e-11
2.105000e-01,2.731754e-12
2.106000e-01,-5.712011e-11
2.107000e-01,-1.169720e-10
2.108000e-01,-2.859924e-11
2.109000e-01,-8.845111e-11
2.110000e-01,-7.837682e-14
2.111000e-01,-5.993024e-11
2.112000e-01,-1.197821e-10
2.113000e-01,-3.140937e-11
2.114000e-01,-9.126124e-11
2.115000e-01,-2.888507e-12
2.116000e-01,-6.274037e-11
2.117000e-01,-1.225922e-10
2.118000e-01,-3.421950e-11
2.119000e-01,-9.407137e-11
2.120000e-01,-5.698638e-12
2.121000e-01,-6.555050e-11
2.122000e-01,-1.254024e-10
2.123000e-01,-3.702963e-11
2.124000e-01,-9.688150e-11
2.125000e-01,-8.508769e-12
2.126000e-01,-6.836063e-11
2.127000e-01,-1.282125e-10
2.128000e-01,-3.983977e-11
2.129000e-01,-9.969163e-11
2.130000e-01,-1.131890e-11
2.131000e-01,-7.117076e-11
2.132000e-01,-1.310226e-10
2.133000e-01,-4.264990e-11
2.134000e-01,-1.025018e-10
2.135000e-01,-1.412903e-11
2.136000e-01,-7.398089e-11
2.137000e-01,1.439184e-11
2.138000e-01,-4.546003e-11
2.139000e-01,-1.053119e-10
2.140000e-01,-1.693916e-11
2.141000e-01,-7.679102e-11
2.142000e-01,1.158171e-11
2.143000e-01,-4.827016e-11
2.144000e-01,4.010257e-11
2.145000e-01,-1.974929e-11
2.146000e-01,-7.960115e-11
2.147000e-01,8.771575e-12
2.148000e-01,-5.108029e-11
2.149000e-01,3.729244e-11
2.150000e-01,-2.255942e-11
2.151000e-01,6.581331e-11
2.152000e-01,5.961445e-12
2.153000e-01,-5.389042e-11
2.154000e-01,3.448231e-11
2.155000e-01,-2.536955e-11
2.156000e-01,6.300318e-11
2.157000e-01,3.151314e-12
2.158000e-01,-5.670055e-11
2.159000e-01,3.167218e-11
2.160000e-01,-2.817968e-11
2.161000e-01,6.019305e-11
2.162000e-01,3.411833e-13
2.163000e-01,8.871391e-11
2.164000e-01,2.886205e-11
2.165000e-01,-3.098981e-11
2.166000e-01,5.738292e-11
2.167000e-01,-2.468947e-12
2.168000e-01,8.590378e-11
2.169000e-01,2.605192e-11
2.170000e-01,-3.379994e-11
2.171000e-01,5.457278e-11
2.172000e-01,-5.279078e-12
2.173000e-01,8.309365e-11
2.174000e-01,2.324179e-11
2.175000e-01,-3.661007e-11
2.176000e-01,5.176265e-11
2.177000e-01,-8.089208e-12
2.178000e-01,8.028352e-11
2.179000e-01,2.043166e-11
2.180000e-01,-3.942021e-11
2.181000e-01,4.895252e-11
2.182000e-01,-1.089934e-11
2.183000e-01,7.747339e-11
2.184000e-01,1.762153e-11
2.185000e-01,-4.223034e-11
2.186000e-01,4.614239e-11
2.187000e-01,-1.370947e-11
2.188000e-01,7.466326e-11
2.189000e-01,1.481140e-11
2.190000e-01,-4.504047e-11
2.191000e-01,4.333226e-11
2.192000e-01,-1.651960e-11
2.193000e-01,7.185313e-11
2.194000e-01,1.200127e-11
2.195000e-01,-4.785060e-11
2.196000e-01,4.052213e-11
2.197000e-01,-1.932973e-11
2.198000e-01,6.904300e-11
2.199000e-01,9.191135e-12
2.200000e-01,-5.066073e-11
2.201000e-01,3.771200e-11
2.202000e-01,-2.213986e-11
2.203000e-01,6.623287e-11
2.204000e-01,6.381005e-12
2.205000e-01,-5.347086e-11
2.206000e-01,3.490187e-11
2.207000e-01,-2.494999e-11
2.208000e-01,6.342274e-11
2.209000e-01,3.570874e-12
2.210000e-01,-5.628099e-11
2.211000e-01,3.209174e-11
2.212000e-01,-2.776012e-11
2.213000e-01,6.061261e-11
2.214000e-01,7.607435e-13
2.215000e-01,-5.909112e-11
2.216000e-01,2.928161e-11
2.217000e-01,-3.057025e-11
2.218000e-01,-9.042212e-11
2.219000e-01,-2.049387e-12
2.220000e-01,-6.190125e-11
2.221000e-01,2.647148e-11
2.222000e-01,-3.338038e-11
2.223000e-01,-9.323225e-11
2.224000e-01,-4.859518e-12
2.225000e-01,-6.471138e-11
2.226000e-01,2.366135e-11
2.227000e-01,-3.619051e-11
2.228000e-01,-9.604238e-11
2.229000e-01,-7.669648e-12
2.230000e-01,-6.752151e-11
2.231000e-01,2.085122e-11
2.232000e-01,-3.900064e-11
2.233000e-01,-9.885251e-11
2.234000e-01,-1.047978e-11
2.235000e-01,-7.033164e-11
2.236000e-01,1.804109e-11
2.237000e-01,-4.181078e-11
2.238000e-01,-1.016626e-10
2.239000e-01,-1.328991e-11
2.240000e-01,-7.314177e-11
2.241000e-01,1.523096e-11
2.242000e-01,-4.462091e-11
2.243000e-01,-1.044728e-10
2.244000e-01,-1.610004e-11
2.245000e-01,-7.595190e-11
2.246000e-01,1.242083e-11
2.247000e-01,-4.743104e-11
2.248000e-01,-1.072829e-10
2.249000e-01,-1.891017e-11
2.250000e-01,-7.876203e-11
2.251000e-01,9.610695e-12
2.252000e-01,-5.024117e-11
2.253000e-01,-1.100930e-10
2.254000e-01,-2.172030e-11
2.255000e-01,-8.157216e-11
2.256000e-01,6.800565e-12
2.257000e-01,-5.305130e-11
2.258000e-01,-1.129032e-10
2.259000e-01,-2.453043e-11
2.260000e-01,-8.438229e-11
2.261000e-01,3.990434e-12
2.262000e-01,-5.586143e-11
2.263000e-01,-1.157133e-10
2.264000e-01,-2.734056e-11
2.265000e-01,-8.719243e-11
2.266000e-01,1.180304e-12
2.267000e-01,-5.867156e-11
2.268000e-01,-1.185234e-10
2.269000e-01,-3.015069e-11
2.270000e-01,-9.000256e-11
2.271000e-01,-1.629827e-12
2.272000e-01,-6.148169e-11
2.273000e-01,-1.213336e-10
2.274000e-01,-3.296082e-11
2.275000e-01,-9.281269e-11
2.276000e-01,-4.439957e-12
2.277000e-01,-6.429182e-11
2.278000e-01,-1.241437e-10
2.279000e-01,-3.577095e-11
2.280000e-01,-9.562282e-11
2.281000e-01,-7.250088e-12
2.282000e-01,-6.710195e-11
2.283000e-01,-1.269538e-10
2.284000e-01,-3.858108e-11
2.285000e-01,-9.843295e-11
2.286000e-01,-1.006022e-11
2.287000e-01,-6.991208e-11
2.288000e-01,1.846065e-11
2.289000e-01,-4.139122e-11
2.290000e-01,-1.012431e-10
2.291000e-01,-1.287035e-11
2.292000e-01,-7.272221e-11
2.293000e-01,1.565052e-11
2.294000e-01,-4.420135e-11
2.295000e-01,4.417138e-11
2.296000e-01,-1.568048e-11
2.297000e-01,-7.553234e-11
2.298000e-01,1.284039e-11
2.299000e-01,-4.701148e-11
2.300000e-01,4.136125e-11
2.301000e-01,-1.849061e-11
2.302000e-01,6.988212e-11
2.303000e-01,1.003026e-11
2.304000e-01,-4.982161e-11
2.305000e-01,3.855112e-11
2.306000e-01,-2.130074e-11
2.307000e-01,6.707199e-11
2.308000e-01,7.220125e-12
2.309000e-01,9.559285e-11
2.310000e-01,3.574099e-11
2.311000e-01,-2.411087e-11
2.312000e-01,6.426186e-11
2.313000e-01,4.409994e-12
2.314000e-01,9.278272e-11
2.315000e-01,3.293086e-11
2.316000e-01,-2.692100e-11
2.317000e-01,6.145173e-11
2.318000e-01,1.599864e-12
2.319000e-01,8.997259e-11
2.320000e-01,3.012073e-11
2.321000e-01,-2.973113e-11
2.322000e-01,5.864160e-11
2.323000e-01,-1.210267e-12
2.324000e-01,8.716246e-11
2.325000e-01,2.731060e-11
2.326000e-01,-3.254126e-11
2.327000e-01,5.583147e-11
2.328000e-01,-4.020397e-12
2.329000e-01,8.435233e-11
2.330000e-01,2.450047e-11
2.331000e-01,-3.535139e-11
2.332000e-01,5.302133e-11
2.333000e-01,-6.830528e-12
2.334000e-01,8.154220e-11
2.335000e-01,2.169034e-11
2.336000e-01,-3.816152e-11
2.337000e-01,5.021120e-11
2.338000e-01,-9.640658e-12
2.339000e-01,7.873207e-11
2.340000e-01,1.888021e-11
2.341000e-01,-4.097166e-11
2.342000e-01,4.740107e-11
2.343000e-01,-1.245079e-11
2.344000e-01,7.592194e-11
2.345000e-01,1.607008e-11
2.346000e-01,-4.378179e-11
2.347000e-01,4.459094e-11
2.348000e-01,-1.526092e-11
2.349000e-01,-7.511278e-11
2.350000e-01,1.325995e-11
2.351000e-01,-4.659192e-11
2.352000e-01,4.178081e-11
2.353000e-01,-1.807105e-11
2.354000e-01,-7.792291e-11
2.355000e-01,1.044982e-11
2.356000e-01,-4.940205e-11
2.357000e-01,3.897068e-11
2.358000e-01,-2.088118e-11
2.359000e-01,-8.073304e-11
2.360000e-01,7.639685e-12
2.361000e-01,-5.221218e-11
2.362000e-01,3.616055e-11
2.363000e-01,-2.369131e-11
2.364000e-01,-8.354317e-11
2.365000e-01,4.829555e-12
2.366000e-01,-5.502231e-11
2.367000e-01,3.335042e-11
2.368000e-01,-2.650144e-11
2.369000e-01,-8.635330e-11
2.370000e-01,2.019424e-12
2.371000e-01,-5.783244e-11
2.372000e-01,3.054029e-11
2.373000e-01,-2.931157e-11
2.374000e-01,-8.916344e-11
2.375000e-01,-7.907066e-13
2.376000e-01,-6.064257e-11
2.377000e-01,2.773016e-11
2.378000e-01,-3.212170e-11
2.379000e-01,-9.197357e-11
2.380000e-01,-3.600837e-12
2.381000e-01,-6.345270e-11
2.382000e-01,2.492003e-11
2.383000e-01,-3.493183e-11
2.384000e-01,-9.478370e-11
2.385000e-01,-6.410968e-12
2.386000e-01,-6.626283e-11
2.387000e-01,2.210990e-11
2.388000e-01,-3.774196e-11
2.389000e-01,-9.759383e-11
2.390000e-01,-9.221098e-12
2.391000e-01,-6.907296e-11
2.392000e-01,1.929977e-11
2.393000e-01,-4.055209e-11
2.394000e-01,-1.004040e-10
2.395000e-01,-1.203123e-11
2.396000e-01,-7.188309e-11
2.397000e-01,1.648964e-11
2.398000e-01,-4.336223e-11
2.399000e-01,-1.032141e-10
2.400000e-01,-1.484136e-11
2.401000e-01,-7.469322e-11
2.402000e-01,1.367951e-11
2.403000e-01,-4.617236e-11
2.404000e-01,-1.060242e-10
2.405000e-01,-1.765149e-11
2.406000e-01,-7.750335e-11
2.407000e-01,1.086938e-11
2.408000e-01,-4.898249e-11
2.409000e-01,-1.088343e-10
2.410000e-01,-2.046162e-11
2.411000e-01,-8.031348e-11
2.412000e-01,-1.401653e-10
2.413000e-01,-5.179262e-11
2.414000e-01,-1.116445e-10
2.415000e-01,-2.327175e-11
2.416000e-01,-8.312361e-11
2.417000e-01,-1.429755e-10
2.418000e-01,-5.460275e-11
2.419000e-01,-1.144546e-10
2.420000e-01,-2.608188e-11
2.421000e-01,-8.593374e-11
2.422000e-01,-1.457856e-10
2.423000e-01,-5.741288e-11
2.424000e-01,-1.172647e-10
2.425000e-01,-2.889201e-11
2.426000e-01,-8.874388e-11
2.427000e-01,-3.711464e-13
2.428000e-01,-6.022301e-11
2.429000e-01,-1.200749e-10
2.430000e-01,-3.170214e-11
2.431000e-01,-9.155401e-11
2.432000e-01,-3.181277e-12
2.433000e-01,-6.303314e-11
2.434000e-01,2.533959e-11
2.435000e-01,-3.451227e-11
2.436000e-01,-9.436414e-11
2.437000e-01,-5.991408e-12
2.438000e-01,-6.584327e-11
2.439000e-01,2.252946e-11
2.440000e-01,-3.732240e-11
2.441000e-01,-9.717427e-11
2.442000e-01,-8.801538e-12
2.443000e-01,-6.865340e-11
2.444000e-01,1.971933e-11
2.445000e-01,-4.013253e-11
2.446000e-01,4.824019e-11
2.447000e-01,-1.161167e-11
2.448000e-01,-7.146353e-11
2.449000e-01,1.690920e-11
2.450000e-01,-4.294267e-11
2.451000e-01,4.543006e-11
2.452000e-01,-1.442180e-11
2.453000e-01,7.395093e-11
2.454000e-01,1.409907e-11
2.455000e-01,-4.575280e-11
2.456000e-01,4.261993e-11
2.457000e-01,-1.723193e-11
2.458000e-01,7.114080e-11
2.459000e-01,1.128894e-11
2.460000e-01,9.966166e-11
2.461000e-01,3.980980e-11
2.462000e-01,-2.004206e-11
2.463000e-01,6.833067e-11
2.464000e-01,8.478806e-12
2.465000e-01,9.685153e-11
2.466000e-01,3.699967e-11
2.467000e-01,-2.285219e-11
2.468000e-01,6.552054e-11
2.469000e-01,5.668675e-12
2.470000e-01,9.404140e-11
2.471000e-01,3.418954e-11
2.472000e-01,-2.566232e-11
2.473000e-01,6.271041e-11
2.474000e-01,2.858544e-12
2.475000e-01,9.123127e-11
2.476000e-01,3.137941e-11
2.477000e-01,-2.847245e-11
2.478000e-01,5.990028e-11
2.479000e-01,4.841377e-14
2.480000e-01,-5.980345e-11
2.481000e-01,2.856928e-11
2.482000e-01,-3.128258e-11
2.483000e-01,5.709015e-11
2.484000e-01,-2.761717e-12
2.485000e-01,-6.261358e-11
2.486000e-01,2.575915e-11
2.487000e-01,-3.409271e-11
2.488000e-01,5.428002e-11
2.489000e-01,-5.571847e-12
2.490000e-01,-6.542371e-11
2.491000e-01,2.294902e-11
2.492000e-01,-3.690284e-11
2.493000e-01,5.146988e-11
2.494000e-01,-8.381978e-12
2.495000e-01,-6.823384e-11
2.496000e-01,2.013889e-11
2.497000e-01,-3.971297e-11
2.498000e-01,4.865975e-11
2.499000e-01,-1.119211e-11
2.500000e-01,-7.104397e-11
2.501000e-01,-1.308958e-10
2.502000e-01,1.057015e-10
2.503000e-01,4.584962e-11
2.504000e-01,-1.400224e-11
2.505000e-01,-7.385410e-11
2.506000e-01,-1.337060e-10
2.507000e-01,1.028914e-10
2.508000e-01,4.303949e-11
2.509000e-01,-1.681237e-11
2.510000e-01,-7.666423e-11
2.511000e-01,-1.365161e-10
2.512000e-01,1.000812e-10
2.513000e-01,4.022936e-11
2.514000e-01,-1.962250e-11
2.515000e-01,-7.947436e-11
2.516000e-01,-1.393262e-10
2.517000e-01,9.727109e-11
2.518000e-01,3.741923e-11
2.519000e-01,-2.243263e-11
2.520000e-01,-8.228449e-11
2.521000e-01,-1.421364e-10
2.522000e-01,9.446096e-11
2.523000e-01,3.460910e-11
2.524000e-01,-2.524276e-11
2.525000e-01,-8.509462e-11
2.526000e-01,-1.449465e-10
2.527000e-01,9.165083e-11
2.528000e-01,3.179897e-11
2.529000e-01,-2.805289e-11
2.530000e-01,-8.790475e-11
2.531000e-01,-1.477566e-10
2.532000e-01,8.884070e-11
2.533000e-01,2.898884e-11
2.534000e-01,-3.086302e-11
2.535000e-01,-9.071489e-11
2.536000e-01,-1.505667e-10
2.537000e-01,8.603057e-11
2.538000e-01,2.617871e-11
2.539000e-01,-3.367315e-11
2.540000e-01,-9.352502e-11
2.541000e-01,-1.533769e-10
2.542000e-01,8.322044e-11
2.543000e-01,2.336858e-11
2.544000e-01,-3.648328e-11
2.545000e-01,-9.633515e-11
2.546000e-01,-1.561870e-10
2.547000e-01,8.041031e-11
2.548000e-01,2.055845e-11
2.549000e-01,-3.929341e-11
2.550000e-01,-9.914528e-11
2.551000e-01,-1.589971e-10
2.552000e-01,7.760018e-11
2.553000e-01,1.774832e-11
2.554000e-01,-4.210355e-11
2.555000e-01,-1.019554e-10
2.556000e-01,-1.618073e-10
2.557000e-01,7.479005e-11
2.558000e-01,1.493819e-11
2.559000e-01,-4.491368e-11
2.560000e-01,-1.047655e-10
2.561000e-01,-1.646174e-10
2.562000e-01,7.197992e-11
2.563000e-01,1.212806e-11
2.564000e-01,-4.772381e-11
2.565000e-01,-1.075757e-10
2.566000e-01,-1.674275e-10
2.567000e-01,6.916979e-11
2.568000e-01,9.317926e-12
2.569000e-01,-5.053394e-11
2.570000e-01,-1.103858e-10
2.571000e-01,-2.201307e-11
2.572000e-01,6.635966e-11
2.573000e-01,6.507795e-12
2.574000e-01,-5.334407e-11
2.575000e-01,-1.131959e-10
2.576000e-01,-2.482320e-11
2.577000e-01,-8.467506e-11
2.578000e-01,3.697665e-12
2.579000e-01,-5.615420e-11
2.580000e-01,-1.160061e-10
2.581000e-01,-2.763333e-11
2.582000e-01,-8.748519e-11
2.583000e-01,8.875341e-13
2.584000e-01,-5.896433e-11
2.585000e-01,2.940840e-11
2.586000e-01,-3.044346e-11
2.587000e-01,-9.029533e-11
2.588000e-01,-1.922596e-12
2.589000e-01,-6.177446e-11
2.590000e-01,2.659827e-11
2.591000e-01,-3.325359e-11
2.592000e-01,-9.310546e-11
2.593000e-01,-4.732727e-12
2.594000e-01,-6.458459e-11
2.595000e-01,2.378814e-11
2.596000e-01,-3.606372e-11
2.597000e-01,-9.591559e-11
2.598000e-01,-7.542858e-12
2.599000e-01,-6.739472e-11
2.600000e-01,2.097801e-11
2.601000e-01,-3.887385e-11
2.602000e-01,-9.872572e-11
2.603000e-01,-1.035299e-11
2.604000e-01,7.801974e-11
2.605000e-01,1.816788e-11
2.606000e-01,-4.168398e-11
2.607000e-01,-1.015358e-10
2.608000e-01,-1.316312e-11
2.609000e-01,7.520961e-11
2.610000e-01,1.535775e-11
2.611000e-01,-4.449412e-11
2.612000e-01,-1.043460e-10
2.613000e-01,-1.597325e-11
2.614000e-01,7.239948e-11
2.615000e-01,1.254762e-11
2.616000e-01,-4.730425e-11
2.617000e-01,-1.071561e-10
2.618000e-01,1.294412e-10
2.619000e-01,6.958935e-11
2.620000e-01,9.737486e-12
2.621000e-01,-5.011438e-11
2.622000e-01,-1.099662e-10
2.623000e-01,1.266311e-10
2.624000e-01,6.677922e-11
2.625000e-01,6.927355e-12
2.626000e-01,-5.292451e-11
2.627000e-01,-1.127764e-10
2.628000e-01,1.238210e-10
2.629000e-01,6.396909e-11
2.630000e-01,4.117225e-12
2.631000e-01,-5.573464e-11
2.632000e-01,-1.155865e-10
2.633000e-01,1.210108e-10
2.634000e-01,6.115896e-11
2.635000e-01,1.307094e-12
2.636000e-01,-5.854477e-11
2.637000e-01,-1.183966e-10
2.638000e-01,1.182007e-10
2.639000e-01,5.834883e-11
2.640000e-01,-1.503036e-12
2.641000e-01,-6.135490e-11
2.642000e-01,-1.212068e-10
2.643000e-01,1.153906e-10
2.644000e-01,5.553870e-11
2.645000e-01,-4.313167e-12
2.646000e-01,-6.416503e-11
2.647000e-01,-1.240169e-10
2.648000e-01,1.125804e-10
2.649000e-01,5.272857e-11
2.650000e-01,-7.123297e-12
2.651000e-01,-6.697516e-11
2.652000e-01,-1.268270e-10
2.653000e-01,1.097703e-10
2.654000e-01,4.991843e-11
2.655000e-01,-9.933428e-12
2.656000e-01,-6.978529e-11
2.657000e-01,-1.296372e-10
2.658000e-01,1.069602e-10
2.659000e-01,4.710830e-11
2.660000e-01,-1.274356e-11
2.661000e-01,-7.259542e-11
2.662000e-01,-1.324473e-10
2.663000e-01,1.041500e-10
2.664000e-01,4.429817e-11
2.665000e-01,-1.555369e-11
2.666000e-01,-7.540555e-11
2.667000e-01,-1.352574e-10
2.668000e-01,1.013399e-10
2.669000e-01,4.148804e-11
2.670000e-01,-1.836382e-11
2.671000e-01,-7.821568e-11
2.672000e-01,-1.380675e-10
2.673000e-01,9.852977e-11
2.674000e-01,3.867791e-11
2.675000e-01,-2.117395e-11
2.676000e-01,-8.102581e-11
2.677000e-01,-1.408777e-10
2.678000e-01,9.571964e-11
2.679000e-01,3.586778e-11
2.680000e-01,-2.398408e-11
2.681000e-01,-8.383594e-11
2.682000e-01,-1.436878e-10
2.683000e-01,9.290951e-11
2.684000e-01,3.305765e-11
2.685000e-01,-2.679421e-11
2.686000e-01,-8.664607e-11
2.687000e-01,-1.464979e-10
2.688000e-01,9.009938e-11
2.689000e-01,3.024752e-11
2.690000e-01,-2.960434e-11
2.691000e-01,-8.945620e-11
2.692000e-01,-1.493081e-10
2.693000e-01,8.728925e-11
2.694000e-01,2.743739e-11
2.695000e-01,-3.241447e-11
2.696000e-01,-9.226634e-11
2.697000e-01,-1.521182e-10
2.698000e-01,8.447912e-11
2.699000e-01,2.462726e-11
2.700000e-01,-3.522460e-11
2.701000e-01,-9.507647e-11
2.702000e-01,-1.549283e-10
2.703000e-01,8.166899e-11
2.704000e-01,2.181713e-11
2.705000e-01,-3.803473e-11
2.706000e-01,-9.788660e-11
2.707000e-01,-1.577385e-10
2.708000e-01,7.885886e-11
2.709000e-01,1.900700e-11
2.710000e-01,-4.084486e-11
2.711000e-01,-1.006967e-10
2.712000e-01,-1.605486e-10
2.713000e-01,-7.217586e-11
2.714000e-01,1.619687e-11
2.715000e-01,-4.365500e-11
2.716000e-01,-1.035069e-10
2.717000e-01,-1.513413e-11
2.718000e-01,-7.498599e-11
2.719000e-01,1.338674e-11
2.720000e-01,-4.646513e-11
2.721000e-01,-1.063170e-10
2.722000e-01,-1.794426e-11
2.723000e-01,-7.779612e-11
2.724000e-01,1.057661e-11
2.725000e-01,-4.927526e-11
2.726000e-01,-1.091271e-10
2.727000e-01,-2.075439e-11
2.728000e-01,-8.060625e-11
2.729000e-01,7.766476e-12
2.730000e-01,-5.208539e-11
2.731000e-01,-1.119372e-10
2.732000e-01,-2.356452e-11
2.733000e-01,-8.341638e-11
2.734000e-01,4.956345e-12
2.735000e-01,-5.489552e-11
2.736000e-01,3.347721e-11
2.737000e-01,-2.637465e-11
2.738000e-01,-8.622651e-11
2.739000e-01,2.146215e-12
2.740000e-01,-5.770565e-11
2.741000e-01,3.066708e-11
2.742000e-01,-2.918478e-11
2.743000e-01,-8.903664e-11
2.744000e-01,-6.639160e-13
2.745000e-01,-6.051578e-11
2.746000e-01,2.785695e-11
2.747000e-01,-3.199491e-11
2.748000e-01,-9.184678e-11
2.749000e-01,-3.474047e-12
2.750000e-01,-6.332591e-11
2.751000e-01,2.504682e-11
2.752000e-01,-3.480504e-11
2.753000e-01,-9.465691e-11
2.754000e-01,-6.284177e-12
2.755000e-01,8.208855e-11
2.756000e-01,2.223669e-11
2.757000e-01,-3.761517e-11
2.758000e-01,-9.746704e-11
2.759000e-01,-9.094308e-12
2.760000e-01,7.927842e-11
2.761000e-01,1.942656e-11
2.762000e-01,-4.042530e-11
2.763000e-01,-1.002772e-10
2.764000e-01,-1.190444e-11
2.765000e-01,7.646829e-11
2.766000e-01,1.661643e-11
2.767000e-01,-4.323543e-11
2.768000e-01,-1.030873e-10
2.769000e-01,1.335100e-10
2.770000e-01,7.365816e-11
2.771000e-01,1.380630e-11
2.772000e-01,-4.604557e-11
2.773000e-01,-1.058974e-10
2.774000e-01,1.306999e-10
2.775000e-01,7.084803e-11
2.776000e-01,1.099617e-11
2.777000e-01,-4.885570e-11
2.778000e-01,-1.087076e-10
2.779000e-01,1.278898e-10
2.780000e-01,6.803790e-11
2.781000e-01,8.186036e-12
2.782000e-01,-5.166583e-11
2.783000e-01,-1.115177e-10
2.784000e-01,1.250796e-10
2.785000e-01,6.522777e-11
2.786000e-01,5.375905e-12
2.787000e-01,-5.447596e-11
2.788000e-01,-1.143278e-10
2.789000e-01,1.222695e-10
2.790000e-01,6.241764e-11
2.791000e-01,2.565775e-12
2.792000e-01,-5.728609e-11
2.793000e-01,-1.171380e-10
2.794000e-01,1.194594e-10
2.795000e-01,5.960751e-11
2.796000e-01,-2.443558e-13
2.797000e-01,-6.009622e-11
2.798000e-01,-1.199481e-10
2.799000e-01,1.166492e-10
2.800000e-01,5.679738e-11
2.801000e-01,-3.054486e-12
2.802000e-01,-6.290635e-11
2.803000e-01,-1.227582e-10
2.804000e-01,1.138391e-10
2.805000e-01,5.398725e-11
2.806000e-01,-5.864617e-12
2.807000e-01,-6.571648e-11
2.808000e-01,-1.255683e-10
2.809000e-01,1.110290e-10
2.810000e-01,5.117712e-11
2.811000e-01,-8.674748e-12
2.812000e-01,-6.852661e-11
2.813000e-01,-1.283785e-10
2.814000e-01,1.082188e-10
2.815000e-01,4.836698e-11
2.816000e-01,-1.148488e-11
2.817000e-01,-7.133674e-11
2.818000e-01,-1.311886e-10
2.819000e-01,1.054087e-10
2.820000e-01,4.555685e-11
2.821000e-01,-1.429501e-11
2.822000e-01,-7.414687e-11
2.823000e-01,-1.339987e-10
2.824000e-01,1.025986e-10
2.825000e-01,4.274672e-11
2.826000e-01,-1.710514e-11
2.827000e-01,-7.695700e-11
2.828000e-01,-1.368089e-10
2.829000e-01,9.978846e-11
2.830000e-01,3.993659e-11
2.831000e-01,-1.991527e-11
2.832000e-01,-7.976713e-11
2.833000e-01,-1.396190e-10
2.834000e-01,9.697832e-11
2.835000e-01,3.712646e-11
2.836000e-01,-2.272540e-11
2.837000e-01,-8.257726e-11
2.838000e-01,-1.424291e-10
2.839000e-01,9.416819e-11
2.840000e-01,3.431633e-11
2.841000e-01,-2.553553e-11
2.842000e-01,-8.538739e-11
2.843000e-01,-1.452393e-10
2.844000e-01,-2.050911e-10
2.845000e-01,3.150620e-11
2.846000e-01,-2.834566e-11
2.847000e-01,-8.819752e-11
2.848000e-01,-1.480494e-10
2.849000e-01,-2.079012e-10
2.850000e-01,2.869607e-11
2.851000e-01,-3.115579e-11
2.852000e-01,-9.100765e-11
2.853000e-01,-1.508595e-10
2.854000e-01,-6.248679e-11
2.855000e-01,2.588594e-11
2.856000e-01,-3.396592e-11
2.857000e-01,-9.381779e-11
2.858000e-01,-1.536696e-10
2.859000e-01,-6.529692e-11
2.860000e-01,2.307581e-11
2.861000e-01,-3.677605e-11
2.862000e-01,-9.662792e-11
2.863000e-01,-1.564798e-10
2.864000e-01,-6.810705e-11
2.865000e-01,2.026568e-11
2.866000e-01,-3.958618e-11
2.867000e-01,-9.943805e-11
2.868000e-01,-1.106532e-11
2.869000e-01,-7.091718e-11
2.870000e-01,1.745555e-11
2.871000e-01,-4.239631e-11
2.872000e-01,-1.022482e-10
2.873000e-01,-1.387545e-11
2.874000e-01,-7.372731e-11
2.875000e-01,1.464542e-11
2.876000e-01,-4.520645e-11
2.877000e-01,-1.050583e-10
2.878000e-01,-1.668558e-11
2.879000e-01,-7.653744e-11
2.880000e-01,1.183529e-11
2.881000e-01,-4.801658e-11
2.882000e-01,-1.078684e-10
2.883000e-01,-1.949571e-11
2.884000e-01,-7.934757e-11
2.885000e-01,9.025156e-12
2.886000e-01,-5.082671e-11
2.887000e-01,3.754602e-11
2.888000e-01,-2.230584e-11
2.889000e-01,-8.215770e-11
2.890000e-01,6.215026e-12
2.891000e-01,-5.363684e-11
2.892000e-01,3.473589e-11
2.893000e-01,-2.511597e-11
2.894000e-01,-8.496783e-11
2.895000e-01,3.404895e-12
2.896000e-01,-5.644697e-11
2.897000e-01,3.192576e-11
2.898000e-01,-2.792610e-11
2.899000e-01,-8.777796e-11
2.900000e-01,5.947645e-13
2.901000e-01,8.896749e-11
2.902000e-01,2.911563e-11
2.903000e-01,-3.073623e-11
2.904000e-01,-9.058809e-11
2.905000e-01,-2.215366e-12
2.906000e-01,8.615736e-11
2.907000e-01,2.630550e-11
2.908000e-01,-3.354636e-11
2.909000e-01,-9.339823e-11
2.910000e-01,-5.025497e-12
2.911000e-01,8.334723e-11
2.912000e-01,2.349537e-11
2.913000e-01,-3.635649e-11
2.914000e-01,-9.620836e-11
2.915000e-01,-7.835627e-12
2.916000e-01,8.053710e-11
2.917000e-01,2.068524e-11
2.918000e-01,-3.916662e-11
2.919000e-01,-9.901849e-11
2.920000e-01,1.375788e-10
2.921000e-01,7.772697e-11
2.922000e-01,1.787511e-11
2.923000e-01,-4.197675e-11
2.924000e-01,-1.018286e-10
2.925000e-01,1.347687e-10
2.926000e-01,7.491684e-11
2.927000e-01,1.506498e-11
2.928000e-01,-4.478689e-11
2.929000e-01,-1.046387e-10
2.930000e-01,1.319586e-10
2.931000e-01,7.210671e-11
2.932000e-01,1.225485e-11
2.933000e-01,-4.759702e-11
2.934000e-01,-1.074489e-10
2.935000e-01,1.291484e-10
2.936000e-01,6.929658e-11
2.937000e-01,9.444716e-12
2.938000e-01,-5.040715e-11
2.939000e-01,-1.102590e-10
2.940000e-01,1.263383e-10
2.941000e-01,6.648645e-11
2.942000e-01,6.634586e-12
2.943000e-01,-5.321728e-11
2.944000e-01,-1.130691e-10
2.945000e-01,1.235282e-10
2.946000e-01,6.367632e-11
2.947000e-01,3.824455e-12
2.948000e-01,-5.602741e-11
2.949000e-01,-1.158793e-10
2.950000e-01,1.207181e-10
2.951000e-01,6.086619e-11
2.952000e-01,1.014325e-12
2.953000e-01,-5.883754e-11
2.954000e-01,-1.186894e-10
2.955000e-01,1.179079e-10
2.956000e-01,5.805606e-11
2.957000e-01,-1.795806e-12
2.958000e-01,-6.164767e-11
2.959000e-01,-1.214995e-10
2.960000e-01,1.150978e-10
2.961000e-01,5.524593e-11
2.962000e-01,-4.605936e-12
2.963000e-01,-6.445780e-11
2.964000e-01,-1.243097e-10
2.965000e-01,1.122877e-10
2.966000e-01,5.243580e-11
2.967000e-01,-7.416067e-12
2.968000e-01,-6.726793e-11
2.969000e-01,-1.271198e-10
2.970000e-01,1.094775e-10
2.971000e-01,4.962567e-11
2.972000e-01,-1.022620e-11
2.973000e-01,-7.007806e-11
2.974000e-01,-1.299299e-10
2.975000e-01,-1.897818e-10
2.976000e-01,4.681553e-11
2.977000e-01,-1.303633e-11
2.978000e-01,-7.288819e-11
2.979000e-01,-1.327401e-10
2.980000e-01,-1.925919e-10
2.981000e-01,4.400540e-11
2.982000e-01,-1.584646e-11
2.983000e-01,-7.569832e-11
2.984000e-01,-1.355502e-10
2.985000e-01,-1.954020e-10
2.986000e-01,4.119527e-11
2.987000e-01,-1.865659e-11
2.988000e-01,-7.850845e-11
2.989000e-01,-1.383603e-10
2.990000e-01,-1.982122e-10
2.991000e-01,3.838514e-11
2.992000e-01,-2.146672e-11
2.993000e-01,-8.131858e-11
2.994000e-01,-1.411704e-10
2.995000e-01,-2.010223e-10
2.996000e-01,3.557501e-11
2.997000e-01,-2.427685e-11
2.998000e-01,-8.412871e-11
2.999000e-01,-1.439806e-10
3.000000e-01,-5.560785e-11
3.001000e-01,3.276488e-11
3.002000e-01,-2.708698e-11
3.003000e-01,-8.693884e-11
3.004000e-01,-1.467907e-10
3.005000e-01,-5.841798e-11
3.006000e-01,2.995475e-11
3.007000e-01,-2.989711e-11
3.008000e-01,-8.974897e-11
3.009000e-01,-1.496008e-10
3.010000e-01,-6.122811e-11
3.011000e-01,2.714462e-11
3.012000e-01,-3.270724e-11
3.013000e-01,-9.255911e-11
3.014000e-01,-1.524110e-10
3.015000e-01,-6.403824e-11
3.016000e-01,2.433449e-11
3.017000e-01,-3.551737e-11
3.018000e-01,-9.536924e-11
3.019000e-01,-6.996507e-12
3.020000e-01,-6.684837e-11
3.021000e-01,2.152436e-11
3.022000e-01,-3.832750e-11
3.023000e-01,-9.817937e-11
3.024000e-01,-9.806637e-12
3.025000e-01,-6.965850e-11
3.026000e-01,1.871423e-11
3.027000e-01,-4.113763e-11
3.028000e-01,-1.009895e-10
3.029000e-01,-1.261677e-11
3.030000e-01,-7.246863e-11
3.031000e-01,1.590410e-11
3.032000e-01,-4.394776e-11
3.033000e-01,-1.037996e-10
3.034000e-01,-1.542690e-11
3.035000e-01,-7.527876e-11
3.036000e-01,1.309397e-11
3.037000e-01,-4.675790e-11
3.038000e-01,4.161483e-11
3.039000e-01,-1.823703e-11
3.040000e-01,-7.808889e-11
3.041000e-01,1.028384e-11
3.042000e-01,-4.956803e-11
3.043000e-01,3.880470e-11
3.044000e-01,-2.104716e-11
3.045000e-01,-8.089902e-11
3.046000e-01,7.473706e-12
3.047000e-01,-5.237816e-11
3.048000e-01,3.599457e-11
3.049000e-01,-2.385729e-11
3.050000e-01,-8.370915e-11
3.051000e-01,4.663576e-12
3.052000e-01,9.303630e-11
3.053000e-01,3.318444e-11
3.054000e-01,-2.666742e-11
3.055000e-01,-8.651928e-11
3.056000e-01,1.853445e-12
3.057000e-01,9.022617e-11
3.058000e-01,3.037431e-11
3.059000e-01,-2.947755e-11
3.060000e-01,-8.932941e-11
3.061000e-01,-9.566856e-13
3.062000e-01,8.741604e-11
3.063000e-01,2.756418e-11
3.064000e-01,-3.228768e-11
3.065000e-01,-9.213954e-11
3.066000e-01,-3.766816e-12
3.067000e-01,8.460591e-11
3.068000e-01,2.475405e-11
3.069000e-01,-3.509781e-11
3.070000e-01,-9.494968e-11
3.071000e-01,1.416476e-10
3.072000e-01,8.179578e-11
3.073000e-01,2.194392e-11
3.074000e-01,-3.790794e-11
3.075000e-01,-9.775981e-11
3.076000e-01,1.388375e-10
3.077000e-01,7.898565e-11
3.078000e-01,1.913379e-11
3.079000e-01,-4.071807e-11
3.080000e-01,-1.005699e-10
3.081000e-01,1.360274e-10
3.082000e-01,7.617552e-11
3.083000e-01,1.632366e-11
3.084000e-01,-4.352820e-11
3.085000e-01,-1.033801e-10
3.086000e-01,1.332173e-10
3.087000e-01,7.336539e-11
3.088000e-01,1.351353e-11
3.089000e-01,-4.633834e-11
3.090000e-01,-1.061902e-10
3.091000e-01,1.304071e-10
3.092000e-01,7.055526e-11
3.093000e-01,1.070340e-11
3.094000e-01,-4.914847e-11
3.095000e-01,-1.090003e-10
3.096000e-01,1.275970e-10
3.097000e-01,6.774513e-11
3.098000e-01,7.893266e-12
3.099000e-01,-5.195860e-11
3.100000e-01,-1.118105e-10
3.101000e-01,1.247869e-10
3.102000e-01,6.493500e-11
3.103000e-01,5.083136e-12
3.104000e-01,-5.476873e-11
3.105000e-01,-1.146206e-10
3.106000e-01,-1.744725e-10
3.107000e-01,6.212487e-11
3.108000e-01,2.273005e-12
3.109000e-01,-5.757886e-11
3.110000e-01,-1.174307e-10
3.111000e-01,-1.772826e-10
3.112000e-01,5.931474e-11
3.113000e-01,-5.371254e-13
3.114000e-01,-6.038899e-11
3.115000e-01,-1.202409e-10
3.116000e-01,-1.800927e-10
3.117000e-01,5.650461e-11
3.118000e-01,-3.347256e-12
3.119000e-01,-6.319912e-11
3.120000e-01,-1.230510e-10
3.121000e-01,-1.829028e-10
3.122000e-01,5.369448e-11
3.123000e-01,-6.157387e-12
3.124000e-01,-6.600925e-11
3.125000e-01,-1.258611e-10
3.126000e-01,-1.857130e-10
3.127000e-01,5.088435e-11
3.128000e-01,-8.967517e-12
3.129000e-01,-6.881938e-11
3.130000e-01,-1.286712e-10
3.131000e-01,-1.885231e-10
3.132000e-01,4.807421e-11
3.133000e-01,-1.177765e-11
3.134000e-01,-7.162951e-11
3.135000e-01,-1.314814e-10
3.136000e-01,-1.913332e-10
3.137000e-01,4.526408e-11
3.138000e-01,-1.458778e-11
3.139000e-01,-7.443964e-11
3.140000e-01,-1.342915e-10
3.141000e-01,-1.941434e-10
3.142000e-01,4.245395e-11
3.143000e-01,-1.739791e-11
3.144000e-01,-7.724977e-11
3.145000e-01,-1.371016e-10
3.146000e-01,-1.969535e-10
3.147000e-01,3.964382e-11
3.148000e-01,-2.020804e-11
3.149000e-01,-8.005990e-11
3.150000e-01,-1.399118e-10
3.151000e-01,-5.153904e-11
3.152000e-01,3.683369e-11
3.153000e-01,-2.301817e-11
3.154000e-01,-8.287003e-11
3.155000e-01,-1.427219e-10
3.156000e-01,-5.434917e-11
3.157000e-01,3.402356e-11
3.158000e-01,-2.582830e-11
3.159000e-01,-8.568016e-11
3.160000e-01,-1.455320e-10
3.161000e-01,-5.715930e-11
3.162000e-01,3.121343e-11
3.163000e-01,-2.863843e-11
3.164000e-01,-8.849029e-11
3.165000e-01,-1.483422e-10
3.166000e-01,-5.996943e-11
3.167000e-01,2.840330e-11
3.168000e-01,-3.144856e-11
3.169000e-01,-9.130042e-11
3.170000e-01,-2.927696e-12
3.171000e-01,-6.277956e-11
3.172000e-01,2.559317e-11
3.173000e-01,-3.425869e-11
3.174000e-01,-9.411056e-11
3.175000e-01,-5.737826e-12
3.176000e-01,-6.558969e-11
3.177000e-01,2.278304e-11
3.178000e-01,-3.706882e-11
3.179000e-01,-9.692069e-11
3.180000e-01,-8.547957e-12
3.181000e-01,-6.839982e-11
3.182000e-01,1.997291e-11
3.183000e-01,-3.987895e-11
3.184000e-01,4.849378e-11
3.185000e-01,-1.135809e-11
3.186000e-01,-7.120995e-11
3.187000e-01,1.716278e-11
3.188000e-01,-4.268908e-11
3.189000e-01,4.568364e-11
3.190000e-01,-1.416822e-11
3.191000e-01,-7.402008e-11
3.192000e-01,1.435265e-11
3.193000e-01,-4.549921e-11
3.194000e-01,4.287351e-11
3.195000e-01,-1.697835e-11
3.196000e-01,-7.683021e-11
3.197000e-01,1.154252e-11
3.198000e-01,-4.830935e-11
3.199000e-01,4.006338e-11
3.200000e-01,-1.978848e-11
3.201000e-01,-7.964034e-11
3.202000e-01,8.732387e-12
3.203000e-01,9.710512e-11
3.204000e-01,3.725325e-11
3.205000e-01,-2.259861e-11
3.206000e-01,-8.245047e-11
3.207000e-01,5.922256e-12
3.208000e-01,9.429498e-11
3.209000e-01,3.444312e-11
3.210000e-01,-2.540874e-11
3.211000e-01,-8.526060e-11
3.212000e-01,3.112126e-12
3.213000e-01,9.148485e-11
3.214000e-01,3.163299e-11
3.215000e-01,-2.821887e-11
3.216000e-01,-8.807073e-11
3.217000e-01,1.485266e-10
3.218000e-01,8.867472e-11
3.219000e-01,2.882286e-11
3.220000e-01,-3.102900e-11
3.221000e-01,-9.088086e-11
3.222000e-01,1.457165e-10
3.223000e-01,8.586459e-11
3.224000e-01,2.601273e-11
3.225000e-01,-3.383913e-11
3.226000e-01,-9.369099e-11
3.227000e-01,1.429063e-10
3.228000e-01,8.305446e-11
3.229000e-01,2.320260e-11
3.230000e-01,-3.664926e-11
3.231000e-01,-9.650113e-11
3.232000e-01,1.400962e-10
3.233000e-01,8.024433e-11
3.234000e-01,2.039247e-11
3.235000e-01,-3.945939e-11
3.236000e-01,-9.931126e-11
3.237000e-01,1.372861e-10
3.238000e-01,7.743420e-11
3.239000e-01,1.758234e-11
3.240000e-01,-4.226952e-11
3.241000e-01,-1.021214e-10
3.242000e-01,-1.619732e-10
3.243000e-01,7.462407e-11
3.244000e-01,1.477221e-11
3.245000e-01,-4.507965e-11
3.246000e-01,-1.049315e-10
3.247000e-01,-1.647834e-10
3.248000e-01,7.181394e-11
3.249000e-01,1.196208e-11
3.250000e-01,-4.788979e-11
3.251000e-01,-1.077416e-10
3.252000e-01,-1.675935e-10
3.253000e-01,6.900381e-11
3.254000e-01,9.151947e-12
3.255000e-01,-5.069992e-11
3.256000e-01,-1.105518e-10
3.257000e-01,-1.704036e-10
3.258000e-01,6.619368e-11
3.259000e-01,6.341816e-12
3.260000e-01,-5.351005e-11
3.261000e-01,-1.133619e-10
3.262000e-01,-1.732138e-10
3.263000e-01,6.338355e-11
3.264000e-01,3.531686e-12
3.265000e-01,-5.632018e-11
3.266000e-01,-1.161720e-10
3.267000e-01,-1.760239e-10
3.268000e-01,6.057342e-11
3.269000e-01,7.215551e-13
3.270000e-01,-5.913031e-11
3.271000e-01,-1.189822e-10
3.272000e-01,-1.788340e-10
3.273000e-01,5.776329e-11
3.274000e-01,-2.088575e-12
3.275000e-01,-6.194044e-11
3.276000e-01,-1.217923e-10
3.277000e-01,-1.816442e-10
3.278000e-01,5.495316e-11
3.279000e-01,-4.898706e-12
3.280000e-01,-6.475057e-11
3.281000e-01,-1.246024e-10
3.282000e-01,-1.844543e-10
3.283000e-01,5.214303e-11
3.284000e-01,-7.708837e-12
3.285000e-01,-6.756070e-11
3.286000e-01,-1.274126e-10
3.287000e-01,-1.872644e-10
3.288000e-01,4.933290e-11
3.289000e-01,-1.051897e-11
3.290000e-01,-7.037083e-11
3.291000e-01,-1.302227e-10
3.292000e-01,-1.900746e-10
3.293000e-01,4.652276e-11
3.294000e-01,-1.332910e-11
3.295000e-01,-7.318096e-11
3.296000e-01,-1.330328e-10
3.297000e-01,-1.928847e-10
3.298000e-01,4.371263e-11
3.299000e-01,-1.613923e-11
3.300000e-01,-7.599109e-11
3.301000e-01,-1.358430e-10
3.302000e-01,-4.747023e-11
3.303000e-01,4.090250e-11
3.304000e-01,-1.894936e-11
3.305000e-01,-7.880122e-11
3.306000e-01,-1.386531e-10
3.307000e-01,-5.028036e-11
3.308000e-01,3.809237e-11
3.309000e-01,-2.175949e-11
3.310000e-01,-8.161135e-11
3.311000e-01,-1.414632e-10
3.312000e-01,-5.309049e-11
3.313000e-01,3.528224e-11
3.314000e-01,-2.456962e-11
3.315000e-01,-8.442148e-11
3.316000e-01,-1.442733e-10
3.317000e-01,-5.590062e-11
3.318000e-01,3.247211e-11
3.319000e-01,-2.737975e-11
3.320000e-01,-8.723161e-11
3.321000e-01,1.141115e-12
3.322000e-01,-5.871075e-11
3.323000e-01,2.966198e-11
3.324000e-01,-3.018988e-11
3.325000e-01,-9.004174e-11
3.326000e-01,-1.669015e-12
3.327000e-01,-6.152088e-11
3.328000e-01,2.685185e-11
3.329000e-01,-3.300001e-11
3.330000e-01,-9.285187e-11
3.331000e-01,-4.479146e-12
3.332000e-01,-6.433101e-11
3.333000e-01,2.404172e-11
3.334000e-01,-3.581014e-11
3.335000e-01,5.256259e-11
3.336000e-01,-7.289276e-12
3.337000e-01,-6.714114e-11
3.338000e-01,2.123159e-11
3.339000e-01,-3.862027e-11
3.340000e-01,-9.847214e-11
3.341000e-01,-1.583240e-10
3.342000e-01,-2.181759e-10
3.343000e-01,1.842146e-11
3.344000e-01,-4.143040e-11
3.345000e-01,-1.012823e-10
3.346000e-01,-1.611341e-10
3.347000e-01,-2.209860e-10
3.348000e-01,1.561133e-11
3.349000e-01,-4.424053e-11
3.350000e-01,-1.040924e-10
3.351000e-01,-1.639443e-10
3.352000e-01,-2.237961e-10
3.353000e-01,1.280120e-11
3.354000e-01,-4.705066e-11
3.355000e-01,-1.069025e-10
3.356000e-01,-1.667544e-10
3.357000e-01,-2.266063e-10
3.358000e-01,9.991067e-12
3.359000e-01,-4.986080e-11
3.360000e-01,-1.097127e-10
3.361000e-01,-1.695645e-10
3.362000e-01,-2.294164e-10
3.363000e-01,7.180937e-12
3.364000e-01,-5.267093e-11
3.365000e-01,-1.125228e-10
3.366000e-01,-1.723747e-10
3.367000e-01,-2.322265e-10
3.368000e-01,4.370806e-12
3.369000e-01,-5.548106e-11
3.370000e-01,-1.153329e-10
3.371000e-01,-1.751848e-10
3.372000e-01,-2.350366e-10
3.373000e-01,1.560675e-12
3.374000e-01,-5.829119e-11
3.375000e-01,-1.181430e-10
3.376000e-01,-1.779949e-10
3.377000e-01,-2.378468e-10
3.378000e-01,-1.249455e-12
3.379000e-01,-6.110132e-11
3.380000e-01,-1.209532e-10
3.381000e-01,-1.808050e-10
3.382000e-01,-2.406569e-10
3.383000e-01,-4.059586e-12
3.384000e-01,-6.391145e-11
3.385000e-01,-1.237633e-10
3.386000e-01,-1.836152e-10
3.387000e-01,5.298215e-11
3.388000e-01,-6.869716e-12
3.389000e-01,-6.672158e-11
3.390000e-01,-1.265734e-10
3.391000e-01,-1.864253e-10
3.392000e-01,5.017202e-11
3.393000e-01,-9.679847e-12
3.394000e-01,-6.953171e-11
3.395000e-01,-1.293836e-10
3.396000e-01,-1.892354e-10
3.397000e-01,4.736189e-11
3.398000e-01,-1.248998e-11
3.399000e-01,-7.234184e-11
3.400000e-01,-1.321937e-10
3.401000e-01,1.044036e-10
3.402000e-01,4.455175e-11
3.403000e-01,-1.530011e-11
3.404000e-01,-7.515197e-11
3.405000e-01,-1.350038e-10
3.406000e-01,1.015935e-10
3.407000e-01,4.174162e-11
3.408000e-01,-1.811024e-11
3.409000e-01,-7.796210e-11
3.410000e-01,-1.378140e-10
3.411000e-01,9.878336e-11
3.412000e-01,3.893149e-11
3.413000e-01,-2.092037e-11
3.414000e-01,-8.077223e-11
3.415000e-01,-1.406241e-10
3.416000e-01,9.597323e-11
3.417000e-01,3.612136e-11
3.418000e-01,-2.373050e-11
3.419000e-01,-8.358236e-11
3.420000e-01,1.530150e-10
3.421000e-01,9.316309e-11
3.422000e-01,3.331123e-11
3.423000e-01,-2.654063e-11
3.424000e-01,-8.639249e-11
3.425000e-01,1.502048e-10
3.426000e-01,9.035296e-11
3.427000e-01,3.050110e-11
3.428000e-01,-2.935076e-11
3.429000e-01,-8.920262e-11
3.430000e-01,1.473947e-10
3.431000e-01,8.754283e-11
3.432000e-01,2.769097e-11
3.433000e-01,-3.216089e-11
3.434000e-01,2.044364e-10
3.435000e-01,1.445846e-10
3.436000e-01,8.473270e-11
3.437000e-01,2.488084e-11
3.438000e-01,-3.497102e-11
3.439000e-01,2.016263e-10
3.440000e-01,1.417744e-10
3.441000e-01,8.192257e-11
3.442000e-01,2.207071e-11
3.443000e-01,-3.778115e-11
3.444000e-01,1.988162e-10
3.445000e-01,1.389643e-10
3.446000e-01,7.911244e-11
3.447000e-01,1.926058e-11
3.448000e-01,-4.059128e-11
3.449000e-01,1.960060e-10
3.450000e-01,1.361542e-10
3.451000e-01,7.630231e-11
3.452000e-01,1.645045e-11
3.453000e-01,-4.340141e-11
3.454000e-01,1.931959e-10
3.455000e-01,1.333440e-10
3.456000e-01,7.349218e-11
3.457000e-01,1.364032e-11
3.458000e-01,-4.621154e-11
3.459000e-01,1.903858e-10
3.460000e-01,1.305339e-10
3.461000e-01,7.068205e-11
3.462000e-01,1.083019e-11
3.463000e-01,-4.902168e-11
3.464000e-01,1.875756e-10
3.465000e-01,1.277238e-10
3.466000e-01,6.787192e-11
3.467000e-01,8.020057e-12
3.468000e-01,-5.183181e-11
3.469000e-01,1.847655e-10
3.470000e-01,1.249137e-10
3.471000e-01,6.506179e-11
3.472000e-01,5.209926e-12
3.473000e-01,-5.464194e-11
3.474000e-01,1.819554e-10
3.475000e-01,1.221035e-10
3.476000e-01,6.225166e-11
3.477000e-01,2.399796e-12
3.478000e-01,-5.745207e-11
3.479000e-01,1.791453e-10
3.480000e-01,1.192934e-10
3.481000e-01,5.944153e-11
3.482000e-01,-4.103348e-13
3.483000e-01,-6.026220e-11
3.484000e-01,1.763351e-10
3.485000e-01,1.164833e-10
3.486000e-01,5.663140e-11
3.487000e-01,-3.220465e-12
3.488000e-01,-6.307233e-11
3.489000e-01,1.735250e-10
3.490000e-01,1.136731e-10
3.491000e-01,5.382127e-11
3.492000e-01,-6.030596e-12
3.493000e-01,-6.588246e-11
3.494000e-01,1.707149e-10
3.495000e-01,1.108630e-10
3.496000e-01,5.101114e-11
3.497000e-01,-8.840727e-12
3.498000e-01,-6.869259e-11
3.499000e-01,1.679047e-10
3.500000e-01,1.080529e-10
3.501000e-01,4.820101e-11
3.502000e-01,-1.165086e-11
3.503000e-01,-7.150272e-11
3.504000e-01,-1.313546e-10
3.505000e-01,1.052427e-10
3.506000e-01,4.539087e-11
3.507000e-01,-1.446099e-11
3.508000e-01,-7.431285e-11
3.509000e-01,-1.341647e-10
3.510000e-01,1.024326e-10
3.511000e-01,4.258074e-11
3.512000e-01,-1.727112e-11
3.513000e-01,-7.712298e-11
3.514000e-01,-1.369748e-10
3.515000e-01,9.962248e-11
3.516000e-01,3.977061e-11
3.517000e-01,-2.008125e-11
3.518000e-01,-7.993311e-11
3.519000e-01,-1.397850e-10
3.520000e-01,9.681235e-11
3.521000e-01,3.696048e-11
3.522000e-01,-2.289138e-11
3.523000e-01,-8.274324e-11
3.524000e-01,-1.425951e-10
3.525000e-01,9.400222e-11
3.526000e-01,3.415035e-11
3.527000e-01,-2.570151e-11
3.528000e-01,-8.555337e-11
3.529000e-01,-1.454052e-10
3.530000e-01,9.119208e-11
3.531000e-01,3.134022e-11
3.532000e-01,-2.851164e-11
3.533000e-01,-8.836350e-11
3.534000e-01,-1.482154e-10
3.535000e-01,8.838195e-11
3.536000e-01,2.853009e-11
3.537000e-01,-3.132177e-11
3.538000e-01,-9.117363e-11
3.539000e-01,-1.510255e-10
3.540000e-01,8.557182e-11
3.541000e-01,2.571996e-11
3.542000e-01,-3.413190e-11
3.543000e-01,-9.398376e-11
3.544000e-01,-1.538356e-10
3.545000e-01,8.276169e-11
3.546000e-01,2.290983e-11
3.547000e-01,-3.694203e-11
3.548000e-01,-9.679390e-11
3.549000e-01,-1.566458e-10
3.550000e-01,7.995156e-11
3.551000e-01,2.009970e-11
3.552000e-01,-3.975216e-11
3.553000e-01,-9.960403e-11
3.554000e-01,-1.594559e-10
3.555000e-01,7.714143e-11
3.556000e-01,1.728957e-11
3.557000e-01,-4.256229e-11
3.558000e-01,-1.024142e-10
3.559000e-01,-1.622660e-10
3.560000e-01,7.433130e-11
3.561000e-01,1.447944e-11
3.562000e-01,-4.537242e-11
3.563000e-01,-1.052243e-10
3.564000e-01,-1.650761e-10
3.565000e-01,7.152117e-11
3.566000e-01,1.166931e-11
3.567000e-01,-4.818255e-11
3.568000e-01,-1.080344e-10
3.569000e-01,-1.678863e-10
3.570000e-01,6.871104e-11
3.571000e-01,8.859177e-12
3.572000e-01,-5.099269e-11
3.573000e-01,-1.108445e-10
3.574000e-01,-1.706964e-10
3.575000e-01,6.590091e-11
3.576000e-01,6.049047e-12
3.577000e-01,-5.380282e-11
3.578000e-01,-1.136547e-10
3.579000e-01,-1.735065e-10
3.580000e-01,6.309078e-11
3.581000e-01,3.238916e-12
3.582000e-01,-5.661295e-11
3.583000e-01,-1.164648e-10
3.584000e-01,-1.763167e-10
3.585000e-01,6.028065e-11
3.586000e-01,4.287855e-13
3.587000e-01,-5.942308e-11
3.588000e-01,-1.192749e-10
3.589000e-01,-1.791268e-10
3.590000e-01,5.747052e-11
3.591000e-01,-2.381345e-12
3.592000e-01,-6.223321e-11
3.593000e-01,-1.220851e-10
3.594000e-01,-1.819369e-10
3.595000e-01,5.466039e-11
3.596000e-01,-5.191476e-12
3.597000e-01,-6.504334e-11
3.598000e-01,-1.248952e-10
3.599000e-01,-1.847471e-10
3.600000e-01,5.185026e-11
3.601000e-01,-8.001606e-12
3.602000e-01,-6.785347e-11
3.603000e-01,-1.277053e-10
3.604000e-01,-1.875572e-10
3.605000e-01,4.904013e-11
3.606000e-01,-1.081174e-11
3.607000e-01,-7.066360e-11
3.608000e-01,-1.305155e-10
3.609000e-01,-1.903673e-10
3.610000e-01,4.623000e-11
3.611000e-01,-1.362187e-11
3.612000e-01,-7.347373e-11
3.613000e-01,-1.333256e-10
3.614000e-01,-1.931775e-10
3.615000e-01,4.341986e-11
3.616000e-01,-1.643200e-11
3.617000e-01,-7.628386e-11
3.618000e-01,-1.361357e-10
3.619000e-01,-1.959876e-10
3.620000e-01,4.060973e-11
3.621000e-01,-1.924213e-11
3.622000e-01,-7.909399e-11
3.623000e-01,-1.389459e-10
3.624000e-01,-1.987977e-10
3.625000e-01,3.779960e-11
3.626000e-01,-2.205226e-11
3.627000e-01,-8.190412e-11
3.628000e-01,-1.417560e-10
3.629000e-01,-2.016078e-10
3.630000e-01,3.498947e-11
3.631000e-01,-2.486239e-11
3.632000e-01,-8.471425e-11
3.633000e-01,-1.445661e-10
3.634000e-01,-2.044180e-10
3.635000e-01,-2.642698e-10
3.636000e-01,-2.767252e-11
3.637000e-01,-8.752438e-11
3.638000e-01,-1.473762e-10
3.639000e-01,-2.072281e-10
3.640000e-01,-2.670800e-10
3.641000e-01,-3.048265e-11
3.642000e-01,-9.033451e-11
3.643000e-01,-1.501864e-10
3.644000e-01,-2.100382e-10
3.645000e-01,-2.698901e-10
3.646000e-01,-3.329278e-11
3.647000e-01,-9.314464e-11
3.648000e-01,-1.529965e-10
3.649000e-01,-2.128484e-10
3.650000e-01,-2.727002e-10
3.651000e-01,-3.610291e-11
3.652000e-01,-9.595477e-11
3.653000e-01,-1.558066e-10
3.654000e-01,-2.156585e-10
3.655000e-01,-2.755104e-10
3.656000e-01,-3.891304e-11
3.657000e-01,-9.876491e-11
3.658000e-01,-1.586168e-10
3.659000e-01,-2.184686e-10
3.660000e-01,-2.783205e-10
3.661000e-01,-4.172317e-11
3.662000e-01,-1.015750e-10
3.663000e-01,-1.614269e-10
3.664000e-01,-2.212788e-10
3.665000e-01,-2.811306e-10
3.666000e-01,-4.453330e-11
3.667000e-01,-1.043852e-10
3.668000e-01,-1.642370e-10
3.669000e-01,-2.240889e-10
3.670000e-01,1.250843e-11
3.671000e-01,-4.734343e-11
3.672000e-01,-1.071953e-10
3.673000e-01,-1.670472e-10
3.674000e-01,-2.268990e-10
3.675000e-01,9.698298e-12
3.676000e-01,-5.015357e-11
3.677000e-01,-1.100054e-10
3.678000e-01,-1.698573e-10
3.679000e-01,-2.297092e-10
3.680000e-01,6.888167e-12
3.681000e-01,-5.296370e-11
3.682000e-01,-1.128156e-10
3.683000e-01,-1.726674e-10
3.684000e-01,6.392990e-11
3.685000e-01,4.078036e-12
3.686000e-01,-5.577383e-11
3.687000e-01,-1.156257e-10
3.688000e-01,-1.754776e-10
3.689000e-01,6.111977e-11
3.690000e-01,1.267906e-12
3.691000e-01,-5.858396e-11
3.692000e-01,-1.184358e-10
3.693000e-01,-1.782877e-10
3.694000e-01,5.830964e-11
3.695000e-01,-1.542225e-12
3.696000e-01,-6.139409e-11
3.697000e-01,-1.212460e-10
3.698000e-01,-1.810978e-10
3.699000e-01,5.549951e-11
3.700000e-01,-4.352355e-12
3.701000e-01,-6.420422e-11
3.702000e-01,-1.240561e-10
3.703000e-01,1.125412e-10
3.704000e-01,5.268938e-11
3.705000e-01,-7.162486e-12
3.706000e-01,-6.701435e-11
3.707000e-01,-1.268662e-10
3.708000e-01,1.097311e-10
3.709000e-01,4.987925e-11
3.710000e-01,-9.972616e-12
3.711000e-01,-6.982448e-11
3.712000e-01,-1.296763e-10
3.713000e-01,1.069210e-10
3.714000e-01,4.706912e-11
3.715000e-01,-1.278275e-11
3.716000e-01,-7.263461e-11
3.717000e-01,1.639627e-10
3.718000e-01,1.041108e-10
3.719000e-01,4.425899e-11
3.720000e-01,-1.559288e-11
3.721000e-01,-7.544474e-11
3.722000e-01,1.611526e-10
3.723000e-01,1.013007e-10
3.724000e-01,4.144885e-11
3.725000e-01,-1.840301e-11
3.726000e-01,-7.825487e-11
3.727000e-01,1.583424e-10
3.728000e-01,9.849059e-11
3.729000e-01,3.863872e-11
3.730000e-01,-2.121314e-11
3.731000e-01,-8.106500e-11
3.732000e-01,1.555323e-10
3.733000e-01,9.568046e-11
3.734000e-01,3.582859e-11
3.735000e-01,-2.402327e-11
3.736000e-01,2.125741e-10
3.737000e-01,1.527222e-10
3.738000e-01,9.287033e-11
3.739000e-01,3.301846e-11
3.740000e-01,-2.683340e-11
3.741000e-01,2.097639e-10
3.742000e-01,1.499121e-10
3.743000e-01,9.006019e-11
3.744000e-01,3.020833e-11
3.745000e-01,-2.964353e-11
3.746000e-01,2.069538e-10
3.747000e-01,1.471019e-10
3.748000e-01,8.725006e-11
3.749000e-01,2.739820e-11
3.750000e-01,-3.245366e-11
3.751000e-01,2.041437e-10
3.752000e-01,1.442918e-10
3.753000e-01,8.443993e-11
3.754000e-01,2.458807e-11
3.755000e-01,-3.526379e-11
3.756000e-01,2.013335e-10
3.757000e-01,1.414817e-10
3.758000e-01,8.162980e-11
3.759000e-01,2.177794e-11
3.760000e-01,-3.807392e-11
3.761000e-01,1.985234e-10
3.762000e-01,1.386715e-10
3.763000e-01,7.881967e-11
3.764000e-01,1.896781e-11
3.765000e-01,-4.088405e-11
3.766000e-01,-1.007359e-10
3.767000e-01,1.358614e-10
3.768000e-01,7.600954e-11
3.769000e-01,1.615768e-11
3.770000e-01,-4.369418e-11
3.771000e-01,-1.035460e-10
3.772000e-01,1.330513e-10
3.773000e-01,7.319941e-11
3.774000e-01,1.334755e-11
3.775000e-01,-4.650431e-11
3.776000e-01,-1.063562e-10
3.777000e-01,1.302411e-10
3.778000e-01,7.038928e-11
3.779000e-01,1.053742e-11
3.780000e-01,-4.931444e-11
3.781000e-01,-1.091663e-10
3.782000e-01,1.274310e-10
3.783000e-01,6.757915e-11
3.784000e-01,7.727287e-12
3.785000e-01,-5.212458e-11
3.786000e-01,-1.119764e-10
3.787000e-01,1.246209e-10
3.788000e-01,6.476902e-11
3.789000e-01,4.917157e-12
3.790000e-01,-5.493471e-11
3.791000e-01,-1.147866e-10
3.792000e-01,1.218108e-10
3.793000e-01,6.195889e-11
3.794000e-01,2.107026e-12
3.795000e-01,-5.774484e-11
3.796000e-01,-1.175967e-10
3.797000e-01,1.190006e-10
3.798000e-01,5.914876e-11
3.799000e-01,-7.031044e-13
3.800000e-01,-6.055497e-11
3.801000e-01,-1.204068e-10
3.802000e-01,1.161905e-10
3.803000e-01,5.633863e-11
3.804000e-01,-3.513235e-12
3.805000e-01,-6.336510e-11
3.806000e-01,-1.232170e-10
3.807000e-01,1.133804e-10
3.808000e-01,5.352850e-11
3.809000e-01,-6.323366e-12
3.810000e-01,-6.617523e-11
3.811000e-01,-1.260271e-10
3.812000e-01,1.105702e-10
3.813000e-01,5.071837e-11
3.814000e-01,-9.133496e-12
3.815000e-01,-6.898536e-11
3.816000e-01,-1.288372e-10
3.817000e-01,1.077601e-10
3.818000e-01,4.790824e-11
3.819000e-01,-1.194363e-11
3.820000e-01,-7.179549e-11
3.821000e-01,-1.316474e-10
3.822000e-01,1.049500e-10
3.823000e-01,4.509811e-11
3.824000e-01,-1.475376e-11
3.825000e-01,-7.460562e-11
3.826000e-01,-1.344575e-10
3.827000e-01,1.021398e-10
3.828000e-01,4.228797e-11
3.829000e-01,-1.756389e-11
3.830000e-01,-7.741575e-11
3.831000e-01,-1.372676e-10
3.832000e-01,9.932971e-11
3.833000e-01,3.947784e-11
3.834000e-01,-2.037402e-11
3.835000e-01,-8.022588e-11
3.836000e-01,-1.400777e-10
3.837000e-01,9.651958e-11
3.838000e-01,3.666771e-11
3.839000e-01,-2.318415e-11
3.840000e-01,-8.303601e-11
3.841000e-01,-1.428879e-10
3.842000e-01,9.370945e-11
3.843000e-01,3.385758e-11
3.844000e-01,-2.599428e-11
3.845000e-01,-8.584614e-11
3.846000e-01,-1.456980e-10
3.847000e-01,9.089932e-11
3.848000e-01,3.104745e-11
3.849000e-01,-2.880441e-11
3.850000e-01,-8.865627e-11
3.851000e-01,-1.485081e-10
3.852000e-01,8.808918e-11
3.853000e-01,2.823732e-11
3.854000e-01,-3.161454e-11
3.855000e-01,-9.146640e-11
3.856000e-01,-1.513183e-10
3.857000e-01,8.527905e-11
3.858000e-01,2.542719e-11
3.859000e-01,-3.442467e-11
3.860000e-01,-9.427653e-11
3.861000e-01,-1.541284e-10
3.862000e-01,8.246892e-11
3.863000e-01,2.261706e-11
3.864000e-01,-3.723480e-11
3.865000e-01,-9.708666e-11
3.866000e-01,-1.569385e-10
3.867000e-01,7.965879e-11
3.868000e-01,1.980693e-11
3.869000e-01,-4.004493e-11
3.870000e-01,-9.989680e-11
3.871000e-01,-1.597487e-10
3.872000e-01,7.684866e-11
3.873000e-01,1.699680e-11
3.874000e-01,-4.285506e-11
3.875000e-01,-1.027069e-10
3.876000e-01,-1.625588e-10
3.877000e-01,7.403853e-11
3.878000e-01,1.418667e-11
3.879000e-01,-4.566519e-11
3.880000e-01,-1.055171e-10
3.881000e-01,-1.653689e-10
3.882000e-01,7.122840e-11
3.883000e-01,1.137654e-11
3.884000e-01,-4.847532e-11
3.885000e-01,-1.083272e-10
3.886000e-01,-1.681790e-10
3.887000e-01,6.841827e-11
3.888000e-01,8.566408e-12
3.889000e-01,-5.128545e-11
3.890000e-01,-1.111373e-10
3.891000e-01,-1.709892e-10
3.892000e-01,6.560814e-11
3.893000e-01,5.756277e-12
3.894000e-01,-5.409559e-11
3.895000e-01,-1.139474e-10
3.896000e-01,-1.737993e-10
3.897000e-01,6.279801e-11
3.898000e-01,2.946147e-12
3.899000e-01,-5.690572e-11
3.900000e-01,-1.167576e-10
3.901000e-01,-1.766094e-10
3.902000e-01,-2.364613e-10
3.903000e-01,1.360159e-13
3.904000e-01,-5.971585e-11
3.905000e-01,-1.195677e-10
3.906000e-01,-1.794196e-10
3.907000e-01,-2.392714e-10
3.908000e-01,-2.674115e-12
3.909000e-01,-6.252598e-11
3.910000e-01,-1.223778e-10
3.911000e-01,-1.822297e-10
3.912000e-01,-2.420816e-10
3.913000e-01,-5.484245e-12
3.914000e-01,-6.533611e-11
3.915000e-01,-1.251880e-10
3.916000e-01,-1.850398e-10
3.917000e-01,-2.448917e-10
3.918000e-01,-8.294376e-12
3.919000e-01,-6.814624e-11
3.920000e-01,-1.279981e-10
3.921000e-01,-1.878500e-10
3.922000e-01,-2.477018e-10
3.923000e-01,-1.110451e-11
3.924000e-01,-7.095637e-11
3.925000e-01,-1.308082e-10
3.926000e-01,-1.906601e-10
3.927000e-01,-2.505120e-10
3.928000e-01,-1.391464e-11
3.929000e-01,-7.376650e-11
3.930000e-01,-1.336184e-10
3.931000e-01,-1.934702e-10
3.932000e-01,-2.533221e-10
3.933000e-01,-1.672477e-11
3.934000e-01,-7.657663e-11
3.935000e-01,-1.364285e-10
3.936000e-01,-1.962804e-10
3.937000e-01,-2.561322e-10
3.938000e-01,-1.953490e-11
3.939000e-01,-7.938676e-11
3.940000e-01,-1.392386e-10
3.941000e-01,-1.990905e-10
3.942000e-01,-2.589423e-10
3.943000e-01,-2.234503e-11
3.944000e-01,-8.219689e-11
3.945000e-01,-1.420488e-10
3.946000e-01,-2.019006e-10
3.947000e-01,-2.617525e-10
3.948000e-01,-2.515516e-11
3.949000e-01,-8.500702e-11
3.950000e-01,-1.448589e-10
3.951000e-01,-2.047107e-10
3.952000e-01,-2.645626e-10
3.953000e-01,-2.796529e-11
3.954000e-01,-8.781715e-11
3.955000e-01,-1.476690e-10
3.956000e-01,-2.075209e-10
3.957000e-01,-2.673727e-10
3.958000e-01,-3.077542e-11
3.959000e-01,-9.062728e-11
3.960000e-01,-1.504791e-10
3.961000e-01,-2.103310e-10
3.962000e-01,-2.701829e-10
3.963000e-01,-3.358555e-11
3.964000e-01,-9.343741e-11
3.965000e-01,-1.532893e-10
3.966000e-01,-2.131411e-10
3.967000e-01,2.345618e-11
3.968000e-01,-3.639568e-11
3.969000e-01,-9.624754e-11
3.970000e-01,-1.560994e-10
3.971000e-01,-2.159513e-10
3.972000e-01,2.064605e-11
3.973000e-01,-3.920581e-11
3.974000e-01,-9.905767e-11
3.975000e-01,-1.589095e-10
3.976000e-01,-2.187614e-10
3.977000e-01,1.783592e-11
3.978000e-01,-4.201594e-11
3.979000e-01,-1.018678e-10
3.980000e-01,-1.617197e-10
3.981000e-01,-2.215715e-10
3.982000e-01,1.502579e-11
3.983000e-01,-4.482607e-11
3.984000e-01,-1.046779e-10
3.985000e-01,-1.645298e-10
3.986000e-01,7.206752e-11
3.987000e-01,1.221566e-11
3.988000e-01,-4.763620e-11
3.989000e-01,-1.074881e-10
3.990000e-01,-1.673399e-10
3.991000e-01,6.925739e-11
3.992000e-01,9.405528e-12
3.993000e-01,-5.044633e-11
3.994000e-01,-1.102982e-10
3.995000e-01,-1.701501e-10
3.996000e-01,6.644726e-11
3.997000e-01,6.595397e-12
3.998000e-01,-5.325647e-11
3.999000e-01,-1.131083e-10
4.000000e-01,-1.729602e-10
4.001000e-01,6.363713e-11
4.002000e-01,3.785267e-12
4.003000e-01,-5.606660e-11
4.004000e-01,-1.159185e-10
4.005000e-01,1.206789e-10
4.006000e-01,6.082700e-11
4.007000e-01,9.751363e-13
4.008000e-01,-5.887673e-11
4.009000e-01,-1.187286e-10
4.010000e-01,1.178687e-10
4.011000e-01,5.801687e-11
4.012000e-01,-1.834994e-12
4.013000e-01,-6.168686e-11
4.014000e-01,-1.215387e-10
4.015000e-01,1.150586e-10
4.016000e-01,5.520674e-11
4.017000e-01,-4.645125e-12
4.018000e-01,-6.449699e-11
4.019000e-01,1.721003e-10
4.020000e-01,1.122485e-10
4.021000e-01,5.239661e-11
4.022000e-01,-7.455255e-12
4.023000e-01,-6.730712e-11
4.024000e-01,1.692902e-10
4.025000e-01,1.094383e-10
4.026000e-01,4.958648e-11
4.027000e-01,-1.026539e-11
4.028000e-01,-7.011725e-11
4.029000e-01,1.664801e-10
4.030000e-01,1.066282e-10
4.031000e-01,4.677635e-11
4.032000e-01,-1.307552e-11
4.033000e-01,-7.292738e-11
4.034000e-01,1.636699e-10
4.035000e-01,1.038181e-10
4.036000e-01,4.396622e-11
4.037000e-01,-1.588565e-11
4.038000e-01,-7.573751e-11
4.039000e-01,1.608598e-10
4.040000e-01,1.010079e-10
4.041000e-01,4.115608e-11
4.042000e-01,-1.869578e-11
4.043000e-01,-7.854764e-11
4.044000e-01,1.580497e-10
4.045000e-01,9.819782e-11
4.046000e-01,3.834595e-11
4.047000e-01,-2.150591e-11
4.048000e-01,-8.135777e-11
4.049000e-01,1.552395e-10
4.050000e-01,9.538769e-11
4.051000e-01,3.553582e-11
4.052000e-01,-2.431604e-11
4.053000e-01,-8.416790e-11
4.054000e-01,1.524294e-10
4.055000e-01,9.257756e-11
4.056000e-01,3.272569e-11
4.057000e-01,-2.712617e-11
4.058000e-01,-8.697803e-11
4.059000e-01,1.496193e-10
4.060000e-01,8.976743e-11
4.061000e-01,2.991556e-11
4.062000e-01,-2.993630e-11
4.063000e-01,-8.978816e-11
4.064000e-01,1.468092e-10
4.065000e-01,8.695729e-11
4.066000e-01,2.710543e-11
4.067000e-01,-3.274643e-11
4.068000e-01,-9.259829e-11
4.069000e-01,1.439990e-10
4.070000e-01,8.414716e-11
4.071000e-01,2.429530e-11
4.072000e-01,-3.555656e-11
4.073000e-01,-9.540842e-11
4.074000e-01,1.411889e-10
4.075000e-01,8.133703e-11
4.076000e-01,2.148517e-11
4.077000e-01,-3.836669e-11
4.078000e-01,-9.821855e-11
4.079000e-01,1.383788e-10
4.080000e-01,7.852690e-11
4.081000e-01,1.867504e-11
4.082000e-01,-4.117682e-11
4.083000e-01,-1.010287e-10
4.084000e-01,1.355686e-10
4.085000e-01,7.571677e-11
4.086000e-01,1.586491e-11
4.087000e-01,-4.398695e-11
4.088000e-01,-1.038388e-10
4.089000e-01,1.327585e-10
4.090000e-01,7.290664e-11
4.091000e-01,1.305478e-11
4.092000e-01,-4.679708e-11
4.093000e-01,-1.066489e-10
4.094000e-01,1.299484e-10
4.095000e-01,7.009651e-11
4.096000e-01,1.024465e-11
4.097000e-01,-4.960721e-11
4.098000e-01,-1.094591e-10
4.099000e-01,1.271382e-10
4.100000e-01,6.728638e-11
4.101000e-01,7.434518e-12
4.102000e-01,-5.241734e-11
4.103000e-01,-1.122692e-10
4.104000e-01,1.243281e-10
4.105000e-01,6.447625e-11
4.106000e-01,4.624387e-12
4.107000e-01,-5.522748e-11
4.108000e-01,-1.150793e-10
4.109000e-01,1.215180e-10
4.110000e-01,6.166612e-11
4.111000e-01,1.814257e-12
4.112000e-01,-5.803761e-11
4.113000e-01,-1.178895e-10
4.114000e-01,1.187079e-10
4.115000e-01,5.885599e-11
4.116000e-01,-9.958740e-13
4.117000e-01,-6.084774e-11
4.118000e-01,-1.206996e-10
4.119000e-01,1.158977e-10
4.120000e-01,5.604586e-11
4.121000e-01,-3.806005e-12
4.122000e-01,-6.365787e-11
4.123000e-01,-1.235097e-10
4.124000e-01,1.130876e-10
4.125000e-01,5.323573e-11
4.126000e-01,-6.616135e-12
4.127000e-01,-6.646800e-11
4.128000e-01,-1.263199e-10
4.129000e-01,1.102775e-10
4.130000e-01,5.042560e-11
4.131000e-01,-9.426266e-12
4.132000e-01,-6.927813e-11
4.133000e-01,-1.291300e-10
4.134000e-01,1.074673e-10
4.135000e-01,4.761547e-11
4.136000e-01,-1.223640e-11
4.137000e-01,-7.208826e-11
4.138000e-01,-1.319401e-10
4.139000e-01,1.046572e-10
4.140000e-01,4.480534e-11
4.141000e-01,-1.504653e-11
4.142000e-01,-7.489839e-11
4.143000e-01,-1.347503e-10
4.144000e-01,1.018471e-10
4.145000e-01,4.199521e-11
4.146000e-01,-1.785666e-11
4.147000e-01,-7.770852e-11
4.148000e-01,-1.375604e-10
4.149000e-01,9.903694e-11
4.150000e-01,3.918507e-11
4.151000e-01,-2.066679e-11
4.152000e-01,-8.051865e-11
4.153000e-01,-1.403705e-10
4.154000e-01,9.622681e-11
4.155000e-01,3.637494e-11
4.156000e-01,-2.347692e-11
4.157000e-01,-8.332878e-11
4.158000e-01,-1.431806e-10
4.159000e-01,9.341668e-11
4.160000e-01,3.356481e-11
4.161000e-01,-2.628705e-11
4.162000e-01,-8.613891e-11
4.163000e-01,-1.459908e-10
4.164000e-01,-2.058426e-10
4.165000e-01,3.075468e-11
4.166000e-01,-2.909718e-11
4.167000e-01,-8.894904e-11
4.168000e-01,-1.488009e-10
4.169000e-01,-2.086528e-10
4.170000e-01,2.794455e-11
4.171000e-01,-3.190731e-11
4.172000e-01,-9.175917e-11
4.173000e-01,-1.516110e-10
4.174000e-01,-2.114629e-10
4.175000e-01,2.513442e-11
4.176000e-01,-3.471744e-11
4.177000e-01,-9.456930e-11
4.178000e-01,-1.544212e-10
4.179000e-01,-2.142730e-10
4.180000e-01,2.232429e-11
4.181000e-01,-3.752757e-11
4.182000e-01,-9.737943e-11
4.183000e-01,-1.572313e-10
4.184000e-01,-2.170832e-10
4.185000e-01,1.951416e-11
4.186000e-01,-4.033770e-11
4.187000e-01,-1.001896e-10
4.188000e-01,-1.600414e-10
4.189000e-01,-2.198933e-10
4.190000e-01,1.670403e-11
4.191000e-01,-4.314783e-11
4.192000e-01,-1.029997e-10
4.193000e-01,-1.628516e-10
4.194000e-01,-2.227034e-10
4.195000e-01,1.389390e-11
4.196000e-01,-4.595796e-11
4.197000e-01,-1.058098e-10
4.198000e-01,-1.656617e-10
4.199000e-01,-2.255136e-10
4.200000e-01,1.108377e-11
4.201000e-01,-4.876809e-11
4.202000e-01,-1.086200e-10
4.203000e-01,-1.684718e-10
4.204000e-01,-2.283237e-10
4.205000e-01,8.273638e-12
4.206000e-01,-5.157822e-11
4.207000e-01,-1.114301e-10
4.208000e-01,-1.712819e-10
4.209000e-01,-2.311338e-10
4.210000e-01,5.463508e-12
4.211000e-01,-5.438836e-11
4.212000e-01,-1.142402e-10
4.213000e-01,-1.740921e-10
4.214000e-01,-2.339439e-10
4.215000e-01,2.653377e-12
4.216000e-01,-5.719849e-11
4.217000e-01,-1.170503e-10
4.218000e-01,-1.769022e-10
4.219000e-01,-2.367541e-10
4.220000e-01,-1.567536e-13
4.221000e-01,-6.000862e-11
4.222000e-01,-1.198605e-10
4.223000e-01,-1.797123e-10
4.224000e-01,-2.395642e-10
4.225000e-01,-2.966884e-12
4.226000e-01,-6.281875e-11
4.227000e-01,-1.226706e-10
4.228000e-01,-1.825225e-10
4.229000e-01,-2.423743e-10
4.230000e-01,-5.777015e-12
4.231000e-01,-6.562888e-11
4.232000e-01,-1.254807e-10
4.233000e-01,-1.853326e-10
4.234000e-01,-2.451845e-10
4.235000e-01,-8.587145e-12
4.236000e-01,-6.843901e-11
4.237000e-01,-1.282909e-10
4.238000e-01,-1.881427e-10
4.239000e-01,-2.479946e-10
4.240000e-01,-1.139728e-11
4.241000e-01,-7.124914e-11
4.242000e-01,-1.311010e-10
4.243000e-01,-1.909529e-10
4.244000e-01,-2.508047e-10
4.245000e-01,-1.420741e-11
4.246000e-01,-7.405927e-11
4.247000e-01,-1.339111e-10
4.248000e-01,-1.937630e-10
4.249000e-01,-2.536149e-10
4.250000e-01,-1.701754e-11
4.251000e-01,-7.686940e-11
4.252000e-01,-1.367213e-10
4.253000e-01,-1.965731e-10
4.254000e-01,-2.564250e-10
4.255000e-01,-1.982767e-11
4.256000e-01,-7.967953e-11
4.257000e-01,-1.395314e-10
4.258000e-01,-1.993833e-10
4.259000e-01,-2.592351e-10
4.260000e-01,-2.263780e-11
4.261000e-01,-8.248966e-11
4.262000e-01,-1.423415e-10
4.263000e-01,-2.021934e-10
4.264000e-01,-2.620452e-10
4.265000e-01,-2.544793e-11
4.266000e-01,-8.529979e-11
4.267000e-01,-1.451517e-10
4.268000e-01,-2.050035e-10
4.269000e-01,3.159380e-11
4.270000e-01,-2.825806e-11
4.271000e-01,-8.810992e-11
4.272000e-01,-1.479618e-10
4.273000e-01,-2.078136e-10
4.274000e-01,2.878367e-11
4.275000e-01,-3.106819e-11
4.276000e-01,-9.092005e-11
4.277000e-01,-1.507719e-10
4.278000e-01,-2.106238e-10
4.279000e-01,2.597354e-11
4.280000e-01,-3.387832e-11
4.281000e-01,-9.373018e-11
4.282000e-01,-1.535820e-10
4.283000e-01,-2.134339e-10
4.284000e-01,2.316341e-11
4.285000e-01,-3.668845e-11
4.286000e-01,-9.654031e-11
4.287000e-01,-1.563922e-10
4.288000e-01,8.020514e-11
4.289000e-01,2.035328e-11
4.290000e-01,-3.949858e-11
4.291000e-01,-9.935044e-11
4.292000e-01,-1.592023e-10
4.293000e-01,7.739501e-11
4.294000e-01,1.754315e-11
4.295000e-01,-4.230871e-11
4.296000e-01,-1.021606e-10
4.297000e-01,-1.620124e-10
4.298000e-01,7.458488e-11
4.299000e-01,1.473302e-11
4.300000e-01,-4.511884e-11
4.301000e-01,-1.049707e-10
4.302000e-01,1.316266e-10
4.303000e-01,7.177475e-11
4.304000e-01,1.192289e-11
4.305000e-01,-4.792897e-11
4.306000e-01,-1.077808e-10
4.307000e-01,1.288165e-10
4.308000e-01,6.896462e-11
4.309000e-01,9.112758e-12
4.310000e-01,-5.073910e-11
4.311000e-01,-1.105910e-10
4.312000e-01,1.260064e-10
4.313000e-01,6.615449e-11
4.314000e-01,6.302628e-12
4.315000e-01,-5.354923e-11
4.316000e-01,-1.134011e-10
4.317000e-01,1.231962e-10
4.318000e-01,6.334436e-11
4.319000e-01,3.492497e-12
4.320000e-01,-5.635937e-11
4.321000e-01,1.802380e-10
4.322000e-01,1.203861e-10
4.323000e-01,6.053423e-11
4.324000e-01,6.823667e-13
4.325000e-01,-5.916950e-11
4.326000e-01,1.774278e-10
4.327000e-01,1.175760e-10
4.328000e-01,5.772410e-11
4.329000e-01,-2.127764e-12
4.330000e-01,-6.197963e-11
4.331000e-01,1.746177e-10
4.332000e-01,1.147658e-10
4.333000e-01,5.491397e-11
4.334000e-01,-4.937894e-12
4.335000e-01,-6.478976e-11
4.336000e-01,1.718076e-10
4.337000e-01,1.119557e-10
4.338000e-01,5.210384e-11
4.339000e-01,-7.748025e-12
4.340000e-01,-6.759989e-11
4.341000e-01,1.689974e-10
4.342000e-01,1.091456e-10
4.343000e-01,4.929371e-11
4.344000e-01,-1.055816e-11
4.345000e-01,-7.041002e-11
4.346000e-01,1.661873e-10
4.347000e-01,1.063354e-10
4.348000e-01,4.648358e-11
4.349000e-01,-1.336829e-11
4.350000e-01,-7.322015e-11
4.351000e-01,1.633772e-10
4.352000e-01,1.035253e-10
4.353000e-01,4.367345e-11
4.354000e-01,-1.617842e-11
4.355000e-01,-7.603028e-11
4.356000e-01,1.605670e-10
4.357000e-01,1.007152e-10
4.358000e-01,4.086332e-11
4.359000e-01,-1.898855e-11
4.360000e-01,-7.884041e-11
4.361000e-01,1.577569e-10
4.362000e-01,9.790505e-11
4.363000e-01,3.805318e-11
4.364000e-01,-2.179868e-11
4.365000e-01,-8.165054e-11
4.366000e-01,1.549468e-10
4.367000e-01,9.509492e-11
4.368000e-01,3.524305e-11
4.369000e-01,-2.460881e-11
4.370000e-01,-8.446067e-11
4.371000e-01,1.521366e-10
4.372000e-01,9.228479e-11
4.373000e-01,3.243292e-11
4.374000e-01,-2.741894e-11
4.375000e-01,-8.727080e-11
4.376000e-01,1.493265e-10
4.377000e-01,8.947466e-11
4.378000e-01,2.962279e-11
4.379000e-01,-3.022907e-11
4.380000e-01,-9.008093e-11
4.381000e-01,1.465164e-10
4.382000e-01,8.666452e-11
4.383000e-01,2.681266e-11
4.384000e-01,-3.303920e-11
4.385000e-01,-9.289106e-11
4.386000e-01,1.437063e-10
4.387000e-01,8.385439e-11
4.388000e-01,2.400253e-11
4.389000e-01,-3.584933e-11
4.390000e-01,-9.570119e-11
4.391000e-01,1.408961e-10
4.392000e-01,8.104426e-11
4.393000e-01,2.119240e-11
4.394000e-01,-3.865946e-11
4.395000e-01,-9.851132e-11
4.396000e-01,1.380860e-10
4.397000e-01,7.823413e-11
4.398000e-01,1.838227e-11
4.399000e-01,-4.146959e-11
4.400000e-01,-1.013215e-10
4.401000e-01,1.352759e-10
4.402000e-01,7.542400e-11
4.403000e-01,1.557214e-11
4.404000e-01,-4.427972e-11
4.405000e-01,-1.041316e-10
4.406000e-01,1.324657e-10
4.407000e-01,7.261387e-11
4.408000e-01,1.276201e-11
4.409000e-01,-4.708985e-11
4.410000e-01,-1.069417e-10
4.411000e-01,1.296556e-10
4.412000e-01,6.980374e-11
4.413000e-01,9.951879e-12
4.414000e-01,-4.989998e-11
4.415000e-01,-1.097518e-10
4.416000e-01,1.268455e-10
4.417000e-01,6.699361e-11
4.418000e-01,7.141748e-12
4.419000e-01,-5.271011e-11
4.420000e-01,-1.125620e-10
4.421000e-01,1.240353e-10
4.422000e-01,6.418348e-11
4.423000e-01,4.331618e-12
4.424000e-01,-5.552025e-11
4.425000e-01,-1.153721e-10
4.426000e-01,1.212252e-10
4.427000e-01,6.137335e-11
4.428000e-01,1.521487e-12
4.429000e-01,-5.833038e-11
4.430000e-01,-1.181822e-10
4.431000e-01,-1.780341e-10
4.432000e-01,5.856322e-11
4.433000e-01,-1.288644e-12
4.434000e-01,-6.114051e-11
4.435000e-01,-1.209924e-10
4.436000e-01,-1.808442e-10
4.437000e-01,5.575309e-11
4.438000e-01,-4.098774e-12
4.439000e-01,-6.395064e-11
4.440000e-01,-1.238025e-10
4.441000e-01,-1.836544e-10
4.442000e-01,5.294296e-11
4.443000e-01,-6.908905e-12
4.444000e-01,-6.676077e-11
4.445000e-01,-1.266126e-10
4.446000e-01,-1.864645e-10
4.447000e-01,5.013283e-11
4.448000e-01,-9.719035e-12
4.449000e-01,-6.957090e-11
4.450000e-01,-1.294228e-10
4.451000e-01,-1.892746e-10
4.452000e-01,4.732270e-11
4.453000e-01,-1.252917e-11
4.454000e-01,-7.238103e-11
4.455000e-01,-1.322329e-10
4.456000e-01,-1.920848e-10
4.457000e-01,4.451257e-11
4.458000e-01,-1.533930e-11
4.459000e-01,-7.519116e-11
4.460000e-01,-1.350430e-10
4.461000e-01,-1.948949e-10
4.462000e-01,4.170244e-11
4.463000e-01,-1.814943e-11
4.464000e-01,-7.800129e-11
4.465000e-01,-1.378532e-10
4.466000e-01,-1.977050e-10
4.467000e-01,3.889231e-11
4.468000e-01,-2.095956e-11
4.469000e-01,-8.081142e-11
4.470000e-01,-1.406633e-10
4.471000e-01,-2.005151e-10
4.472000e-01,3.608217e-11
4.473000e-01,-2.376969e-11
4.474000e-01,-8.362155e-11
4.475000e-01,-1.434734e-10
4.476000e-01,-2.033253e-10
4.477000e-01,3.327204e-11
4.478000e-01,-2.657982e-11
4.479000e-01,-8.643168e-11
4.480000e-01,-1.462835e-10
4.481000e-01,-2.061354e-10
4.482000e-01,3.046191e-11
4.483000e-01,-2.938995e-11
4.484000e-01,-8.924181e-11
4.485000e-01,-1.490937e-10
4.486000e-01,-2.089455e-10
4.487000e-01,2.765178e-11
4.488000e-01,-3.220008e-11
4.489000e-01,-9.205194e-11
4.490000e-01,-1.519038e-10
4.491000e-01,-2.117557e-10
4.492000e-01,2.484165e-11
4.493000e-01,-3.501021e-11
4.494000e-01,-9.486207e-11
4.495000e-01,-1.547139e-10
4.496000e-01,-2.145658e-10
4.497000e-01,2.203152e-11
4.498000e-01,-3.782034e-11
4.499000e-01,-9.767220e-11
4.500000e-01,-1.575241e-10
4.501000e-01,-2.173759e-10
4.502000e-01,1.922139e-11
4.503000e-01,-4.063047e-11
4.504000e-01,-1.004823e-10
4.505000e-01,-1.603342e-10
4.506000e-01,-2.201861e-10
4.507000e-01,1.641126e-11
4.508000e-01,-4.344060e-11
4.509000e-01,-1.032925e-10
4.510000e-01,-1.631443e-10
4.511000e-01,-2.229962e-10
4.512000e-01,1.360113e-11
4.513000e-01,-4.625073e-11
4.514000e-01,-1.061026e-10
4.515000e-01,-1.659545e-10
4.516000e-01,-2.258063e-10
4.517000e-01,1.079100e-11
4.518000e-01,-4.906086e-11
4.519000e-01,-1.089127e-10
4.520000e-01,-1.687646e-10
4.521000e-01,-2.286165e-10
4.522000e-01,7.980869e-12
4.523000e-01,-5.187099e-11
4.524000e-01,-1.117229e-10
4.525000e-01,-1.715747e-10
4.526000e-01,-2.314266e-10
4.527000e-01,5.170738e-12
4.528000e-01,-5.468112e-11
4.529000e-01,-1.145330e-10
4.530000e-01,-1.743849e-10
4.531000e-01,-2.342367e-10
4.532000e-01,2.360607e-12
4.533000e-01,-5.749126e-11
4.534000e-01,-1.173431e-10
4.535000e-01,-1.771950e-10
4.536000e-01,-2.370468e-10
4.537000e-01,-4.495232e-13
4.538000e-01,-6.030139e-11
4.539000e-01,-1.201532e-10
4.540000e-01,-1.800051e-10
4.541000e-01,-2.398570e-10
4.542000e-01,-3.259654e-12
4.543000e-01,-6.311152e-11
4.544000e-01,-1.229634e-10
4.545000e-01,-1.828152e-10
4.546000e-01,-2.426671e-10
4.547000e-01,-6.069784e-12
4.548000e-01,-6.592165e-11
4.549000e-01,-1.257735e-10
4.550000e-01,-1.856254e-10
4.551000e-01,-2.454772e-10
4.552000e-01,-8.879915e-12
4.553000e-01,-6.873178e-11
4.554000e-01,-1.285836e-10
4.555000e-01,-1.884355e-10
4.556000e-01,-2.482874e-10
4.557000e-01,-1.169005e-11
4.558000e-01,-7.154191e-11
4.559000e-01,-1.313938e-10
4.560000e-01,-1.912456e-10
4.561000e-01,-2.510975e-10
4.562000e-01,-1.450018e-11
4.563000e-01,-7.435204e-11
4.564000e-01,-1.342039e-10
4.565000e-01,-1.940558e-10
4.566000e-01,-2.539076e-10
4.567000e-01,-1.731031e-11
4.568000e-01,-7.716217e-11
4.569000e-01,-1.370140e-10
4.570000e-01,-1.968659e-10
4.571000e-01,3.973143e-11
4.572000e-01,-2.012044e-11
4.573000e-01,-7.997230e-11
4.574000e-01,-1.398242e-10
4.575000e-01,-1.996760e-10
4.576000e-01,3.692129e-11
4.577000e-01,-2.293057e-11
4.578000e-01,-8.278243e-11
4.579000e-01,-1.426343e-10
4.580000e-01,-2.024862e-10
4.581000e-01,3.411116e-11
4.582000e-01,-2.574070e-11
4.583000e-01,-8.559256e-11
4.584000e-01,-1.454444e-10
4.585000e-01,9.115290e-11
4.586000e-01,3.130103e-11
4.587000e-01,-2.855083e-11
4.588000e-01,-8.840269e-11
4.589000e-01,-1.482546e-10
4.590000e-01,8.834277e-11
4.591000e-01,2.849090e-11
4.592000e-01,-3.136096e-11
4.593000e-01,-9.121282e-11
4.594000e-01,-1.510647e-10
4.595000e-01,8.553264e-11
4.596000e-01,2.568077e-11
4.597000e-01,-3.417109e-11
4.598000e-01,-9.402295e-11
4.599000e-01,-1.538748e-10
4.600000e-01,8.272250e-11
4.601000e-01,2.287064e-11
4.602000e-01,-3.698122e-11
4.603000e-01,-9.683308e-11
4.604000e-01,1.397642e-10
4.605000e-01,7.991237e-11
4.606000e-01,2.006051e-11
4.607000e-01,-3.979135e-11
4.608000e-01,-9.964321e-11
4.609000e-01,1.369541e-10
4.610000e-01,7.710224e-11
4.611000e-01,1.725038e-11
4.612000e-01,-4.260148e-11
4.613000e-01,-1.024533e-10
4.614000e-01,1.341440e-10
4.615000e-01,7.429211e-11
4.616000e-01,1.444025e-11
4.617000e-01,-4.541161e-11
4.618000e-01,1.911857e-10
4.619000e-01,1.313338e-10
4.620000e-01,7.148198e-11
4.621000e-01,1.163012e-11
4.622000e-01,-4.822174e-11
4.623000e-01,1.883756e-10
4.624000e-01,1.285237e-10
4.625000e-01,6.867185e-11
4.626000e-01,8.819989e-12
4.627000e-01,-5.103187e-11
4.628000e-01,1.855654e-10
4.629000e-01,1.257136e-10
4.630000e-01,6.586172e-11
4.631000e-01,6.009858e-12
4.632000e-01,-5.384200e-11
4.633000e-01,1.827553e-10
4.634000e-01,1.229035e-10
4.635000e-01,6.305159e-11
4.636000e-01,3.199728e-12
4.637000e-01,-5.665213e-11
4.638000e-01,1.799452e-10
4.639000e-01,1.200933e-10
4.640000e-01,6.024146e-11
4.641000e-01,3.895971e-13
4.642000e-01,-5.946227e-11
4.643000e-01,1.771351e-10
4.644000e-01,1.172832e-10
4.645000e-01,5.743133e-11
4.646000e-01,-2.420533e-12
4.647000e-01,-6.227240e-11
4.648000e-01,1.743249e-10
4.649000e-01,1.144731e-10
4.650000e-01,5.462120e-11
4.651000e-01,-5.230664e-12
4.652000e-01,-6.508253e-11
4.653000e-01,1.715148e-10
4.654000e-01,1.116629e-10
4.655000e-01,5.181107e-11
4.656000e-01,-8.040795e-12
4.657000e-01,-6.789266e-11
4.658000e-01,1.687047e-10
4.659000e-01,1.088528e-10
4.660000e-01,4.900094e-11
4.661000e-01,-1.085093e-11
4.662000e-01,-7.070279e-11
4.663000e-01,1.658945e-10
4.664000e-01,1.060427e-10
4.665000e-01,4.619081e-11
4.666000e-01,-1.366106e-11
4.667000e-01,-7.351292e-11
4.668000e-01,1.630844e-10
4.669000e-01,1.032325e-10
4.670000e-01,4.338068e-11
4.671000e-01,-1.647119e-11
4.672000e-01,-7.632305e-11
4.673000e-01,1.602743e-10
4.674000e-01,1.004224e-10
4.675000e-01,4.057055e-11
4.676000e-01,-1.928132e-11
4.677000e-01,-7.913318e-11
4.678000e-01,1.574641e-10
4.679000e-01,9.761228e-11
4.680000e-01,3.776042e-11
4.681000e-01,-2.209145e-11
4.682000e-01,-8.194331e-11
4.683000e-01,1.546540e-10
4.684000e-01,9.480215e-11
4.685000e-01,3.495028e-11
4.686000e-01,-2.490158e-11
4.687000e-01,-8.475344e-11
4.688000e-01,1.518439e-10
4.689000e-01,9.199202e-11
4.690000e-01,3.214015e-11
4.691000e-01,-2.771171e-11
4.692000e-01,-8.756357e-11
4.693000e-01,-1.474154e-10
4.694000e-01,8.918189e-11
4.695000e-01,2.933002e-11
4.696000e-01,-3.052184e-11
4.697000e-01,-9.037370e-11
4.698000e-01,-1.502256e-10
4.699000e-01,8.637176e-11
4.700000e-01,2.651989e-11
4.701000e-01,-3.333197e-11
4.702000e-01,-9.318383e-11
4.703000e-01,-1.530357e-10
4.704000e-01,8.356162e-11
4.705000e-01,2.370976e-11
4.706000e-01,-3.614210e-11
4.707000e-01,-9.599396e-11
4.708000e-01,-1.558458e-10
4.709000e-01,8.075149e-11
4.710000e-01,2.089963e-11
4.711000e-01,-3.895223e-11
4.712000e-01,-9.880409e-11
4.713000e-01,-1.586560e-10
4.714000e-01,7.794136e-11
4.715000e-01,1.808950e-11
4.716000e-01,-4.176236e-11
4.717000e-01,-1.016142e-10
4.718000e-01,-1.614661e-10
4.719000e-01,7.513123e-11
4.720000e-01,1.527937e-11
4.721000e-01,-4.457249e-11
4.722000e-01,-1.044244e-10
4.723000e-01,-1.642762e-10
4.724000e-01,7.232110e-11
4.725000e-01,1.246924e-11
4.726000e-01,-4.738262e-11
4.727000e-01,-1.072345e-10
4.728000e-01,-1.670863e-10
4.729000e-01,6.951097e-11
4.730000e-01,9.659109e-12
4.731000e-01,-5.019275e-11
4.732000e-01,-1.100446e-10
4.733000e-01,-1.698965e-10
4.734000e-01,6.670084e-11
4.735000e-01,6.848979e-12
4.736000e-01,-5.300288e-11
4.737000e-01,-1.128547e-10
4.738000e-01,-1.727066e-10
4.739000e-01,6.389071e-11
4.740000e-01,4.038848e-12
4.741000e-01,-5.581301e-11
4.742000e-01,-1.156649e-10
4.743000e-01,-1.755167e-10
4.744000e-01,6.108058e-11
4.745000e-01,1.228717e-12
4.746000e-01,-5.862315e-11
4.747000e-01,-1.184750e-10
4.748000e-01,-1.783269e-10
4.749000e-01,5.827045e-11
4.750000e-01,-1.581413e-12
4.751000e-01,-6.143328e-11
4.752000e-01,-1.212851e-10
4.753000e-01,-1.811370e-10
4.754000e-01,5.546032e-11
4.755000e-01,-4.391544e-12
4.756000e-01,-6.424341e-11
4.757000e-01,-1.240953e-10
4.758000e-01,-1.839471e-10
4.759000e-01,5.265019e-11
4.760000e-01,-7.201674e-12
4.761000e-01,-6.705354e-11
4.762000e-01,-1.269054e-10
4.763000e-01,-1.867573e-10
4.764000e-01,4.984006e-11
4.765000e-01,-1.001180e-11
4.766000e-01,-6.986367e-11
4.767000e-01,-1.297155e-10
4.768000e-01,-1.895674e-10
4.769000e-01,4.702993e-11
4.770000e-01,-1.282194e-11
4.771000e-01,-7.267380e-11
4.772000e-01,-1.325257e-10
4.773000e-01,-1.923775e-10
4.774000e-01,4.421980e-11
4.775000e-01,-1.563207e-11
4.776000e-01,-7.548393e-11
4.777000e-01,-1.353358e-10
4.778000e-01,-1.951877e-10
4.779000e-01,4.140967e-11
4.780000e-01,-1.844220e-11
4.781000e-01,-7.829406e-11
4.782000e-01,-1.381459e-10
4.783000e-01,-1.979978e-10
4.784000e-01,3.859954e-11
4.785000e-01,-2.125233e-11
4.786000e-01,-8.110419e-11
4.787000e-01,-1.409561e-10
4.788000e-01,-2.008079e-10
4.789000e-01,3.578940e-11
4.790000e-01,-2.406246e-11
4.791000e-01,-8.391432e-11
4.792000e-01,-1.437662e-10
4.793000e-01,-2.036180e-10
4.794000e-01,3.297927e-11
4.795000e-01,-2.687259e-11
4.796000e-01,-8.672445e-11
4.797000e-01,-1.465763e-10
4.798000e-01,-2.064282e-10
4.799000e-01,3.016914e-11
4.800000e-01,-2.968272e-11
4.801000e-01,-8.953458e-11
4.802000e-01,-1.493864e-10
4.803000e-01,-2.092383e-10
4.804000e-01,2.735901e-11
4.805000e-01,-3.249285e-11
4.806000e-01,-9.234471e-11
4.807000e-01,-1.521966e-10
4.808000e-01,-2.120484e-10
4.809000e-01,2.454888e-11
4.810000e-01,-3.530298e-11
4.811000e-01,-9.515484e-11
4.812000e-01,-1.550067e-10
4.813000e-01,-2.148586e-10
4.814000e-01,2.173875e-11
4.815000e-01,-3.811311e-11
4.816000e-01,-9.796497e-11
4.817000e-01,-1.578168e-10
4.818000e-01,-2.176687e-10
4.819000e-01,1.892862e-11
4.820000e-01,-4.092324e-11
4.821000e-01,-1.007751e-10
4.822000e-01,-1.606270e-10
4.823000e-01,-2.204788e-10
4.824000e-01,-2.803307e-10
4.825000e-01,-4.373337e-11
4.826000e-01,-1.035852e-10
4.827000e-01,-1.634371e-10
4.828000e-01,-2.232890e-10
4.829000e-01,-2.831408e-10
4.830000e-01,-4.654350e-11
4.831000e-01,-1.063954e-10
4.832000e-01,-1.662472e-10
4.833000e-01,-2.260991e-10
4.834000e-01,-2.859510e-10
4.835000e-01,-4.935363e-11
4.836000e-01,-1.092055e-10
4.837000e-01,-1.690574e-10
4.838000e-01,-2.289092e-10
4.839000e-01,-2.887611e-10
4.840000e-01,-5.216376e-11
4.841000e-01,-1.120156e-10
4.842000e-01,-1.718675e-10
4.843000e-01,-2.317194e-10
4.844000e-01,-2.915712e-10
4.845000e-01,-5.497389e-11
4.846000e-01,-1.148258e-10
4.847000e-01,-1.746776e-10
4.848000e-01,-2.345295e-10
4.849000e-01,-2.943813e-10
4.850000e-01,-5.778402e-11
4.851000e-01,-1.176359e-10
4.852000e-01,-1.774878e-10
4.853000e-01,-2.373396e-10
4.854000e-01,-7.422928e-13
4.855000e-01,-6.059416e-11
4.856000e-01,-1.204460e-10
4.857000e-01,-1.802979e-10
4.858000e-01,-2.401497e-10
4.859000e-01,-3.552423e-12
4.860000e-01,-6.340429e-11
4.861000e-01,-1.232561e-10
4.862000e-01,-1.831080e-10
4.863000e-01,-2.429599e-10
4.864000e-01,-6.362554e-12
4.865000e-01,-6.621442e-11
4.866000e-01,-1.260663e-10
4.867000e-01,-1.859181e-10
4.868000e-01,5.067918e-11
4.869000e-01,-9.172685e-12
4.870000e-01,-6.902455e-11
4.871000e-01,-1.288764e-10
4.872000e-01,-1.887283e-10
4.873000e-01,4.786905e-11
4.874000e-01,-1.198282e-11
4.875000e-01,-7.183468e-11
4.876000e-01,-1.316865e-10
4.877000e-01,-1.915384e-10
4.878000e-01,4.505892e-11
4.879000e-01,-1.479295e-11
4.880000e-01,-7.464481e-11
4.881000e-01,-1.344967e-10
4.882000e-01,-1.943485e-10
4.883000e-01,4.224879e-11
4.884000e-01,-1.760308e-11
4.885000e-01,-7.745494e-11
4.886000e-01,-1.373068e-10
4.887000e-01,9.929052e-11
4.888000e-01,3.943866e-11
4.889000e-01,-2.041321e-11
4.890000e-01,-8.026507e-11
4.891000e-01,-1.401169e-10
4.892000e-01,9.648039e-11
4.893000e-01,3.662853e-11
4.894000e-01,-2.322334e-11
4.895000e-01,-8.307520e-11
4.896000e-01,-1.429271e-10
4.897000e-01,9.367026e-11
4.898000e-01,3.381839e-11
4.899000e-01,-2.603347e-11
4.900000e-01,-8.588533e-11
4.901000e-01,1.507120e-10
4.902000e-01,9.086013e-11
4.903000e-01,3.100826e-11
4.904000e-01,-2.884360e-11
4.905000e-01,-8.869546e-11
4.906000e-01,1.479019e-10
4.907000e-01,8.805000e-11
4.908000e-01,2.819813e-11
4.909000e-01,-3.165373e-11
4.910000e-01,-9.150559e-11
4.911000e-01,1.450917e-10
4.912000e-01,8.523987e-11
4.913000e-01,2.538800e-11
4.914000e-01,-3.446386e-11
4.915000e-01,-9.431572e-11
4.916000e-01,1.422816e-10
4.917000e-01,8.242973e-11
4.918000e-01,2.257787e-11
4.919000e-01,-3.727399e-11
4.920000e-01,1.993233e-10
4.921000e-01,1.394715e-10
4.922000e-01,7.961960e-11
4.923000e-01,1.976774e-11
4.924000e-01,-4.008412e-11
4.925000e-01,1.965132e-10
4.926000e-01,1.366613e-10
4.927000e-01,7.680947e-11
4.928000e-01,1.695761e-11
4.929000e-01,-4.289425e-11
4.930000e-01,1.937031e-10
4.931000e-01,1.338512e-10
4.932000e-01,7.399934e-11
4.933000e-01,1.414748e-11
4.934000e-01,-4.570438e-11
4.935000e-01,1.908929e-10
4.936000e-01,1.310411e-10
4.937000e-01,7.118921e-11
4.938000e-01,1.133735e-11
4.939000e-01,-4.851451e-11
4.940000e-01,1.880828e-10
4.941000e-01,1.282309e-10
4.942000e-01,6.837908e-11
4.943000e-01,8.527219e-12
4.944000e-01,-5.132464e-11
4.945000e-01,1.852727e-10
4.946000e-01,1.254208e-10
4.947000e-01,6.556895e-11
4.948000e-01,5.717089e-12
4.949000e-01,-5.413477e-11
4.950000e-01,1.824625e-10
4.951000e-01,1.226107e-10
4.952000e-01,6.275882e-11
4.953000e-01,2.906958e-12
4.954000e-01,-5.694490e-11
4.955000e-01,-1.167968e-10
4.956000e-01,1.198006e-10
4.957000e-01,5.994869e-11
4.958000e-01,9.682754e-14
4.959000e-01,-5.975504e-11
4.960000e-01,-1.196069e-10
4.961000e-01,1.169904e-10
4.962000e-01,5.713856e-11
4.963000e-01,-2.713303e-12
4.964000e-01,-6.256517e-11
4.965000e-01,-1.224170e-10
4.966000e-01,1.141803e-10
4.967000e-01,5.432843e-11
4.968000e-01,-5.523434e-12
4.969000e-01,-6.537530e-11
4.970000e-01,-1.252272e-10
4.971000e-01,1.113702e-10
4.972000e-01,5.151830e-11
4.973000e-01,-8.333564e-12
4.974000e-01,-6.818543e-11
4.975000e-01,-1.280373e-10
4.976000e-01,1.085600e-10
4.977000e-01,4.870817e-11
4.978000e-01,-1.114369e-11
4.979000e-01,-7.099556e-11
4.980000e-01,-1.308474e-10
4.981000e-01,1.057499e-10
4.982000e-01,4.589804e-11
4.983000e-01,-1.395383e-11
4.984000e-01,-7.380569e-11
4.985000e-01,-1.336576e-10
4.986000e-01,1.029398e-10
4.987000e-01,4.308791e-11
4.988000e-01,-1.676396e-11
4.989000e-01,-7.661582e-11
4.990000e-01,-1.364677e-10
4.991000e-01,1.001296e-10
4.992000e-01,4.027778e-11
4.993000e-01,-1.957409e-11
4.994000e-01,-7.942595e-11
4.995000e-01,-1.392778e-10
4.996000e-01,9.731951e-11
4.997000e-01,3.746765e-11
4.998000e-01,-2.238422e-11
4.999000e-01,-8.223608e-11
5.000000e-01,-1.420879e-10
5.001000e-01,-2.019398e-10
5.002000e-01,-2.617917e-10
5.003000e-01,2.712548e-10
5.004000e-01,2.114030e-10
5.005000e-01,1.515511e-10
5.006000e-01,9.169925e-11
5.007000e-01,3.184738e-11
5.008000e-01,-2.800448e-11
5.009000e-01,-8.785634e-11
5.010000e-01,-1.477082e-10
5.011000e-01,-2.075601e-10
5.012000e-01,-2.674119e-10
5.013000e-01,2.656346e-10
5.014000e-01,2.057827e-10
5.015000e-01,1.459308e-10
5.016000e-01,8.607899e-11
5.017000e-01,2.622712e-11
5.018000e-01,-3.362474e-11
5.019000e-01,-9.347660e-11
5.020000e-01,-1.533285e-10
5.021000e-01,-2.131803e-10
5.022000e-01,-2.730322e-10
5.023000e-01,-3.328841e-10
5.024000e-01,2.001624e-10
5.025000e-01,1.403106e-10
5.026000e-01,8.045872e-11
5.027000e-01,2.060686e-11
5.028000e-01,-3.924500e-11
5.029000e-01,-9.909686e-11
5.030000e-01,-1.589487e-10
5.031000e-01,-2.188006e-10
5.032000e-01,-2.786525e-10
5.033000e-01,-3.385043e-10
5.034000e-01,1.945422e-10
5.035000e-01,1.346903e-10
5.036000e-01,7.483846e-11
5.037000e-01,1.498660e-11
5.038000e-01,-4.486526e-11
5.039000e-01,-1.047171e-10
5.040000e-01,-1.645690e-10
5.041000e-01,-2.244208e-10
5.042000e-01,-2.842727e-10
5.043000e-01,-3.441246e-10
5.044000e-01,1.889219e-10
5.045000e-01,1.290701e-10
5.046000e-01,6.921820e-11
5.047000e-01,9.366340e-12
5.048000e-01,-5.048552e-11
5.049000e-01,-1.103374e-10
5.050000e-01,-1.701892e-10
5.051000e-01,-2.300411e-10
5.052000e-01,-2.898930e-10
5.053000e-01,-3.497448e-10
5.054000e-01,1.833017e-10
5.055000e-01,1.234498e-10
5.056000e-01,6.359794e-11
5.057000e-01,3.746078e-12
5.058000e-01,-5.610578e-11
5.059000e-01,-1.159576e-10
5.060000e-01,-1.758095e-10
5.061000e-01,-2.356614e-10
5.062000e-01,-2.955132e-10
5.063000e-01,-3.553651e-10
5.064000e-01,1.776814e-10
5.065000e-01,1.178295e-10
5.066000e-01,5.797768e-11
5.067000e-01,-1.874183e-12
5.068000e-01,-6.172605e-11
5.069000e-01,-1.215779e-10
5.070000e-01,-1.814298e-10
5.071000e-01,-2.412816e-10
5.072000e-01,-3.011335e-10
5.073000e-01,-3.609854e-10
5.074000e-01,1.720611e-10
5.075000e-01,1.122093e-10
5.076000e-01,5.235742e-11
5.077000e-01,-7.494444e-12
5.078000e-01,-6.734631e-11
5.079000e-01,-1.271982e-10
5.080000e-01,-1.870500e-10
5.081000e-01,-2.469019e-10
5.082000e-01,-3.067538e-10
5.083000e-01,-3.666056e-10
5.084000e-01,1.664409e-10
5.085000e-01,1.065890e-10
5.086000e-01,4.673716e-11
5.087000e-01,-1.311471e-11
5.088000e-01,-7.296657e-11
5.089000e-01,-1.328184e-10
5.090000e-01,-1.926703e-10
5.091000e-01,-2.525222e-10
5.092000e-01,-3.123740e-10
5.093000e-01,-3.722259e-10
5.094000e-01,1.608206e-10
5.095000e-01,1.009688e-10
5.096000e-01,4.111690e-11
5.097000e-01,-1.873497e-11
5.098000e-01,-7.858683e-11
5.099000e-01,-1.384387e-10
5.100000e-01,-1.982906e-10
5.101000e-01,-2.581424e-10
5.102000e-01,-3.179943e-10
5.103000e-01,-3.778461e-10
5.104000e-01,1.552004e-10
5.105000e-01,9.534850e-11
5.106000e-01,3.549664e-11
5.107000e-01,-2.435523e-11
5.108000e-01,-8.420709e-11
5.109000e-01,-1.440590e-10
5.110000e-01,-2.039108e-10
5.111000e-01,-2.637627e-10
5.112000e-01,-3.236145e-10
5.113000e-01,-3.834664e-10
5.114000e-01,1.495801e-10
5.115000e-01,8.972824e-11
5.116000e-01,2.987637e-11
5.117000e-01,-2.997549e-11
5.118000e-01,-8.982735e-11
5.119000e-01,-1.496792e-10
5.120000e-01,-2.095311e-10
5.121000e-01,-2.693829e-10
5.122000e-01,-3.292348e-10
5.123000e-01,-9.263748e-11
5.124000e-01,1.439598e-10
5.125000e-01,8.410798e-11
5.126000e-01,2.425611e-11
5.127000e-01,-3.559575e-11
5.128000e-01,-9.544761e-11
5.129000e-01,-1.552995e-10
5.130000e-01,-2.151513e-10
5.131000e-01,-2.750032e-10
5.132000e-01,-3.348551e-10
5.133000e-01,-9.825774e-11
5.134000e-01,1.383396e-10
5.135000e-01,7.848771e-11
5.136000e-01,1.863585e-11
5.137000e-01,-4.121601e-11
5.138000e-01,-1.010679e-10
5.139000e-01,-1.609197e-10
5.140000e-01,-2.207716e-10
5.141000e-01,-2.806235e-10
5.142000e-01,-4.402614e-11
5.143000e-01,-1.038780e-10
5.144000e-01,1.327193e-10
5.145000e-01,7.286745e-11
5.146000e-01,1.301559e-11
5.147000e-01,-4.683627e-11
5.148000e-01,-1.066881e-10
5.149000e-01,-1.665400e-10
5.150000e-01,-2.263919e-10
5.151000e-01,1.020546e-11
5.152000e-01,-4.964640e-11
5.153000e-01,-1.094983e-10
5.154000e-01,-1.693501e-10
5.155000e-01,6.724719e-11
5.156000e-01,7.395329e-12
5.157000e-01,-5.245653e-11
5.158000e-01,-1.123084e-10
5.159000e-01,-1.721603e-10
5.160000e-01,-2.320121e-10
5.161000e-01,4.585199e-12
5.162000e-01,-5.526666e-11
5.163000e-01,-1.151185e-10
5.164000e-01,-1.749704e-10
5.165000e-01,6.162693e-11
5.166000e-01,1.775068e-12
5.167000e-01,-5.807679e-11
5.168000e-01,-1.179287e-10
5.169000e-01,-1.777805e-10
5.170000e-01,5.881680e-11
5.171000e-01,-1.035062e-12
5.172000e-01,-6.088693e-11
5.173000e-01,-1.207388e-10
5.174000e-01,-1.805907e-10
5.175000e-01,5.600667e-11
5.176000e-01,-3.845193e-12
5.177000e-01,-6.369706e-11
5.178000e-01,-1.235489e-10
5.179000e-01,-1.834008e-10
5.180000e-01,5.319654e-11
5.181000e-01,-6.655324e-12
5.182000e-01,-6.650719e-11
5.183000e-01,-1.263590e-10
5.184000e-01,-1.862109e-10
5.185000e-01,5.038641e-11
5.186000e-01,-9.465454e-12
5.187000e-01,-6.931732e-11
5.188000e-01,-1.291692e-10
5.189000e-01,1.074281e-10
5.190000e-01,4.757628e-11
5.191000e-01,-1.227558e-11
5.192000e-01,-7.212745e-11
5.193000e-01,-1.319793e-10
5.194000e-01,-1.918312e-10
5.195000e-01,4.476615e-11
5.196000e-01,-1.508572e-11
5.197000e-01,-7.493758e-11
5.198000e-01,-1.347894e-10
5.199000e-01,1.018079e-10
5.200000e-01,4.195602e-11
5.201000e-01,-1.789585e-11
5.202000e-01,-7.774771e-11
5.203000e-01,-1.375996e-10
5.204000e-01,-1.974514e-10
5.205000e-01,3.914589e-11
5.206000e-01,-2.070598e-11
5.207000e-01,-8.055784e-11
5.208000e-01,1.560395e-10
5.209000e-01,9.618762e-11
5.210000e-01,3.633576e-11
5.211000e-01,-2.351611e-11
5.212000e-01,-8.336797e-11
5.213000e-01,-1.432198e-10
5.214000e-01,-2.030717e-10
5.215000e-01,3.352563e-11
5.216000e-01,-2.632624e-11
5.217000e-01,2.102711e-10
5.218000e-01,1.504192e-10
5.219000e-01,9.056736e-11
5.220000e-01,3.071549e-11
5.221000e-01,-2.913637e-11
5.222000e-01,-8.898823e-11
5.223000e-01,-1.488401e-10
5.224000e-01,-2.086920e-10
5.225000e-01,2.790536e-11
5.226000e-01,-3.194650e-11
5.227000e-01,2.046508e-10
5.228000e-01,1.447990e-10
5.229000e-01,8.494710e-11
5.230000e-01,2.509523e-11
5.231000e-01,-3.475663e-11
5.232000e-01,-9.460849e-11
5.233000e-01,-1.544604e-10
5.234000e-01,-2.143122e-10
5.235000e-01,2.228510e-11
5.236000e-01,2.588824e-10
5.237000e-01,1.990306e-10
5.238000e-01,1.391787e-10
5.239000e-01,7.932683e-11
5.240000e-01,1.947497e-11
5.241000e-01,-4.037689e-11
5.242000e-01,-1.002288e-10
5.243000e-01,-1.600806e-10
5.244000e-01,-2.199325e-10
5.245000e-01,1.666484e-11
5.246000e-01,2.532622e-10
5.247000e-01,1.934103e-10
5.248000e-01,1.335584e-10
5.249000e-01,7.370657e-11
5.250000e-01,1.385471e-11
5.251000e-01,-4.599715e-11
5.252000e-01,-1.058490e-10
5.253000e-01,-1.657009e-10
5.254000e-01,-2.255527e-10
5.255000e-01,3.074938e-10
5.256000e-01,2.476419e-10
5.257000e-01,1.877900e-10
5.258000e-01,1.279382e-10
5.259000e-01,6.808631e-11
5.260000e-01,8.234450e-12
5.261000e-01,-5.161741e-11
5.262000e-01,-1.114693e-10
5.263000e-01,-1.713211e-10
5.264000e-01,-2.311730e-10
5.265000e-01,3.018735e-10
5.266000e-01,2.420216e-10
5.267000e-01,1.821698e-10
5.268000e-01,1.223179e-10
5.269000e-01,6.246605e-11
5.270000e-01,2.614189e-12
5.271000e-01,-5.723767e-11
5.272000e-01,-1.170895e-10
5.273000e-01,-1.769414e-10
5.274000e-01,-2.367933e-10
5.275000e-01,2.962532e-10
5.276000e-01,2.364014e-10
5.277000e-01,1.765495e-10
5.278000e-01,1.166977e-10
5.279000e-01,5.684579e-11
5.280000e-01,-3.006073e-12
5.281000e-01,-6.285794e-11
5.282000e-01,-1.227098e-10
5.283000e-01,-1.825617e-10
5.284000e-01,-2.424135e-10
5.285000e-01,2.906330e-10
5.286000e-01,2.307811e-10
5.287000e-01,1.709293e-10
5.288000e-01,1.110774e-10
5.289000e-01,5.122553e-11
5.290000e-01,-8.626334e-12
5.291000e-01,-6.847820e-11
5.292000e-01,-1.283301e-10
5.293000e-01,-1.881819e-10
5.294000e-01,-2.480338e-10
5.295000e-01,-3.078856e-10
5.296000e-01,2.251609e-10
5.297000e-01,1.653090e-10
5.298000e-01,1.054571e-10
5.299000e-01,4.560527e-11
5.300000e-01,-1.424659e-11
5.301000e-01,-7.409846e-11
5.302000e-01,-1.339503e-10
5.303000e-01,-1.938022e-10
5.304000e-01,-2.536540e-10
5.305000e-01,-3.135059e-10
5.306000e-01,2.195406e-10
5.307000e-01,1.596887e-10
5.308000e-01,9.983687e-11
5.309000e-01,3.998501e-11
5.310000e-01,-1.986686e-11
5.311000e-01,-7.971872e-11
5.312000e-01,-1.395706e-10
5.313000e-01,-1.994224e-10
5.314000e-01,-2.592743e-10
5.315000e-01,-3.191262e-10
5.316000e-01,2.139203e-10
5.317000e-01,1.540685e-10
5.318000e-01,9.421661e-11
5.319000e-01,3.436475e-11
5.320000e-01,-2.548712e-11
5.321000e-01,-8.533898e-11
5.322000e-01,-1.451908e-10
5.323000e-01,-2.050427e-10
5.324000e-01,-2.648946e-10
5.325000e-01,-3.247464e-10
5.326000e-01,2.083001e-10
5.327000e-01,1.484482e-10
5.328000e-01,8.859635e-11
5.329000e-01,2.874448e-11
5.330000e-01,-3.110738e-11
5.331000e-01,-9.095924e-11
5.332000e-01,-1.508111e-10
5.333000e-01,-2.106630e-10
5.334000e-01,-2.705148e-10
5.335000e-01,-3.303667e-10
5.336000e-01,2.026798e-10
5.337000e-01,1.428279e-10
5.338000e-01,8.297609e-11
5.339000e-01,2.312422e-11
5.340000e-01,-3.672764e-11
5.341000e-01,-9.657950e-11
5.342000e-01,-1.564314e-10
5.343000e-01,-2.162832e-10
5.344000e-01,-2.761351e-10
5.345000e-01,-3.359870e-10
5.346000e-01,1.970595e-10
5.347000e-01,1.372077e-10
5.348000e-01,7.735582e-11
5.349000e-01,1.750396e-11
5.350000e-01,-4.234790e-11
5.351000e-01,-1.021998e-10
5.352000e-01,-1.620516e-10
5.353000e-01,-2.219035e-10
5.354000e-01,-2.817554e-10
5.355000e-01,-3.416072e-10
5.356000e-01,1.914393e-10
5.357000e-01,1.315874e-10
5.358000e-01,7.173556e-11
5.359000e-01,1.188370e-11
5.360000e-01,-4.796816e-11
5.361000e-01,-1.078200e-10
5.362000e-01,-1.676719e-10
5.363000e-01,-2.275238e-10
5.364000e-01,-2.873756e-10
5.365000e-01,-3.472275e-10
5.366000e-01,1.858190e-10
5.367000e-01,1.259672e-10
5.368000e-01,6.611530e-11
5.369000e-01,6.263439e-12
5.370000e-01,-5.358842e-11
5.371000e-01,-1.134403e-10
5.372000e-01,-1.732921e-10
5.373000e-01,-2.331440e-10
5.374000e-01,-2.929959e-10
5.375000e-01,-3.528477e-10
5.376000e-01,1.801988e-10
5.377000e-01,1.203469e-10
5.378000e-01,6.049504e-11
5.379000e-01,6.431783e-13
5.380000e-01,-5.920868e-11
5.381000e-01,-1.190605e-10
5.382000e-01,-1.789124e-10
5.383000e-01,-2.387643e-10
5.384000e-01,-2.986161e-10
5.385000e-01,-3.584680e-10
5.386000e-01,1.745785e-10
5.387000e-01,1.147266e-10
5.388000e-01,5.487478e-11
5.389000e-01,-4.977083e-12
5.390000e-01,-6.482895e-11
5.391000e-01,-1.246808e-10
5.392000e-01,-1.845327e-10
5.393000e-01,-2.443845e-10
5.394000e-01,-3.042364e-10
5.395000e-01,-3.640883e-10
5.396000e-01,1.689582e-10
5.397000e-01,1.091064e-10
5.398000e-01,4.925452e-11
5.399000e-01,-1.059734e-11
5.400000e-01,-7.044921e-11
5.401000e-01,-1.303011e-10
5.402000e-01,-1.901529e-10
5.403000e-01,-2.500048e-10
5.404000e-01,-3.098567e-10
5.405000e-01,-3.697085e-10
5.406000e-01,1.633380e-10
5.407000e-01,1.034861e-10
5.408000e-01,4.363426e-11
5.409000e-01,-1.621761e-11
5.410000e-01,-7.606947e-11
5.411000e-01,-1.359213e-10
5.412000e-01,-1.957732e-10
5.413000e-01,-2.556251e-10
5.414000e-01,-3.154769e-10
5.415000e-01,-3.753288e-10
5.416000e-01,1.577177e-10
5.417000e-01,9.786586e-11
5.418000e-01,3.801400e-11
5.419000e-01,-2.183787e-11
5.420000e-01,-8.168973e-11
5.421000e-01,-1.415416e-10
5.422000e-01,-2.013935e-10
5.423000e-01,-2.612453e-10
5.424000e-01,-3.210972e-10
5.425000e-01,-8.449986e-11
5.426000e-01,-1.443517e-10
5.427000e-01,9.224560e-11
5.428000e-01,3.239374e-11
5.429000e-01,-2.745813e-11
5.430000e-01,-8.730999e-11
5.431000e-01,-1.471619e-10
5.432000e-01,-2.070137e-10
5.433000e-01,-2.668656e-10
5.434000e-01,-3.026826e-11
5.435000e-01,-9.012012e-11
5.436000e-01,-1.499720e-10
5.437000e-01,8.662534e-11
5.438000e-01,2.677347e-11
5.439000e-01,-3.307839e-11
5.440000e-01,-9.293025e-11
5.441000e-01,-1.527821e-10
5.442000e-01,-2.126340e-10
5.443000e-01,-2.724858e-10
5.444000e-01,-3.588852e-11
5.445000e-01,-9.574038e-11
5.446000e-01,-1.555922e-10
5.447000e-01,8.100508e-11
5.448000e-01,2.115321e-11
5.449000e-01,-3.869865e-11
5.450000e-01,-9.855051e-11
5.451000e-01,-1.584024e-10
5.452000e-01,-2.182542e-10
5.453000e-01,1.834308e-11
5.454000e-01,-4.150878e-11
5.455000e-01,-1.013606e-10
5.456000e-01,-1.612125e-10
5.457000e-01,7.538481e-11
5.458000e-01,1.553295e-11
5.459000e-01,-4.431891e-11
5.460000e-01,-1.041708e-10
5.461000e-01,-1.640226e-10
5.462000e-01,-2.238745e-10
5.463000e-01,1.272282e-11
5.464000e-01,-4.712904e-11
5.465000e-01,-1.069809e-10
5.466000e-01,-1.668328e-10
5.467000e-01,6.976455e-11
5.468000e-01,9.912690e-12
5.469000e-01,-4.993917e-11
5.470000e-01,-1.097910e-10
5.471000e-01,-1.696429e-10
5.472000e-01,6.695442e-11
5.473000e-01,7.102560e-12
5.474000e-01,-5.274930e-11
5.475000e-01,-1.126012e-10
5.476000e-01,-1.724530e-10
5.477000e-01,6.414429e-11
5.478000e-01,4.292429e-12
5.479000e-01,-5.555943e-11
5.480000e-01,-1.154113e-10
5.481000e-01,-1.752632e-10
5.482000e-01,6.133416e-11
5.483000e-01,1.482299e-12
5.484000e-01,-5.836956e-11
5.485000e-01,-1.182214e-10
5.486000e-01,-1.780733e-10
5.487000e-01,5.852403e-11
5.488000e-01,-1.327832e-12
5.489000e-01,-6.117969e-11
5.490000e-01,-1.210316e-10
5.491000e-01,1.155658e-10
5.492000e-01,5.571390e-11
5.493000e-01,-4.137963e-12
5.494000e-01,-6.398983e-11
5.495000e-01,-1.238417e-10
5.496000e-01,-1.836936e-10
5.497000e-01,5.290377e-11
5.498000e-01,-6.948093e-12
5.499000e-01,-6.679996e-11
5.500000e-01,-1.266518e-10
5.501000e-01,1.099455e-10
5.502000e-01,5.009364e-11
5.503000e-01,-9.758224e-12
5.504000e-01,-6.961009e-11
5.505000e-01,-1.294619e-10
5.506000e-01,-1.893138e-10
5.507000e-01,4.728351e-11
5.508000e-01,-1.256835e-11
5.509000e-01,-7.242022e-11
5.510000e-01,1.641771e-10
5.511000e-01,1.043252e-10
5.512000e-01,4.447338e-11
5.513000e-01,-1.537848e-11
5.514000e-01,-7.523035e-11
5.515000e-01,-1.350822e-10
5.516000e-01,-1.949341e-10
5.517000e-01,4.166325e-11
5.518000e-01,-1.818862e-11
5.519000e-01,2.184087e-10
5.520000e-01,1.585568e-10
5.521000e-01,9.870498e-11
5.522000e-01,3.885312e-11
5.523000e-01,-2.099875e-11
5.524000e-01,-8.085061e-11
5.525000e-01,-1.407025e-10
5.526000e-01,-2.005543e-10
5.527000e-01,3.604299e-11
5.528000e-01,-2.380888e-11
5.529000e-01,2.127884e-10
5.530000e-01,1.529366e-10
5.531000e-01,9.308472e-11
5.532000e-01,3.323286e-11
5.533000e-01,-2.661901e-11
5.534000e-01,-8.647087e-11
5.535000e-01,-1.463227e-10
5.536000e-01,-2.061746e-10
5.537000e-01,3.042272e-11
5.538000e-01,2.670200e-10
5.539000e-01,2.071682e-10
5.540000e-01,1.473163e-10
5.541000e-01,8.746446e-11
5.542000e-01,2.761259e-11
5.543000e-01,-3.223927e-11
5.544000e-01,-9.209113e-11
5.545000e-01,-1.519430e-10
5.546000e-01,-2.117949e-10
5.547000e-01,2.480246e-11
5.548000e-01,2.613998e-10
5.549000e-01,2.015479e-10
5.550000e-01,1.416961e-10
5.551000e-01,8.184420e-11
5.552000e-01,2.199233e-11
5.553000e-01,-3.785953e-11
5.554000e-01,-9.771139e-11
5.555000e-01,-1.575633e-10
5.556000e-01,-2.174151e-10
5.557000e-01,-2.772670e-10
5.558000e-01,2.557795e-10
5.559000e-01,1.959277e-10
5.560000e-01,1.360758e-10
5.561000e-01,7.622393e-11
5.562000e-01,1.637207e-11
5.563000e-01,-4.347979e-11
5.564000e-01,-1.033317e-10
5.565000e-01,-1.631835e-10
5.566000e-01,-2.230354e-10
5.567000e-01,-2.828872e-10
5.568000e-01,2.501593e-10
5.569000e-01,1.903074e-10
5.570000e-01,1.304555e-10
5.571000e-01,7.060367e-11
5.572000e-01,1.075181e-11
5.573000e-01,-4.910005e-11
5.574000e-01,-1.089519e-10
5.575000e-01,-1.688038e-10
5.576000e-01,-2.286556e-10
5.577000e-01,-2.885075e-10
5.578000e-01,2.445390e-10
5.579000e-01,1.846871e-10
5.580000e-01,1.248353e-10
5.581000e-01,6.498341e-11
5.582000e-01,5.131550e-12
5.583000e-01,-5.472031e-11
5.584000e-01,-1.145722e-10
5.585000e-01,-1.744240e-10
5.586000e-01,-2.342759e-10
5.587000e-01,-2.941278e-10
5.588000e-01,2.389187e-10
5.589000e-01,1.790669e-10
5.590000e-01,1.192150e-10
5.591000e-01,5.936315e-11
5.592000e-01,-4.887116e-13
5.593000e-01,-6.034057e-11
5.594000e-01,-1.201924e-10
5.595000e-01,-1.800443e-10
5.596000e-01,-2.398962e-10
5.597000e-01,-2.997480e-10
5.598000e-01,2.332985e-10
5.599000e-01,1.734466e-10
5.600000e-01,1.135948e-10
5.601000e-01,5.374289e-11
5.602000e-01,-6.108973e-12
5.603000e-01,-6.596084e-11
5.604000e-01,-1.258127e-10
5.605000e-01,-1.856646e-10
5.606000e-01,-2.455164e-10
5.607000e-01,-3.053683e-10
5.608000e-01,2.276782e-10
5.609000e-01,1.678264e-10
5.610000e-01,1.079745e-10
5.611000e-01,4.812263e-11
5.612000e-01,-1.172923e-11
5.613000e-01,-7.158110e-11
5.614000e-01,-1.314330e-10
5.615000e-01,-1.912848e-10
5.616000e-01,-2.511367e-10
5.617000e-01,-3.109885e-10
5.618000e-01,2.220580e-10
5.619000e-01,1.622061e-10
5.620000e-01,1.023542e-10
5.621000e-01,4.250237e-11
5.622000e-01,-1.734950e-11
5.623000e-01,-7.720136e-11
5.624000e-01,-1.370532e-10
5.625000e-01,-1.969051e-10
5.626000e-01,-2.567569e-10
5.627000e-01,-3.166088e-10
5.628000e-01,2.164377e-10
5.629000e-01,1.565858e-10
5.630000e-01,9.673397e-11
5.631000e-01,3.688211e-11
5.632000e-01,-2.296976e-11
5.633000e-01,-8.282162e-11
5.634000e-01,-1.426735e-10
5.635000e-01,-2.025253e-10
5.636000e-01,-2.623772e-10
5.637000e-01,-3.222291e-10
5.638000e-01,2.108174e-10
5.639000e-01,1.509656e-10
5.640000e-01,9.111371e-11
5.641000e-01,3.126185e-11
5.642000e-01,-2.859002e-11
5.643000e-01,-8.844188e-11
5.644000e-01,-1.482937e-10
5.645000e-01,-2.081456e-10
5.646000e-01,-2.679975e-10
5.647000e-01,-3.278493e-10
5.648000e-01,2.051972e-10
5.649000e-01,1.453453e-10
5.650000e-01,8.549345e-11
5.651000e-01,2.564158e-11
5.652000e-01,-3.421028e-11
5.653000e-01,-9.406214e-11
5.654000e-01,-1.539140e-10
5.655000e-01,-2.137659e-10
5.656000e-01,-2.736177e-10
5.657000e-01,-3.334696e-10
5.658000e-01,1.995769e-10
5.659000e-01,1.397250e-10
5.660000e-01,7.987319e-11
5.661000e-01,2.002132e-11
5.662000e-01,-3.983054e-11
5.663000e-01,-9.968240e-11
5.664000e-01,-1.595343e-10
5.665000e-01,-2.193861e-10
5.666000e-01,-2.792380e-10
5.667000e-01,-3.390899e-10
5.668000e-01,1.939566e-10
5.669000e-01,1.341048e-10
5.670000e-01,7.425292e-11
5.671000e-01,1.440106e-11
5.672000e-01,-4.545080e-11
5.673000e-01,-1.053027e-10
5.674000e-01,-1.651545e-10
5.675000e-01,-2.250064e-10
5.676000e-01,-2.848583e-10
5.677000e-01,-3.447101e-10
5.678000e-01,1.883364e-10
5.679000e-01,1.284845e-10
5.680000e-01,6.863266e-11
5.681000e-01,8.780800e-12
5.682000e-01,-5.107106e-11
5.683000e-01,-1.109229e-10
5.684000e-01,-1.707748e-10
5.685000e-01,-2.306267e-10
5.686000e-01,-2.904785e-10
5.687000e-01,-3.503304e-10
5.688000e-01,-4.101822e-10
5.689000e-01,1.228643e-10
5.690000e-01,6.301240e-11
5.691000e-01,3.160539e-12
5.692000e-01,-5.669132e-11
5.693000e-01,-1.165432e-10
5.694000e-01,-1.763950e-10
5.695000e-01,-2.362469e-10
5.696000e-01,-2.960988e-10
5.697000e-01,-3.559506e-10
5.698000e-01,-4.158025e-10
5.699000e-01,1.172440e-10
5.700000e-01,5.739214e-11
5.701000e-01,-2.459722e-12
5.702000e-01,-6.231158e-11
5.703000e-01,-1.221634e-10
5.704000e-01,-1.820153e-10
5.705000e-01,-2.418672e-10
5.706000e-01,-3.017190e-10
5.707000e-01,-3.615709e-10
5.708000e-01,-1.249736e-10
5.709000e-01,1.116237e-10
5.710000e-01,5.177188e-11
5.711000e-01,-8.079983e-12
5.712000e-01,-6.793185e-11
5.713000e-01,-1.277837e-10
5.714000e-01,-1.876356e-10
5.715000e-01,-2.474874e-10
5.716000e-01,-3.073393e-10
5.717000e-01,-7.074198e-11
5.718000e-01,-1.305938e-10
5.719000e-01,1.060035e-10
5.720000e-01,4.615162e-11
5.721000e-01,-1.370024e-11
5.722000e-01,-7.355211e-11
5.723000e-01,-1.334040e-10
5.724000e-01,-1.932558e-10
5.725000e-01,-2.531077e-10
5.726000e-01,-3.129596e-10
5.727000e-01,-7.636224e-11
5.728000e-01,-1.362141e-10
5.729000e-01,1.003832e-10
5.730000e-01,4.053136e-11
5.731000e-01,-1.932051e-11
5.732000e-01,-7.917237e-11
5.733000e-01,-1.390242e-10
5.734000e-01,-1.988761e-10
5.735000e-01,-2.587280e-10
5.736000e-01,-2.213064e-11
5.737000e-01,-8.198250e-11
5.738000e-01,-1.418344e-10
5.739000e-01,9.476296e-11
5.740000e-01,3.491110e-11
5.741000e-01,-2.494077e-11
5.742000e-01,-8.479263e-11
5.743000e-01,-1.446445e-10
5.744000e-01,-2.044964e-10
5.745000e-01,-2.643482e-10
5.746000e-01,-2.775090e-11
5.747000e-01,-8.760276e-11
5.748000e-01,-1.474546e-10
5.749000e-01,8.914270e-11
5.750000e-01,2.929083e-11
5.751000e-01,-3.056103e-11
5.752000e-01,-9.041289e-11
5.753000e-01,-1.502648e-10
5.754000e-01,-2.101166e-10
5.755000e-01,2.648070e-11
5.756000e-01,-3.337116e-11
5.757000e-01,-9.322302e-11
5.758000e-01,-1.530749e-10
5.759000e-01,8.352244e-11
5.760000e-01,2.367057e-11
5.761000e-01,-3.618129e-11
5.762000e-01,-9.603315e-11
5.763000e-01,-1.558850e-10
5.764000e-01,-2.157369e-10
5.765000e-01,2.086044e-11
5.766000e-01,-3.899142e-11
5.767000e-01,-9.884328e-11
5.768000e-01,-1.586951e-10
5.769000e-01,7.790218e-11
5.770000e-01,1.805031e-11
5.771000e-01,-4.180155e-11
5.772000e-01,-1.016534e-10
5.773000e-01,-1.615053e-10
5.774000e-01,7.509204e-11
5.775000e-01,1.524018e-11
5.776000e-01,-4.461168e-11
5.777000e-01,-1.044635e-10
5.778000e-01,-1.643154e-10
5.779000e-01,7.228191e-11
5.780000e-01,1.243005e-11
5.781000e-01,-4.742181e-11
5.782000e-01,-1.072737e-10
5.783000e-01,-1.671255e-10
5.784000e-01,6.947178e-11
5.785000e-01,9.619921e-12
5.786000e-01,-5.023194e-11
5.787000e-01,-1.100838e-10
5.788000e-01,-1.699357e-10
5.789000e-01,6.666165e-11
5.790000e-01,6.809790e-12
5.791000e-01,-5.304207e-11
5.792000e-01,-1.128939e-10
5.793000e-01,1.237034e-10
5.794000e-01,6.385152e-11
5.795000e-01,3.999660e-12
5.796000e-01,-5.585220e-11
5.797000e-01,-1.157041e-10
5.798000e-01,-1.755559e-10
5.799000e-01,6.104139e-11
5.800000e-01,1.189529e-12
5.801000e-01,-5.866233e-11
5.802000e-01,1.779350e-10
5.803000e-01,1.180831e-10
5.804000e-01,5.823126e-11
5.805000e-01,-1.620602e-12
5.806000e-01,-6.147246e-11
5.807000e-01,-1.213243e-10
5.808000e-01,-1.811762e-10
5.809000e-01,5.542113e-11
5.810000e-01,-4.430732e-12
5.811000e-01,-6.428259e-11
5.812000e-01,1.723147e-10
5.813000e-01,1.124629e-10
5.814000e-01,5.261100e-11
5.815000e-01,-7.240863e-12
5.816000e-01,-6.709273e-11
5.817000e-01,-1.269446e-10
5.818000e-01,-1.867965e-10
5.819000e-01,-2.466483e-10
5.820000e-01,-1.005099e-11
5.821000e-01,2.265463e-10
5.822000e-01,1.666945e-10
5.823000e-01,1.068426e-10
5.824000e-01,4.699074e-11
5.825000e-01,-1.286112e-11
5.826000e-01,-7.271299e-11
5.827000e-01,-1.325648e-10
5.828000e-01,-1.924167e-10
5.829000e-01,-2.522686e-10
5.830000e-01,-1.567125e-11
5.831000e-01,2.209261e-10
5.832000e-01,1.610742e-10
5.833000e-01,1.012223e-10
5.834000e-01,4.137048e-11
5.835000e-01,-1.848139e-11
5.836000e-01,-7.833325e-11
5.837000e-01,-1.381851e-10
5.838000e-01,-1.980370e-10
5.839000e-01,-2.578888e-10
5.840000e-01,2.751577e-10
5.841000e-01,2.153058e-10
5.842000e-01,1.554539e-10
5.843000e-01,9.560208e-11
5.844000e-01,3.575022e-11
5.845000e-01,-2.410165e-11
5.846000e-01,-8.395351e-11
5.847000e-01,-1.438054e-10
5.848000e-01,-2.036572e-10
5.849000e-01,-2.635091e-10
5.850000e-01,2.695374e-10
5.851000e-01,2.096855e-10
5.852000e-01,1.498337e-10
5.853000e-01,8.998182e-11
5.854000e-01,3.012996e-11
5.855000e-01,-2.972191e-11
5.856000e-01,-8.957377e-11
5.857000e-01,-1.494256e-10
5.858000e-01,-2.092775e-10
5.859000e-01,-2.691294e-10
5.860000e-01,2.639171e-10
5.861000e-01,2.040653e-10
5.862000e-01,1.442134e-10
5.863000e-01,8.436156e-11
5.864000e-01,2.450969e-11
5.865000e-01,-3.534217e-11
5.866000e-01,-9.519403e-11
5.867000e-01,-1.550459e-10
5.868000e-01,-2.148978e-10
5.869000e-01,-2.747496e-10
5.870000e-01,2.582969e-10
5.871000e-01,1.984450e-10
5.872000e-01,1.385932e-10
5.873000e-01,7.874130e-11
5.874000e-01,1.888943e-11
5.875000e-01,-4.096243e-11
5.876000e-01,-1.008143e-10
5.877000e-01,-1.606662e-10
5.878000e-01,-2.205180e-10
5.879000e-01,-2.803699e-10
5.880000e-01,2.526766e-10
5.881000e-01,1.928248e-10
5.882000e-01,1.329729e-10
5.883000e-01,7.312103e-11
5.884000e-01,1.326917e-11
5.885000e-01,-4.658269e-11
5.886000e-01,-1.064346e-10
5.887000e-01,-1.662864e-10
5.888000e-01,-2.261383e-10
5.889000e-01,-2.859901e-10
5.890000e-01,2.470564e-10
5.891000e-01,1.872045e-10
5.892000e-01,1.273526e-10
5.893000e-01,6.750077e-11
5.894000e-01,7.648911e-12
5.895000e-01,-5.220295e-11
5.896000e-01,-1.120548e-10
5.897000e-01,-1.719067e-10
5.898000e-01,-2.317585e-10
5.899000e-01,-2.916104e-10
5.900000e-01,2.414361e-10
5.901000e-01,1.815842e-10
5.902000e-01,1.217324e-10
5.903000e-01,6.188051e-11
5.904000e-01,2.028649e-12
5.905000e-01,-5.782321e-11
5.906000e-01,-1.176751e-10
5.907000e-01,-1.775269e-10
5.908000e-01,-2.373788e-10
5.909000e-01,-2.972307e-10
5.910000e-01,2.358158e-10
5.911000e-01,1.759640e-10
5.912000e-01,1.161121e-10
5.913000e-01,5.626025e-11
5.914000e-01,-3.591612e-12
5.915000e-01,-6.344347e-11
5.916000e-01,-1.232953e-10
5.917000e-01,-1.831472e-10
5.918000e-01,-2.429991e-10
5.919000e-01,-3.028509e-10
5.920000e-01,2.301956e-10
5.921000e-01,1.703437e-10
5.922000e-01,1.104919e-10
5.923000e-01,5.063999e-11
5.924000e-01,-9.211873e-12
5.925000e-01,-6.906374e-11
5.926000e-01,-1.289156e-10
5.927000e-01,-1.887675e-10
5.928000e-01,-2.486193e-10
5.929000e-01,-3.084712e-10
5.930000e-01,2.245753e-10
5.931000e-01,1.647235e-10
5.932000e-01,1.048716e-10
5.933000e-01,4.501973e-11
5.934000e-01,-1.483213e-11
5.935000e-01,-7.468400e-11
5.936000e-01,-1.345359e-10
5.937000e-01,-1.943877e-10
5.938000e-01,-2.542396e-10
5.939000e-01,-3.140914e-10
5.940000e-01,2.189551e-10
5.941000e-01,1.591032e-10
5.942000e-01,9.925133e-11
5.943000e-01,3.939947e-11
5.944000e-01,-2.045240e-11
5.945000e-01,-8.030426e-11
5.946000e-01,-1.401561e-10
5.947000e-01,-2.000080e-10
5.948000e-01,-2.598598e-10
5.949000e-01,-3.197117e-10
5.950000e-01,-3.795636e-10
5.951000e-01,1.534829e-10
5.952000e-01,9.363107e-11
5.953000e-01,3.377921e-11
5.954000e-01,-2.607266e-11
5.955000e-01,-8.592452e-11
5.956000e-01,-1.457764e-10
5.957000e-01,-2.056282e-10
5.958000e-01,-2.654801e-10
5.959000e-01,-3.253320e-10
5.960000e-01,-3.851838e-10
5.961000e-01,1.478627e-10
5.962000e-01,8.801081e-11
5.963000e-01,2.815894e-11
5.964000e-01,-3.169292e-11
5.965000e-01,-9.154478e-11
5.966000e-01,-1.513966e-10
5.967000e-01,-2.112485e-10
5.968000e-01,-2.711004e-10
5.969000e-01,-3.309522e-10
5.970000e-01,-3.908041e-10
5.971000e-01,1.422424e-10
5.972000e-01,8.239055e-11
5.973000e-01,2.253868e-11
5.974000e-01,-3.731318e-11
5.975000e-01,-9.716504e-11
5.976000e-01,-1.570169e-10
5.977000e-01,-2.168688e-10
5.978000e-01,-2.767206e-10
5.979000e-01,-3.365725e-10
5.980000e-01,-3.964244e-10
5.981000e-01,1.366221e-10
5.982000e-01,7.677029e-11
5.983000e-01,1.691842e-11
5.984000e-01,-4.293344e-11
5.985000e-01,-1.027853e-10
5.986000e-01,-1.626372e-10
5.987000e-01,-2.224890e-10
5.988000e-01,-2.823409e-10
5.989000e-01,-3.421928e-10
5.990000e-01,-4.020446e-10
5.991000e-01,1.310019e-10
5.992000e-01,7.115002e-11
5.993000e-01,1.129816e-11
5.994000e-01,-4.855370e-11
5.995000e-01,-1.084056e-10
5.996000e-01,-1.682574e-10
5.997000e-01,-2.281093e-10
5.998000e-01,-2.879612e-10
5.999000e-01,-3.478130e-10
6.000000e-01,-1.112157e-10
6.001000e-01,1.253816e-10
6.002000e-01,6.552976e-11
6.003000e-01,5.677900e-12
6.004000e-01,-5.417396e-11
6.005000e-01,-1.140258e-10
6.006000e-01,-1.738777e-10
6.007000e-01,-2.337296e-10
6.008000e-01,-2.935814e-10
6.009000e-01,-3.534333e-10
6.010000e-01,-1.168360e-10
6.011000e-01,1.197614e-10
6.012000e-01,5.990950e-11
6.013000e-01,5.763913e-14
6.014000e-01,-5.979422e-11
6.015000e-01,-1.196461e-10
6.016000e-01,-1.794979e-10
6.017000e-01,-2.393498e-10
6.018000e-01,-2.992017e-10
6.019000e-01,-6.260435e-11
6.020000e-01,-1.224562e-10
6.021000e-01,1.141411e-10
6.022000e-01,5.428924e-11
6.023000e-01,-5.562622e-12
6.024000e-01,-6.541448e-11
6.025000e-01,-1.252663e-10
6.026000e-01,-1.851182e-10
6.027000e-01,-2.449701e-10
6.028000e-01,-3.048219e-10
6.029000e-01,-6.822462e-11
6.030000e-01,-1.280765e-10
6.031000e-01,1.085208e-10
6.032000e-01,4.866898e-11
6.033000e-01,-1.118288e-11
6.034000e-01,-7.103475e-11
6.035000e-01,-1.308866e-10
6.036000e-01,-1.907385e-10
6.037000e-01,-2.505903e-10
6.038000e-01,-1.399301e-11
6.039000e-01,-7.384488e-11
6.040000e-01,-1.336967e-10
6.041000e-01,1.029006e-10
6.042000e-01,4.304872e-11
6.043000e-01,-1.680314e-11
6.044000e-01,-7.665501e-11
6.045000e-01,-1.365069e-10
6.046000e-01,-1.963587e-10
6.047000e-01,-2.562106e-10
6.048000e-01,-1.961327e-11
6.049000e-01,-7.946514e-11
6.050000e-01,-1.393170e-10
6.051000e-01,9.728032e-11
6.052000e-01,3.742846e-11
6.053000e-01,-2.242341e-11
6.054000e-01,-8.227527e-11
6.055000e-01,-1.421271e-10
6.056000e-01,-2.019790e-10
6.057000e-01,3.461833e-11
6.058000e-01,-2.523354e-11
6.059000e-01,-8.508540e-11
6.060000e-01,-1.449373e-10
6.061000e-01,9.166006e-11
6.062000e-01,3.180820e-11
6.063000e-01,-2.804367e-11
6.064000e-01,-8.789553e-11
6.065000e-01,-1.477474e-10
6.066000e-01,-2.075993e-10
6.067000e-01,2.899807e-11
6.068000e-01,-3.085380e-11
6.069000e-01,-9.070566e-11
6.070000e-01,-1.505575e-10
6.071000e-01,8.603980e-11
6.072000e-01,2.618793e-11
6.073000e-01,-3.366393e-11
6.074000e-01,-9.351579e-11
6.075000e-01,-1.533677e-10
6.076000e-01,8.322967e-11
6.077000e-01,2.337780e-11
6.078000e-01,-3.647406e-11
6.079000e-01,-9.632592e-11
6.080000e-01,-1.561778e-10
6.081000e-01,-2.160296e-10
6.082000e-01,2.056767e-11
6.083000e-01,-3.928419e-11
6.084000e-01,-9.913605e-11
6.085000e-01,1.374613e-10
6.086000e-01,7.760941e-11
6.087000e-01,1.775754e-11
6.088000e-01,-4.209432e-11
6.089000e-01,-1.019462e-10
6.090000e-01,-1.617980e-10
6.091000e-01,-2.216499e-10
6.092000e-01,1.494741e-11
6.093000e-01,-4.490445e-11
6.094000e-01,-1.047563e-10
6.095000e-01,1.318410e-10
6.096000e-01,7.198914e-11
6.097000e-01,1.213728e-11
6.098000e-01,-4.771458e-11
6.099000e-01,-1.075664e-10
6.100000e-01,-1.674183e-10
6.101000e-01,-2.272702e-10
6.102000e-01,9.327151e-12
6.103000e-01,-5.052471e-11
6.104000e-01,1.860726e-10
6.105000e-01,1.262207e-10
6.106000e-01,6.636888e-11
6.107000e-01,6.517021e-12
6.108000e-01,-5.333484e-11
6.109000e-01,-1.131867e-10
6.110000e-01,-1.730386e-10
6.111000e-01,-2.328904e-10
6.112000e-01,3.706890e-12
6.113000e-01,-5.614497e-11
6.114000e-01,1.804523e-10
6.115000e-01,1.206005e-10
6.116000e-01,6.074862e-11
6.117000e-01,8.967595e-13
6.118000e-01,-5.895510e-11
6.119000e-01,-1.188070e-10
6.120000e-01,-1.786588e-10
6.121000e-01,-2.385107e-10
6.122000e-01,-1.913371e-12
6.123000e-01,2.346839e-10
6.124000e-01,1.748321e-10
6.125000e-01,1.149802e-10
6.126000e-01,5.512836e-11
6.127000e-01,-4.723502e-12
6.128000e-01,-6.457536e-11
6.129000e-01,-1.244272e-10
6.130000e-01,-1.842791e-10
6.131000e-01,-2.441310e-10
6.132000e-01,-7.533632e-12
6.133000e-01,2.290637e-10
6.134000e-01,1.692118e-10
6.135000e-01,1.093600e-10
6.136000e-01,4.950810e-11
6.137000e-01,-1.034376e-11
6.138000e-01,-7.019563e-11
6.139000e-01,-1.300475e-10
6.140000e-01,-1.898994e-10
6.141000e-01,-2.497512e-10
6.142000e-01,2.832953e-10
6.143000e-01,2.234434e-10
6.144000e-01,1.635916e-10
6.145000e-01,1.037397e-10
6.146000e-01,4.388784e-11
6.147000e-01,-1.596402e-11
6.148000e-01,-7.581589e-11
6.149000e-01,-1.356677e-10
6.150000e-01,-1.955196e-10
6.151000e-01,-2.553715e-10
6.152000e-01,2.776750e-10
6.153000e-01,2.178232e-10
6.154000e-01,1.579713e-10
6.155000e-01,9.811944e-11
6.156000e-01,3.826758e-11
6.157000e-01,-2.158429e-11
6.158000e-01,-8.143615e-11
6.159000e-01,-1.412880e-10
6.160000e-01,-2.011399e-10
6.161000e-01,-2.609917e-10
6.162000e-01,2.720548e-10
6.163000e-01,2.122029e-10
6.164000e-01,1.523510e-10
6.165000e-01,9.249918e-11
6.166000e-01,3.264732e-11
6.167000e-01,-2.720455e-11
6.168000e-01,-8.705641e-11
6.169000e-01,-1.469083e-10
6.170000e-01,-2.067601e-10
6.171000e-01,-2.666120e-10
6.172000e-01,2.664345e-10
6.173000e-01,2.065826e-10
6.174000e-01,1.467308e-10
6.175000e-01,8.687892e-11
6.176000e-01,2.702706e-11
6.177000e-01,-3.282481e-11
6.178000e-01,-9.267667e-11
6.179000e-01,-1.525285e-10
6.180000e-01,-2.123804e-10
6.181000e-01,-2.722323e-10
6.182000e-01,2.608142e-10
6.183000e-01,2.009624e-10
6.184000e-01,1.411105e-10
6.185000e-01,8.125866e-11
6.186000e-01,2.140679e-11
6.187000e-01,-3.844507e-11
6.188000e-01,-9.829693e-11
6.189000e-01,-1.581488e-10
6.190000e-01,-2.180007e-10
6.191000e-01,-2.778525e-10
6.192000e-01,2.551940e-10
6.193000e-01,1.953421e-10
6.194000e-01,1.354903e-10
6.195000e-01,7.563840e-11
6.196000e-01,1.578653e-11
6.197000e-01,-4.406533e-11
6.198000e-01,-1.039172e-10
6.199000e-01,-1.637691e-10
6.200000e-01,-2.236209e-10
6.201000e-01,-2.834728e-10
6.202000e-01,2.495737e-10
6.203000e-01,1.897219e-10
6.204000e-01,1.298700e-10
6.205000e-01,7.001813e-11
6.206000e-01,1.016627e-11
6.207000e-01,-4.968559e-11
6.208000e-01,-1.095375e-10
6.209000e-01,-1.693893e-10
6.210000e-01,-2.292412e-10
6.211000e-01,-2.890930e-10
6.212000e-01,-3.489449e-10
6.213000e-01,1.841016e-10
6.214000e-01,1.242497e-10
6.215000e-01,6.439787e-11
6.216000e-01,4.546010e-12
6.217000e-01,-5.530585e-11
6.218000e-01,-1.151577e-10
6.219000e-01,-1.750096e-10
6.220000e-01,-2.348614e-10
6.221000e-01,-2.947133e-10
6.222000e-01,-3.545652e-10
6.223000e-01,1.784813e-10
6.224000e-01,1.186295e-10
6.225000e-01,5.877761e-11
6.226000e-01,-1.074251e-12
6.227000e-01,-6.092611e-11
6.228000e-01,-1.207780e-10
6.229000e-01,-1.806298e-10
6.230000e-01,-2.404817e-10
6.231000e-01,-3.003336e-10
6.232000e-01,-3.601854e-10
6.233000e-01,1.728611e-10
6.234000e-01,1.130092e-10
6.235000e-01,5.315735e-11
6.236000e-01,-6.694512e-12
6.237000e-01,-6.654637e-11
6.238000e-01,-1.263982e-10
6.239000e-01,-1.862501e-10
6.240000e-01,-2.461020e-10
6.241000e-01,-3.059538e-10
6.242000e-01,-3.658057e-10
6.243000e-01,1.672408e-10
6.244000e-01,1.073890e-10
6.245000e-01,4.753709e-11
6.246000e-01,-1.231477e-11
6.247000e-01,-7.216664e-11
6.248000e-01,-1.320185e-10
6.249000e-01,-1.918704e-10
6.250000e-01,-2.517222e-10
6.251000e-01,-3.115741e-10
6.252000e-01,-3.714259e-10
6.253000e-01,1.616206e-10
6.254000e-01,1.017687e-10
6.255000e-01,4.191683e-11
6.256000e-01,-1.793503e-11
6.257000e-01,-7.778690e-11
6.258000e-01,-1.376388e-10
6.259000e-01,-1.974906e-10
6.260000e-01,-2.573425e-10
6.261000e-01,-3.171943e-10
6.262000e-01,-3.770462e-10
6.263000e-01,1.560003e-10
6.264000e-01,9.614843e-11
6.265000e-01,3.629657e-11
6.266000e-01,-2.355530e-11
6.267000e-01,-8.340716e-11
6.268000e-01,-1.432590e-10
6.269000e-01,-2.031109e-10
6.270000e-01,-2.629627e-10
6.271000e-01,-3.228146e-10
6.272000e-01,-3.826665e-10
6.273000e-01,1.503800e-10
6.274000e-01,9.052817e-11
6.275000e-01,3.067631e-11
6.276000e-01,-2.917556e-11
6.277000e-01,-8.902742e-11
6.278000e-01,-1.488793e-10
6.279000e-01,-2.087311e-10
6.280000e-01,-2.685830e-10
6.281000e-01,-3.284349e-10
6.282000e-01,-3.882867e-10
6.283000e-01,1.447598e-10
6.284000e-01,8.490791e-11
6.285000e-01,2.505604e-11
6.286000e-01,-3.479582e-11
6.287000e-01,-9.464768e-11
6.288000e-01,-1.544995e-10
6.289000e-01,-2.143514e-10
6.290000e-01,-2.742033e-10
6.291000e-01,-3.340551e-10
6.292000e-01,-3.939070e-10
6.293000e-01,1.391395e-10
6.294000e-01,7.928765e-11
6.295000e-01,1.943578e-11
6.296000e-01,-4.041608e-11
6.297000e-01,-1.002679e-10
6.298000e-01,-1.601198e-10
6.299000e-01,-2.199717e-10
6.300000e-01,-2.798235e-10
6.301000e-01,-3.396754e-10
6.302000e-01,-1.030781e-10
6.303000e-01,1.335192e-10
6.304000e-01,7.366739e-11
6.305000e-01,1.381552e-11
6.306000e-01,-4.603634e-11
6.307000e-01,-1.058882e-10
6.308000e-01,-1.657401e-10
6.309000e-01,-2.255919e-10
6.310000e-01,-2.854438e-10
6.311000e-01,-3.452957e-10
6.312000e-01,-1.086983e-10
6.313000e-01,1.278990e-10
6.314000e-01,6.804712e-11
6.315000e-01,8.195261e-12
6.316000e-01,-5.165660e-11
6.317000e-01,-1.115085e-10
6.318000e-01,-1.713603e-10
6.319000e-01,-2.312122e-10
6.320000e-01,-2.910641e-10
6.321000e-01,-5.446673e-11
6.322000e-01,-1.143186e-10
6.323000e-01,1.222787e-10
6.324000e-01,6.242686e-11
6.325000e-01,2.575000e-12
6.326000e-01,-5.727686e-11
6.327000e-01,-1.171287e-10
6.328000e-01,-1.769806e-10
6.329000e-01,-2.368325e-10
6.330000e-01,-2.966843e-10
6.331000e-01,-6.008699e-11
6.332000e-01,-1.199389e-10
6.333000e-01,1.166585e-10
6.334000e-01,5.680660e-11
6.335000e-01,-3.045261e-12
6.336000e-01,-6.289712e-11
6.337000e-01,-1.227490e-10
6.338000e-01,-1.826008e-10
6.339000e-01,-2.424527e-10
6.340000e-01,-5.855392e-12
6.341000e-01,-6.570725e-11
6.342000e-01,-1.255591e-10
6.343000e-01,-1.854110e-10
6.344000e-01,5.118634e-11
6.345000e-01,-8.665522e-12
6.346000e-01,-6.851738e-11
6.347000e-01,-1.283692e-10
6.348000e-01,-1.882211e-10
6.349000e-01,-2.480730e-10
6.350000e-01,-1.147565e-11
6.351000e-01,-7.132752e-11
6.352000e-01,-1.311794e-10
6.353000e-01,-1.910312e-10
6.354000e-01,4.556608e-11
6.355000e-01,-1.428578e-11
6.356000e-01,-7.413765e-11
6.357000e-01,-1.339895e-10
6.358000e-01,-1.938414e-10
6.359000e-01,4.275595e-11
6.360000e-01,-1.709591e-11
6.361000e-01,-7.694778e-11
6.362000e-01,-1.367996e-10
6.363000e-01,-1.966515e-10
6.364000e-01,3.994582e-11
6.365000e-01,-1.990604e-11
6.366000e-01,-7.975791e-11
6.367000e-01,-1.396098e-10
6.368000e-01,9.698755e-11
6.369000e-01,3.713569e-11
6.370000e-01,-2.271618e-11
6.371000e-01,-8.256804e-11
6.372000e-01,-1.424199e-10
6.373000e-01,-2.022718e-10
6.374000e-01,3.432556e-11
6.375000e-01,-2.552631e-11
6.376000e-01,-8.537817e-11
6.377000e-01,-1.452300e-10
6.378000e-01,9.136729e-11
6.379000e-01,3.151543e-11
6.380000e-01,-2.833644e-11
6.381000e-01,-8.818830e-11
6.382000e-01,-1.480402e-10
6.383000e-01,-2.078920e-10
6.384000e-01,2.870530e-11
6.385000e-01,-3.114657e-11
6.386000e-01,-9.099843e-11
6.387000e-01,1.455989e-10
6.388000e-01,8.574703e-11
6.389000e-01,2.589517e-11
6.390000e-01,-3.395670e-11
6.391000e-01,-9.380856e-11
6.392000e-01,-1.536604e-10
6.393000e-01,-2.135123e-10
6.394000e-01,2.308503e-11
6.395000e-01,-3.676683e-11
6.396000e-01,-9.661869e-11
6.397000e-01,1.399786e-10
6.398000e-01,8.012677e-11
6.399000e-01,2.027490e-11
6.400000e-01,-3.957696e-11
6.401000e-01,-9.942882e-11
6.402000e-01,-1.592807e-10
6.403000e-01,-2.191325e-10
6.404000e-01,1.746477e-11
6.405000e-01,-4.238709e-11
6.406000e-01,1.942102e-10
6.407000e-01,1.343584e-10
6.408000e-01,7.450651e-11
6.409000e-01,1.465464e-11
6.410000e-01,-4.519722e-11
6.411000e-01,-1.050491e-10
6.412000e-01,-1.649009e-10
6.413000e-01,-2.247528e-10
6.414000e-01,1.184451e-11
6.415000e-01,-4.800735e-11
6.416000e-01,1.885900e-10
6.417000e-01,1.287381e-10
6.418000e-01,6.888624e-11
6.419000e-01,9.034382e-12
6.420000e-01,-5.081748e-11
6.421000e-01,-1.106693e-10
6.422000e-01,-1.705212e-10
6.423000e-01,-2.303731e-10
6.424000e-01,6.224251e-12
6.425000e-01,2.428216e-10
6.426000e-01,1.829697e-10
6.427000e-01,1.231178e-10
6.428000e-01,6.326598e-11
6.429000e-01,3.414120e-12
6.430000e-01,-5.643774e-11
6.431000e-01,-1.162896e-10
6.432000e-01,-1.761415e-10
6.433000e-01,-2.359933e-10
6.434000e-01,2.970532e-10
6.435000e-01,2.372013e-10
6.436000e-01,1.773494e-10
6.437000e-01,1.174976e-10
6.438000e-01,5.764572e-11
6.439000e-01,-2.206141e-12
6.440000e-01,-6.205800e-11
6.441000e-01,-1.219099e-10
6.442000e-01,-1.817617e-10
6.443000e-01,-2.416136e-10
6.444000e-01,2.914329e-10
6.445000e-01,2.315810e-10
6.446000e-01,1.717292e-10
6.447000e-01,1.118773e-10
6.448000e-01,5.202546e-11
6.449000e-01,-7.826402e-12
6.450000e-01,-6.767826e-11
6.451000e-01,-1.275301e-10
6.452000e-01,-1.873820e-10
6.453000e-01,-2.472339e-10
6.454000e-01,2.858127e-10
6.455000e-01,2.259608e-10
6.456000e-01,1.661089e-10
6.457000e-01,1.062571e-10
6.458000e-01,4.640520e-11
6.459000e-01,-1.344666e-11
6.460000e-01,-7.329853e-11
6.461000e-01,-1.331504e-10
6.462000e-01,-1.930023e-10
6.463000e-01,-2.528541e-10
6.464000e-01,2.801924e-10
6.465000e-01,2.203405e-10
6.466000e-01,1.604887e-10
6.467000e-01,1.006368e-10
6.468000e-01,4.078494e-11
6.469000e-01,-1.906692e-11
6.470000e-01,-7.891879e-11
6.471000e-01,-1.387706e-10
6.472000e-01,-1.986225e-10
6.473000e-01,-2.584744e-10
6.474000e-01,2.745721e-10
6.475000e-01,2.147203e-10
6.476000e-01,1.548684e-10
6.477000e-01,9.501654e-11
6.478000e-01,3.516468e-11
6.479000e-01,-2.468719e-11
6.480000e-01,-8.453905e-11
6.481000e-01,-1.443909e-10
6.482000e-01,-2.042428e-10
6.483000e-01,-2.640946e-10
6.484000e-01,-3.239465e-10
6.485000e-01,2.091000e-10
6.486000e-01,1.492481e-10
6.487000e-01,8.939628e-11
6.488000e-01,2.954442e-11
6.489000e-01,-3.030745e-11
6.490000e-01,-9.015931e-11
6.491000e-01,-1.500112e-10
6.492000e-01,-2.098630e-10
6.493000e-01,-2.697149e-10
6.494000e-01,-3.295668e-10
6.495000e-01,2.034797e-10
6.496000e-01,1.436279e-10
6.497000e-01,8.377602e-11
6.498000e-01,2.392415e-11
6.499000e-01,-3.592771e-11
6.500000e-01,-9.577957e-11
6.501000e-01,-1.556314e-10
6.502000e-01,-2.154833e-10
6.503000e-01,-2.753352e-10
6.504000e-01,-3.351870e-10
6.505000e-01,1.978595e-10
6.506000e-01,1.380076e-10
6.507000e-01,7.815576e-11
6.508000e-01,1.830389e-11
6.509000e-01,-4.154797e-11
6.510000e-01,-1.013998e-10
6.511000e-01,-1.612517e-10
6.512000e-01,-2.211036e-10
6.513000e-01,-2.809554e-10
6.514000e-01,-3.408073e-10
6.515000e-01,1.922392e-10
6.516000e-01,1.323874e-10
6.517000e-01,7.253550e-11
6.518000e-01,1.268363e-11
6.519000e-01,-4.716823e-11
6.520000e-01,-1.070201e-10
6.521000e-01,-1.668720e-10
6.522000e-01,-2.267238e-10
6.523000e-01,-2.865757e-10
6.524000e-01,-3.464275e-10
6.525000e-01,1.866190e-10
6.526000e-01,1.267671e-10
6.527000e-01,6.691523e-11
6.528000e-01,7.063371e-12
6.529000e-01,-5.278849e-11
6.530000e-01,-1.126404e-10
6.531000e-01,-1.724922e-10
6.532000e-01,-2.323441e-10
6.533000e-01,-2.921959e-10
6.534000e-01,-3.520478e-10
6.535000e-01,1.809987e-10
6.536000e-01,1.211468e-10
6.537000e-01,6.129497e-11
6.538000e-01,1.443110e-12
6.539000e-01,-5.840875e-11
6.540000e-01,-1.182606e-10
6.541000e-01,-1.781125e-10
6.542000e-01,-2.379643e-10
6.543000e-01,-2.978162e-10
6.544000e-01,-3.576681e-10
6.545000e-01,1.753784e-10
6.546000e-01,1.155266e-10
6.547000e-01,5.567471e-11
6.548000e-01,-4.177151e-12
6.549000e-01,-6.402901e-11
6.550000e-01,-1.238809e-10
6.551000e-01,-1.837327e-10
6.552000e-01,-2.435846e-10
6.553000e-01,-3.034365e-10
6.554000e-01,-3.632883e-10
6.555000e-01,1.697582e-10
6.556000e-01,1.099063e-10
6.557000e-01,5.005445e-11
6.558000e-01,-9.797412e-12
6.559000e-01,-6.964927e-11
6.560000e-01,-1.295011e-10
6.561000e-01,-1.893530e-10
6.562000e-01,-2.492049e-10
6.563000e-01,-3.090567e-10
6.564000e-01,-3.689086e-10
6.565000e-01,1.641379e-10
6.566000e-01,1.042861e-10
6.567000e-01,4.443419e-11
6.568000e-01,-1.541767e-11
6.569000e-01,-7.526954e-11
6.570000e-01,-1.351214e-10
6.571000e-01,-1.949733e-10
6.572000e-01,-2.548251e-10
6.573000e-01,-3.146770e-10
6.574000e-01,-3.745288e-10
6.575000e-01,1.585177e-10
6.576000e-01,9.866579e-11
6.577000e-01,3.881393e-11
6.578000e-01,-2.103793e-11
6.579000e-01,-8.088980e-11
6.580000e-01,-1.407417e-10
6.581000e-01,-2.005935e-10
6.582000e-01,-2.604454e-10
6.583000e-01,-3.202972e-10
6.584000e-01,-3.801491e-10
6.585000e-01,1.528974e-10
6.586000e-01,9.304553e-11
6.587000e-01,3.319367e-11
6.588000e-01,-2.665820e-11
6.589000e-01,-8.651006e-11
6.590000e-01,-1.463619e-10
6.591000e-01,-2.062138e-10
6.592000e-01,-2.660656e-10
6.593000e-01,-3.259175e-10
6.594000e-01,-3.857694e-10
6.595000e-01,1.472771e-10
6.596000e-01,8.742527e-11
6.597000e-01,2.757341e-11
6.598000e-01,-3.227846e-11
6.599000e-01,-9.213032e-11
6.600000e-01,-1.519822e-10
6.601000e-01,-2.118340e-10
6.602000e-01,-2.716859e-10
6.603000e-01,-3.315378e-10
6.604000e-01,-9.494045e-11
6.605000e-01,1.416569e-10
6.606000e-01,8.180501e-11
6.607000e-01,2.195314e-11
6.608000e-01,-3.789872e-11
6.609000e-01,-9.775058e-11
6.610000e-01,-1.576024e-10
6.611000e-01,-2.174543e-10
6.612000e-01,-2.773062e-10
6.613000e-01,-3.371580e-10
6.614000e-01,-1.005607e-10
6.615000e-01,-1.604126e-10
6.616000e-01,7.618475e-11
6.617000e-01,1.633288e-11
6.618000e-01,-4.351898e-11
6.619000e-01,-1.033708e-10
6.620000e-01,-1.632227e-10
6.621000e-01,-2.230746e-10
6.622000e-01,-2.829264e-10
6.623000e-01,-4.632911e-11
6.624000e-01,-1.061810e-10
6.625000e-01,-1.660328e-10
6.626000e-01,7.056448e-11
6.627000e-01,1.071262e-11
6.628000e-01,-4.913924e-11
6.629000e-01,-1.089911e-10
6.630000e-01,-1.688430e-10
6.631000e-01,-2.286948e-10
6.632000e-01,-2.885467e-10
6.633000e-01,-5.194937e-11
6.634000e-01,-1.118012e-10
6.635000e-01,-1.716531e-10
6.636000e-01,6.494422e-11
6.637000e-01,5.092361e-12
6.638000e-01,-5.475950e-11
6.639000e-01,-1.146114e-10
6.640000e-01,-1.744632e-10
6.641000e-01,-2.343151e-10
6.642000e-01,2.282231e-12
6.643000e-01,-5.756963e-11
6.644000e-01,-1.174215e-10
6.645000e-01,-1.772734e-10
6.646000e-01,5.932396e-11
6.647000e-01,-5.279000e-13
6.648000e-01,-6.037976e-11
6.649000e-01,-1.202316e-10
6.650000e-01,-1.800835e-10
6.651000e-01,5.651383e-11
6.652000e-01,-3.338031e-12
6.653000e-01,-6.318989e-11
6.654000e-01,-1.230418e-10
6.655000e-01,-1.828936e-10
6.656000e-01,5.370370e-11
6.657000e-01,-6.148161e-12
6.658000e-01,-6.600002e-11
6.659000e-01,-1.258519e-10
6.660000e-01,-1.857037e-10
6.661000e-01,5.089357e-11
6.662000e-01,-8.958292e-12
6.663000e-01,-6.881015e-11
6.664000e-01,-1.286620e-10
6.665000e-01,-1.885139e-10
6.666000e-01,4.808344e-11
6.667000e-01,-1.176842e-11
6.668000e-01,-7.162029e-11
6.669000e-01,-1.314721e-10
6.670000e-01,1.051252e-10
6.671000e-01,4.527331e-11
6.672000e-01,-1.457855e-11
6.673000e-01,-7.443042e-11
6.674000e-01,-1.342823e-10
6.675000e-01,-1.941341e-10
6.676000e-01,4.246318e-11
6.677000e-01,-1.738868e-11
6.678000e-01,-7.724055e-11
6.679000e-01,-1.370924e-10
6.680000e-01,-1.969443e-10
6.681000e-01,-2.567961e-10
6.682000e-01,-3.166480e-10
6.683000e-01,-3.764999e-10
6.684000e-01,-4.363517e-10
6.685000e-01,-4.962036e-10
6.686000e-01,3.684292e-11
6.687000e-01,-2.300894e-11
6.688000e-01,-8.286081e-11
6.689000e-01,-1.427127e-10
6.690000e-01,-2.025645e-10
6.691000e-01,-2.624164e-10
6.692000e-01,-3.222683e-10
6.693000e-01,-3.821201e-10
6.694000e-01,-4.419720e-10
6.695000e-01,-5.018238e-10
6.696000e-01,3.122266e-11
6.697000e-01,-2.862921e-11
6.698000e-01,-8.848107e-11
6.699000e-01,-1.483329e-10
6.700000e-01,-2.081848e-10
6.701000e-01,-2.680367e-10
6.702000e-01,-3.278885e-10
6.703000e-01,-3.877404e-10
6.704000e-01,-4.475922e-10
6.705000e-01,-5.074441e-10
6.706000e-01,2.560240e-11
6.707000e-01,-3.424947e-11
6.708000e-01,-9.410133e-11
6.709000e-01,-1.539532e-10
6.710000e-01,-2.138051e-10
6.711000e-01,-2.736569e-10
6.712000e-01,-3.335088e-10
6.713000e-01,-3.933606e-10
6.714000e-01,-4.532125e-10
6.715000e-01,-5.130644e-10
6.716000e-01,1.998213e-11
6.717000e-01,-3.986973e-11
6.718000e-01,-9.972159e-11
6.719000e-01,-1.595735e-10
6.720000e-01,-2.194253e-10
6.721000e-01,-2.792772e-10
6.722000e-01,-3.391290e-10
6.723000e-01,-3.989809e-10
6.724000e-01,-4.588328e-10
6.725000e-01,-5.186846e-10
6.726000e-01,1.436187e-11
6.727000e-01,-4.548999e-11
6.728000e-01,-1.053419e-10
6.729000e-01,-1.651937e-10
6.730000e-01,-2.250456e-10
6.731000e-01,-2.848974e-10
6.732000e-01,-3.447493e-10
6.733000e-01,-4.046012e-10
6.734000e-01,-4.644530e-10
6.735000e-01,-5.243049e-10
6.736000e-01,8.741612e-12
6.737000e-01,-5.111025e-11
6.738000e-01,-1.109621e-10
6.739000e-01,-1.708140e-10
6.740000e-01,-2.306658e-10
6.741000e-01,-2.905177e-10
6.742000e-01,-3.503696e-10
6.743000e-01,-4.102214e-10
6.744000e-01,-4.700733e-10
6.745000e-01,-5.299252e-10
6.746000e-01,3.121351e-12
6.747000e-01,-5.673051e-11
6.748000e-01,-1.165824e-10
6.749000e-01,-1.764342e-10
6.750000e-01,-2.362861e-10
6.751000e-01,-2.961380e-10
6.752000e-01,-3.559898e-10
6.753000e-01,-4.158417e-10
6.754000e-01,-4.756936e-10
6.755000e-01,5.735295e-11
6.756000e-01,-2.498910e-12
6.757000e-01,-6.235077e-11
6.758000e-01,-1.222026e-10
6.759000e-01,-1.820545e-10
6.760000e-01,-2.419064e-10
6.761000e-01,-3.017582e-10
6.762000e-01,-3.616101e-10
6.763000e-01,-4.214619e-10
6.764000e-01,-4.813138e-10
6.765000e-01,5.173269e-11
6.766000e-01,-8.119171e-12
6.767000e-01,-6.797103e-11
6.768000e-01,-1.278229e-10
6.769000e-01,-1.876748e-10
6.770000e-01,-2.475266e-10
6.771000e-01,-3.073785e-10
6.772000e-01,-3.672303e-10
6.773000e-01,-4.270822e-10
6.774000e-01,1.059643e-10
6.775000e-01,4.611243e-11
6.776000e-01,-1.373943e-11
6.777000e-01,-7.359130e-11
6.778000e-01,-1.334432e-10
6.779000e-01,-1.932950e-10
6.780000e-01,-2.531469e-10
6.781000e-01,-3.129987e-10
6.782000e-01,-3.728506e-10
6.783000e-01,-4.327025e-10
6.784000e-01,1.003440e-10
6.785000e-01,4.049217e-11
6.786000e-01,-1.935969e-11
6.787000e-01,-7.921156e-11
6.788000e-01,-1.390634e-10
6.789000e-01,-1.989153e-10
6.790000e-01,-2.587671e-10
6.791000e-01,-3.186190e-10
6.792000e-01,-3.784709e-10
6.793000e-01,1.545756e-10
6.794000e-01,9.472377e-11
6.795000e-01,3.487191e-11
6.796000e-01,-2.497995e-11
6.797000e-01,-8.483182e-11
6.798000e-01,-1.446837e-10
6.799000e-01,-2.045355e-10
6.800000e-01,-2.643874e-10
6.801000e-01,-3.242393e-10
6.802000e-01,2.088072e-10
6.803000e-01,1.489554e-10
6.804000e-01,8.910351e-11
6.805000e-01,2.925165e-11
6.806000e-01,-3.060022e-11
6.807000e-01,-9.045208e-11
6.808000e-01,-1.503039e-10
6.809000e-01,-2.101558e-10
6.810000e-01,-2.700077e-10
6.811000e-01,-3.298595e-10
6.812000e-01,2.031870e-10
6.813000e-01,1.433351e-10
6.814000e-01,8.348325e-11
6.815000e-01,2.363139e-11
6.816000e-01,-3.622048e-11
6.817000e-01,-9.607234e-11
6.818000e-01,-1.559242e-10
6.819000e-01,-2.157761e-10
6.820000e-01,-2.756279e-10
6.821000e-01,2.574186e-10
6.822000e-01,1.975667e-10
6.823000e-01,1.377148e-10
6.824000e-01,7.786299e-11
6.825000e-01,1.801112e-11
6.826000e-01,-4.184074e-11
6.827000e-01,-1.016926e-10
6.828000e-01,-1.615445e-10
6.829000e-01,-2.213963e-10
6.830000e-01,-2.812482e-10
6.831000e-01,2.517983e-10
6.832000e-01,1.919465e-10
6.833000e-01,1.320946e-10
6.834000e-01,7.224273e-11
6.835000e-01,1.239086e-11
6.836000e-01,-4.746100e-11
6.837000e-01,-1.073129e-10
6.838000e-01,-1.671647e-10
6.839000e-01,-2.270166e-10
6.840000e-01,3.060299e-10
6.841000e-01,2.461781e-10
6.842000e-01,1.863262e-10
6.843000e-01,1.264743e-10
6.844000e-01,6.662246e-11
6.845000e-01,6.770602e-12
6.846000e-01,-5.308126e-11
6.847000e-01,-1.129331e-10
6.848000e-01,-1.727850e-10
6.849000e-01,-2.326368e-10
6.850000e-01,3.004097e-10
6.851000e-01,2.405578e-10
6.852000e-01,1.807059e-10
6.853000e-01,1.208541e-10
6.854000e-01,6.100220e-11
6.855000e-01,1.150341e-12
6.856000e-01,-5.870152e-11
6.857000e-01,-1.185534e-10
6.858000e-01,-1.784052e-10
6.859000e-01,3.546413e-10
6.860000e-01,2.947894e-10
6.861000e-01,2.349375e-10
6.862000e-01,1.750857e-10
6.863000e-01,1.152338e-10
6.864000e-01,5.538194e-11
6.865000e-01,-4.469921e-12
6.866000e-01,-6.432178e-11
6.867000e-01,-1.241736e-10
6.868000e-01,4.088729e-10
6.869000e-01,3.490210e-10
6.870000e-01,2.891691e-10
6.871000e-01,2.293173e-10
6.872000e-01,1.694654e-10
6.873000e-01,1.096135e-10
6.874000e-01,4.976168e-11
6.875000e-01,-1.009018e-11
6.876000e-01,-6.994204e-11
6.877000e-01,-1.297939e-10
6.878000e-01,4.032526e-10
6.879000e-01,3.434007e-10
6.880000e-01,2.835489e-10
6.881000e-01,2.236970e-10
6.882000e-01,1.638451e-10
6.883000e-01,1.039933e-10
6.884000e-01,4.414142e-11
6.885000e-01,-1.571044e-11
6.886000e-01,-7.556231e-11
6.887000e-01,-1.354142e-10
6.888000e-01,3.976323e-10
6.889000e-01,3.377805e-10
6.890000e-01,2.779286e-10
6.891000e-01,2.180767e-10
6.892000e-01,1.582249e-10
6.893000e-01,9.837302e-11
6.894000e-01,3.852116e-11
6.895000e-01,-2.133070e-11
6.896000e-01,-8.118257e-11
6.897000e-01,-1.410344e-10
6.898000e-01,3.920121e-10
6.899000e-01,3.321602e-10
6.900000e-01,2.723083e-10
6.901000e-01,2.124565e-10
6.902000e-01,1.526046e-10
6.903000e-01,9.275276e-11
6.904000e-01,3.290090e-11
6.905000e-01,-2.695097e-11
6.906000e-01,-8.680283e-11
6.907000e-01,-1.466547e-10
6.908000e-01,3.863918e-10
6.909000e-01,3.265399e-10
6.910000e-01,2.666881e-10
6.911000e-01,2.068362e-10
6.912000e-01,1.469844e-10
6.913000e-01,8.713250e-11
6.914000e-01,2.728064e-11
6.915000e-01,-3.257123e-11
6.916000e-01,-9.242309e-11
6.917000e-01,-1.522750e-10
6.918000e-01,3.807716e-10
6.919000e-01,3.209197e-10
6.920000e-01,2.610678e-10
6.921000e-01,2.012160e-10
6.922000e-01,1.413641e-10
6.923000e-01,8.151224e-11
6.924000e-01,2.166038e-11
6.925000e-01,-3.819149e-11
6.926000e-01,-9.804335e-11
6.927000e-01,-1.578952e-10
6.928000e-01,3.751513e-10
6.929000e-01,3.152994e-10
6.930000e-01,2.554476e-10
6.931000e-01,1.955957e-10
6.932000e-01,1.357438e-10
6.933000e-01,7.589198e-11
6.934000e-01,1.604011e-11
6.935000e-01,-4.381175e-11
6.936000e-01,-1.036636e-10
6.937000e-01,-1.635155e-10
6.938000e-01,3.695310e-10
6.939000e-01,3.096792e-10
6.940000e-01,2.498273e-10
6.941000e-01,1.899754e-10
6.942000e-01,1.301236e-10
6.943000e-01,7.027172e-11
6.944000e-01,1.041985e-11
6.945000e-01,-4.943201e-11
6.946000e-01,-1.092839e-10
6.947000e-01,-1.691357e-10
6.948000e-01,3.639108e-10
6.949000e-01,3.040589e-10
6.950000e-01,2.442070e-10
6.951000e-01,1.843552e-10
6.952000e-01,1.245033e-10
6.953000e-01,6.465145e-11
6.954000e-01,4.799592e-12
6.955000e-01,-5.505227e-11
6.956000e-01,-1.149041e-10
6.957000e-01,-1.747560e-10
6.958000e-01,3.582905e-10
6.959000e-01,2.984386e-10
6.960000e-01,2.385868e-10
6.961000e-01,1.787349e-10
6.962000e-01,1.188831e-10
6.963000e-01,5.903119e-11
6.964000e-01,-8.206696e-13
6.965000e-01,-6.067253e-11
6.966000e-01,-1.205244e-10
6.967000e-01,-1.803763e-10
6.968000e-01,3.526702e-10
6.969000e-01,2.928184e-10
6.970000e-01,2.329665e-10
6.971000e-01,1.731147e-10
6.972000e-01,1.132628e-10
6.973000e-01,5.341093e-11
6.974000e-01,-6.440931e-12
6.975000e-01,-6.629279e-11
6.976000e-01,-1.261447e-10
6.977000e-01,-1.859965e-10
6.978000e-01,3.470500e-10
6.979000e-01,2.871981e-10
6.980000e-01,2.273463e-10
6.981000e-01,1.674944e-10
6.982000e-01,1.076425e-10
6.983000e-01,4.779067e-11
6.984000e-01,-1.206119e-11
6.985000e-01,-7.191305e-11
6.986000e-01,-1.317649e-10
6.987000e-01,-1.916168e-10
6.988000e-01,3.414297e-10
6.989000e-01,2.815779e-10
6.990000e-01,2.217260e-10
6.991000e-01,1.618741e-10
6.992000e-01,1.020223e-10
6.993000e-01,4.217041e-11
6.994000e-01,-1.768145e-11
6.995000e-01,-7.753332e-11
6.996000e-01,-1.373852e-10
6.997000e-01,-1.972370e-10
6.998000e-01,3.358095e-10
6.999000e-01,2.759576e-10
7.000000e-01,2.161057e-10
7.001000e-01,1.562539e-10
7.002000e-01,9.640201e-11
7.003000e-01,3.655015e-11
7.004000e-01,-2.330171e-11
7.005000e-01,-8.315358e-11
7.006000e-01,-1.430054e-10
7.007000e-01,-2.028573e-10
7.008000e-01,-2.627092e-10
7.009000e-01,2.703373e-10
7.010000e-01,2.104855e-10
7.011000e-01,1.506336e-10
7.012000e-01,9.078175e-11
7.013000e-01,3.092989e-11
7.014000e-01,-2.892198e-11
7.015000e-01,-8.877384e-11
7.016000e-01,-1.486257e-10
7.017000e-01,-2.084776e-10
7.018000e-01,-2.683294e-10
7.019000e-01,2.647171e-10
7.020000e-01,2.048652e-10
7.021000e-01,1.450134e-10
7.022000e-01,8.516149e-11
7.023000e-01,2.530963e-11
7.024000e-01,-3.454224e-11
7.025000e-01,-9.439410e-11
7.026000e-01,-1.542460e-10
7.027000e-01,-2.140978e-10
7.028000e-01,-2.739497e-10
7.029000e-01,2.590968e-10
7.030000e-01,1.992450e-10
7.031000e-01,1.393931e-10
7.032000e-01,7.954123e-11
7.033000e-01,1.968936e-11
7.034000e-01,-4.016250e-11
7.035000e-01,-1.000144e-10
7.036000e-01,-1.598662e-10
7.037000e-01,-2.197181e-10
7.038000e-01,-2.795699e-10
7.039000e-01,2.534766e-10
7.040000e-01,1.936247e-10
7.041000e-01,1.337728e-10
7.042000e-01,7.392097e-11
7.043000e-01,1.406910e-11
7.044000e-01,-4.578276e-11
7.045000e-01,-1.056346e-10
7.046000e-01,-1.654865e-10
7.047000e-01,-2.253383e-10
7.048000e-01,-2.851902e-10
7.049000e-01,2.478563e-10
7.050000e-01,1.880044e-10
7.051000e-01,1.281526e-10
7.052000e-01,6.830071e-11
7.053000e-01,8.448842e-12
7.054000e-01,-5.140302e-11
7.055000e-01,-1.112549e-10
7.056000e-01,-1.711067e-10
7.057000e-01,-2.309586e-10
7.058000e-01,-2.908105e-10
7.059000e-01,2.422360e-10
7.060000e-01,1.823842e-10
7.061000e-01,1.225323e-10
7.062000e-01,6.268044e-11
7.063000e-01,2.828581e-12
7.064000e-01,-5.702328e-11
7.065000e-01,-1.168751e-10
7.066000e-01,-1.767270e-10
7.067000e-01,-2.365789e-10
7.068000e-01,-2.964307e-10
7.069000e-01,2.366158e-10
7.070000e-01,1.767639e-10
7.071000e-01,1.169120e-10
7.072000e-01,5.706018e-11
7.073000e-01,-2.791680e-12
7.074000e-01,-6.264354e-11
7.075000e-01,-1.224954e-10
7.076000e-01,-1.823473e-10
7.077000e-01,-2.421991e-10
7.078000e-01,-3.020510e-10
7.079000e-01,2.309955e-10
7.080000e-01,1.711436e-10
7.081000e-01,1.112918e-10
7.082000e-01,5.143992e-11
7.083000e-01,-8.411941e-12
7.084000e-01,-6.826380e-11
7.085000e-01,-1.281157e-10
7.086000e-01,-1.879675e-10
7.087000e-01,-2.478194e-10
7.088000e-01,-3.076713e-10
7.089000e-01,2.253752e-10
7.090000e-01,1.655234e-10
7.091000e-01,1.056715e-10
7.092000e-01,4.581966e-11
7.093000e-01,-1.403220e-11
7.094000e-01,-7.388406e-11
7.095000e-01,-1.337359e-10
7.096000e-01,-1.935878e-10
7.097000e-01,-2.534397e-10
7.098000e-01,-3.132915e-10
7.099000e-01,2.197550e-10
7.100000e-01,1.599031e-10
7.101000e-01,1.000513e-10
7.102000e-01,4.019940e-11
7.103000e-01,-1.965246e-11
7.104000e-01,-7.950433e-11
7.105000e-01,-1.393562e-10
7.106000e-01,-1.992081e-10
7.107000e-01,-2.590599e-10
7.108000e-01,-3.189118e-10
7.109000e-01,2.141347e-10
7.110000e-01,1.542829e-10
7.111000e-01,9.443100e-11
7.112000e-01,3.457914e-11
7.113000e-01,-2.527272e-11
7.114000e-01,-8.512459e-11
7.115000e-01,-1.449764e-10
7.116000e-01,-2.048283e-10
7.117000e-01,-2.646802e-10
7.118000e-01,-3.245320e-10
7.119000e-01,2.085145e-10
7.120000e-01,1.486626e-10
7.121000e-01,8.881074e-11
7.122000e-01,2.895888e-11
7.123000e-01,-3.089299e-11
7.124000e-01,-9.074485e-11
7.125000e-01,-1.505967e-10
7.126000e-01,-2.104486e-10
7.127000e-01,-2.703004e-10
7.128000e-01,-3.301523e-10
7.129000e-01,2.028942e-10
7.130000e-01,1.430423e-10
7.131000e-01,8.319048e-11
7.132000e-01,2.333862e-11
7.133000e-01,-3.651325e-11
7.134000e-01,-9.636511e-11
7.135000e-01,-1.562170e-10
7.136000e-01,-2.160688e-10
7.137000e-01,-2.759207e-10
7.138000e-01,-3.357726e-10
7.139000e-01,-3.956244e-10
7.140000e-01,1.374221e-10
7.141000e-01,7.757022e-11
7.142000e-01,1.771835e-11
7.143000e-01,-4.213351e-11
7.144000e-01,-1.019854e-10
7.145000e-01,-1.618372e-10
7.146000e-01,-2.216891e-10
7.147000e-01,-2.815410e-10
7.148000e-01,-3.413928e-10
7.149000e-01,-4.012447e-10
7.150000e-01,1.318018e-10
7.151000e-01,7.194996e-11
7.152000e-01,1.209809e-11
7.153000e-01,-4.775377e-11
7.154000e-01,-1.076056e-10
7.155000e-01,-1.674575e-10
7.156000e-01,-2.273094e-10
7.157000e-01,-2.871612e-10
7.158000e-01,-3.470131e-10
7.159000e-01,-4.068649e-10
7.160000e-01,1.261816e-10
7.161000e-01,6.632969e-11
7.162000e-01,6.477832e-12
7.163000e-01,-5.337403e-11
7.164000e-01,-1.132259e-10
7.165000e-01,-1.730778e-10
7.166000e-01,-2.329296e-10
7.167000e-01,-2.927815e-10
7.168000e-01,-3.526333e-10
7.169000e-01,-4.124852e-10
7.170000e-01,1.205613e-10
7.171000e-01,6.070943e-11
7.172000e-01,8.575711e-13
7.173000e-01,-5.899429e-11
7.174000e-01,-1.188462e-10
7.175000e-01,-1.786980e-10
7.176000e-01,-2.385499e-10
7.177000e-01,-2.984017e-10
7.178000e-01,-3.582536e-10
7.179000e-01,-4.181055e-10
7.180000e-01,1.149410e-10
7.181000e-01,5.508917e-11
7.182000e-01,-4.762690e-12
7.183000e-01,-6.461455e-11
7.184000e-01,-1.244664e-10
7.185000e-01,-1.843183e-10
7.186000e-01,-2.441701e-10
7.187000e-01,-3.040220e-10
7.188000e-01,-3.638739e-10
7.189000e-01,-4.237257e-10
7.190000e-01,1.093208e-10
7.191000e-01,4.946891e-11
7.192000e-01,-1.038295e-11
7.193000e-01,-7.023481e-11
7.194000e-01,-1.300867e-10
7.195000e-01,-1.899385e-10
7.196000e-01,-2.497904e-10
7.197000e-01,-3.096423e-10
7.198000e-01,-3.694941e-10
7.199000e-01,-4.293460e-10
7.200000e-01,1.037005e-10
7.201000e-01,4.384865e-11
7.202000e-01,-1.600321e-11
7.203000e-01,-7.585508e-11
7.204000e-01,-1.357069e-10
7.205000e-01,-1.955588e-10
7.206000e-01,-2.554107e-10
7.207000e-01,-3.152625e-10
7.208000e-01,-3.751144e-10
7.209000e-01,-4.349663e-10
7.210000e-01,9.808025e-11
7.211000e-01,3.822839e-11
7.212000e-01,-2.162347e-11
7.213000e-01,-8.147534e-11
7.214000e-01,-1.413272e-10
7.215000e-01,-2.011791e-10
7.216000e-01,-2.610309e-10
7.217000e-01,-3.208828e-10
7.218000e-01,-3.807346e-10
7.219000e-01,-4.405865e-10
7.220000e-01,9.245999e-11
7.221000e-01,3.260813e-11
7.222000e-01,-2.724373e-11
7.223000e-01,-8.709560e-11
7.224000e-01,-1.469475e-10
7.225000e-01,-2.067993e-10
7.226000e-01,-2.666512e-10
7.227000e-01,-3.265030e-10
7.228000e-01,-3.863549e-10
7.229000e-01,-4.462068e-10
7.230000e-01,8.683973e-11
7.231000e-01,2.698787e-11
7.232000e-01,-3.286400e-11
7.233000e-01,-9.271586e-11
7.234000e-01,-1.525677e-10
7.235000e-01,-2.124196e-10
7.236000e-01,-2.722714e-10
7.237000e-01,-3.321233e-10
7.238000e-01,-3.919752e-10
7.239000e-01,-4.518270e-10
7.240000e-01,8.121947e-11
7.241000e-01,2.136761e-11
7.242000e-01,-3.848426e-11
7.243000e-01,-9.833612e-11
7.244000e-01,-1.581880e-10
7.245000e-01,-2.180398e-10
7.246000e-01,-2.778917e-10
7.247000e-01,-3.377436e-10
7.248000e-01,-3.975954e-10
7.249000e-01,-4.574473e-10
7.250000e-01,7.559921e-11
7.251000e-01,1.574734e-11
7.252000e-01,-4.410452e-11
7.253000e-01,-1.039564e-10
7.254000e-01,-1.638082e-10
7.255000e-01,-2.236601e-10
7.256000e-01,-2.835120e-10
7.257000e-01,-3.433638e-10
7.258000e-01,-4.032157e-10
7.259000e-01,-4.630676e-10
7.260000e-01,6.997895e-11
7.261000e-01,1.012708e-11
7.262000e-01,-4.972478e-11
7.263000e-01,-1.095766e-10
7.264000e-01,-1.694285e-10
7.265000e-01,-2.292804e-10
7.266000e-01,-2.891322e-10
7.267000e-01,-3.489841e-10
7.268000e-01,-4.088360e-10
7.269000e-01,-4.686878e-10
7.270000e-01,-5.285397e-10
7.271000e-01,4.506822e-12
7.272000e-01,-5.534504e-11
7.273000e-01,-1.151969e-10
7.274000e-01,-1.750488e-10
7.275000e-01,-2.349006e-10
7.276000e-01,-2.947525e-10
7.277000e-01,-3.546044e-10
7.278000e-01,-4.144562e-10
7.279000e-01,-4.743081e-10
7.280000e-01,-5.341599e-10
7.281000e-01,-1.113439e-12
7.282000e-01,-6.096530e-11
7.283000e-01,-1.208172e-10
7.284000e-01,-1.806690e-10
7.285000e-01,-2.405209e-10
7.286000e-01,-3.003728e-10
7.287000e-01,-3.602246e-10
7.288000e-01,-4.200765e-10
7.289000e-01,-4.799283e-10
7.290000e-01,-5.397802e-10
7.291000e-01,-6.733700e-12
7.292000e-01,-6.658556e-11
7.293000e-01,-1.264374e-10
7.294000e-01,-1.862893e-10
7.295000e-01,-2.461412e-10
7.296000e-01,-3.059930e-10
7.297000e-01,-3.658449e-10
7.298000e-01,-4.256967e-10
7.299000e-01,-4.855486e-10
7.300000e-01,-5.454005e-10
7.301000e-01,-1.235396e-11
7.302000e-01,-7.220582e-11
7.303000e-01,-1.320577e-10
7.304000e-01,-1.919095e-10
7.305000e-01,-2.517614e-10
7.306000e-01,-3.116133e-10
7.307000e-01,-3.714651e-10
7.308000e-01,-4.313170e-10
7.309000e-01,-4.911689e-10
7.310000e-01,-5.510207e-10
7.311000e-01,-1.797422e-11
7.312000e-01,-7.782609e-11
7.313000e-01,-1.376779e-10
7.314000e-01,-1.975298e-10
7.315000e-01,-2.573817e-10
7.316000e-01,-3.172335e-10
7.317000e-01,-3.770854e-10
7.318000e-01,-4.369373e-10
7.319000e-01,-4.967891e-10
7.320000e-01,-5.566410e-10
7.321000e-01,-2.359448e-11
7.322000e-01,-8.344635e-11
7.323000e-01,-1.432982e-10
7.324000e-01,-2.031501e-10
7.325000e-01,-2.630019e-10
7.326000e-01,-3.228538e-10
7.327000e-01,-3.827057e-10
7.328000e-01,-4.425575e-10
7.329000e-01,-5.024094e-10
7.330000e-01,-5.622612e-10
7.331000e-01,-2.921475e-11
7.332000e-01,-8.906661e-11
7.333000e-01,-1.489185e-10
7.334000e-01,-2.087703e-10
7.335000e-01,-2.686222e-10
7.336000e-01,-3.284741e-10
7.337000e-01,-3.883259e-10
7.338000e-01,-4.481778e-10
7.339000e-01,-5.080296e-10
7.340000e-01,2.501686e-11
7.341000e-01,-3.483501e-11
7.342000e-01,-9.468687e-11
7.343000e-01,-1.545387e-10
7.344000e-01,-2.143906e-10
7.345000e-01,-2.742425e-10
7.346000e-01,-3.340943e-10
7.347000e-01,-3.939462e-10
7.348000e-01,-4.537980e-10
7.349000e-01,-5.136499e-10
7.350000e-01,1.939660e-11
7.351000e-01,-4.045527e-11
7.352000e-01,-1.003071e-10
7.353000e-01,-1.601590e-10
7.354000e-01,-2.200109e-10
7.355000e-01,-2.798627e-10
7.356000e-01,-3.397146e-10
7.357000e-01,-3.995664e-10
7.358000e-01,-4.594183e-10
7.359000e-01,7.362820e-11
7.360000e-01,1.377633e-11
7.361000e-01,-4.607553e-11
7.362000e-01,-1.059274e-10
7.363000e-01,-1.657793e-10
7.364000e-01,-2.256311e-10
7.365000e-01,-2.854830e-10
7.366000e-01,-3.453348e-10
7.367000e-01,-4.051867e-10
7.368000e-01,1.278598e-10
7.369000e-01,6.800794e-11
7.370000e-01,8.156073e-12
7.371000e-01,-5.169579e-11
7.372000e-01,-1.115477e-10
7.373000e-01,-1.713995e-10
7.374000e-01,-2.312514e-10
7.375000e-01,-2.911032e-10
7.376000e-01,-3.509551e-10
7.377000e-01,-4.108070e-10
7.378000e-01,1.222395e-10
7.379000e-01,6.238767e-11
7.380000e-01,2.535812e-12
7.381000e-01,-5.731605e-11
7.382000e-01,-1.171679e-10
7.383000e-01,-1.770198e-10
7.384000e-01,-2.368716e-10
7.385000e-01,-2.967235e-10
7.386000e-01,-3.565754e-10
7.387000e-01,1.764711e-10
7.388000e-01,1.166193e-10
7.389000e-01,5.676741e-11
7.390000e-01,-3.084449e-12
7.391000e-01,-6.293631e-11
7.392000e-01,-1.227882e-10
7.393000e-01,-1.826400e-10
7.394000e-01,-2.424919e-10
7.395000e-01,-3.023438e-10
7.396000e-01,-3.621956e-10
7.397000e-01,1.708509e-10
7.398000e-01,1.109990e-10
7.399000e-01,5.114715e-11
7.400000e-01,-8.704711e-12
7.401000e-01,-6.855657e-11
7.402000e-01,-1.284084e-10
7.403000e-01,-1.882603e-10
7.404000e-01,-2.481122e-10
7.405000e-01,-3.079640e-10
7.406000e-01,2.250825e-10
7.407000e-01,1.652306e-10
7.408000e-01,1.053788e-10
7.409000e-01,4.552689e-11
7.410000e-01,-1.432497e-11
7.411000e-01,-7.417683e-11
7.412000e-01,-1.340287e-10
7.413000e-01,-1.938806e-10
7.414000e-01,-2.537324e-10
7.415000e-01,-3.135843e-10
7.416000e-01,2.194622e-10
7.417000e-01,1.596104e-10
7.418000e-01,9.975849e-11
7.419000e-01,3.990663e-11
7.420000e-01,-1.994523e-11
7.421000e-01,-7.979710e-11
7.422000e-01,-1.396490e-10
7.423000e-01,-1.995008e-10
7.424000e-01,-2.593527e-10
7.425000e-01,2.736938e-10
7.426000e-01,2.138420e-10
7.427000e-01,1.539901e-10
7.428000e-01,9.413823e-11
7.429000e-01,3.428637e-11
7.430000e-01,-2.556549e-11
7.431000e-01,-8.541736e-11
7.432000e-01,-1.452692e-10
7.433000e-01,-2.051211e-10
7.434000e-01,3.279254e-10
7.435000e-01,2.680736e-10
7.436000e-01,2.082217e-10
7.437000e-01,1.483698e-10
7.438000e-01,8.851797e-11
7.439000e-01,2.866611e-11
7.440000e-01,-3.118576e-11
7.441000e-01,-9.103762e-11
7.442000e-01,-1.508895e-10
7.443000e-01,-2.107413e-10
7.444000e-01,3.223052e-10
7.445000e-01,2.624533e-10
7.446000e-01,2.026014e-10
7.447000e-01,1.427496e-10
7.448000e-01,8.289771e-11
7.449000e-01,2.304585e-11
7.450000e-01,-3.680602e-11
7.451000e-01,-9.665788e-11
7.452000e-01,-1.565097e-10
7.453000e-01,3.765368e-10
7.454000e-01,3.166849e-10
7.455000e-01,2.568330e-10
7.456000e-01,1.969812e-10
7.457000e-01,1.371293e-10
7.458000e-01,7.727745e-11
7.459000e-01,1.742558e-11
7.460000e-01,-4.242628e-11
7.461000e-01,-1.022781e-10
7.462000e-01,-1.621300e-10
7.463000e-01,3.709165e-10
7.464000e-01,3.110646e-10
7.465000e-01,2.512128e-10
7.466000e-01,1.913609e-10
7.467000e-01,1.315090e-10
7.468000e-01,7.165719e-11
7.469000e-01,1.180532e-11
7.470000e-01,-4.804654e-11
7.471000e-01,-1.078984e-10
7.472000e-01,4.251481e-10
7.473000e-01,3.652962e-10
7.474000e-01,3.054444e-10
7.475000e-01,2.455925e-10
7.476000e-01,1.857407e-10
7.477000e-01,1.258888e-10
7.478000e-01,6.603693e-11
7.479000e-01,6.185063e-12
7.480000e-01,-5.366680e-11
7.481000e-01,-1.135187e-10
7.482000e-01,4.195278e-10
7.483000e-01,3.596760e-10
7.484000e-01,2.998241e-10
7.485000e-01,2.399723e-10
7.486000e-01,1.801204e-10
7.487000e-01,1.202685e-10
7.488000e-01,6.041666e-11
7.489000e-01,5.648015e-13
7.490000e-01,-5.928706e-11
7.491000e-01,-1.191389e-10
7.492000e-01,4.139076e-10
7.493000e-01,3.540557e-10
7.494000e-01,2.942039e-10
7.495000e-01,2.343520e-10
7.496000e-01,1.745001e-10
7.497000e-01,1.146483e-10
7.498000e-01,5.479640e-11
7.499000e-01,-5.055460e-12
7.500000e-01,-6.490732e-11
7.501000e-01,-1.247592e-10
7.502000e-01,4.082873e-10
7.503000e-01,3.484355e-10
7.504000e-01,2.885836e-10
7.505000e-01,2.287317e-10
7.506000e-01,1.688799e-10
7.507000e-01,1.090280e-10
7.508000e-01,4.917614e-11
7.509000e-01,-1.067572e-11
7.510000e-01,-7.052758e-11
7.511000e-01,-1.303794e-10
7.512000e-01,4.026671e-10
7.513000e-01,3.428152e-10
7.514000e-01,2.829633e-10
7.515000e-01,2.231115e-10
7.516000e-01,1.632596e-10
7.517000e-01,1.034077e-10
7.518000e-01,4.355588e-11
7.519000e-01,-1.629598e-11
7.520000e-01,-7.614784e-11
7.521000e-01,-1.359997e-10
7.522000e-01,3.970468e-10
7.523000e-01,3.371949e-10
7.524000e-01,2.773431e-10
7.525000e-01,2.174912e-10
7.526000e-01,1.576393e-10
7.527000e-01,9.778748e-11
7.528000e-01,3.793562e-11
7.529000e-01,-2.191624e-11
7.530000e-01,-8.176811e-11
7.531000e-01,-1.416200e-10
7.532000e-01,-2.014718e-10
7.533000e-01,3.315747e-10
7.534000e-01,2.717228e-10
7.535000e-01,2.118709e-10
7.536000e-01,1.520191e-10
7.537000e-01,9.216722e-11
7.538000e-01,3.231536e-11
7.539000e-01,-2.753650e-11
7.540000e-01,-8.738837e-11
7.541000e-01,-1.472402e-10
7.542000e-01,-2.070921e-10
7.543000e-01,3.259544e-10
7.544000e-01,2.661025e-10
7.545000e-01,2.062507e-10
7.546000e-01,1.463988e-10
7.547000e-01,8.654696e-11
7.548000e-01,2.669510e-11
7.549000e-01,-3.315677e-11
7.550000e-01,-9.300863e-11
7.551000e-01,-1.528605e-10
7.552000e-01,-2.127124e-10
7.553000e-01,3.203341e-10
7.554000e-01,2.604823e-10
7.555000e-01,2.006304e-10
7.556000e-01,1.407786e-10
7.557000e-01,8.092670e-11
7.558000e-01,2.107484e-11
7.559000e-01,-3.877703e-11
7.560000e-01,-9.862889e-11
7.561000e-01,-1.584808e-10
7.562000e-01,-2.183326e-10
7.563000e-01,3.147139e-10
7.564000e-01,2.548620e-10
7.565000e-01,1.950102e-10
7.566000e-01,1.351583e-10
7.567000e-01,7.530644e-11
7.568000e-01,1.545457e-11
7.569000e-01,-4.439729e-11
7.570000e-01,-1.042492e-10
7.571000e-01,-1.641010e-10
7.572000e-01,-2.239529e-10
7.573000e-01,3.090936e-10
7.574000e-01,2.492418e-10
7.575000e-01,1.893899e-10
7.576000e-01,1.295380e-10
7.577000e-01,6.968618e-11
7.578000e-01,9.834314e-12
7.579000e-01,-5.001755e-11
7.580000e-01,-1.098694e-10
7.581000e-01,-1.697213e-10
7.582000e-01,-2.295731e-10
7.583000e-01,3.034734e-10
7.584000e-01,2.436215e-10
7.585000e-01,1.837696e-10
7.586000e-01,1.239178e-10
7.587000e-01,6.406592e-11
7.588000e-01,4.214052e-12
7.589000e-01,-5.563781e-11
7.590000e-01,-1.154897e-10
7.591000e-01,-1.753415e-10
7.592000e-01,-2.351934e-10
7.593000e-01,2.978531e-10
7.594000e-01,2.380012e-10
7.595000e-01,1.781494e-10
7.596000e-01,1.182975e-10
7.597000e-01,5.844565e-11
7.598000e-01,-1.406209e-12
7.599000e-01,-6.125807e-11
7.600000e-01,-1.211099e-10
7.601000e-01,-1.809618e-10
7.602000e-01,-2.408137e-10
7.603000e-01,2.922328e-10
7.604000e-01,2.323810e-10
7.605000e-01,1.725291e-10
7.606000e-01,1.126773e-10
7.607000e-01,5.282539e-11
7.608000e-01,-7.026470e-12
7.609000e-01,-6.687833e-11
7.610000e-01,-1.267302e-10
7.611000e-01,-1.865821e-10
7.612000e-01,-2.464339e-10
7.613000e-01,2.866126e-10
7.614000e-01,2.267607e-10
7.615000e-01,1.669089e-10
7.616000e-01,1.070570e-10
7.617000e-01,4.720513e-11
7.618000e-01,-1.264673e-11
7.619000e-01,-7.249859e-11
7.620000e-01,-1.323505e-10
7.621000e-01,-1.922023e-10
7.622000e-01,-2.520542e-10
7.623000e-01,2.809923e-10
7.624000e-01,2.211405e-10
7.625000e-01,1.612886e-10
7.626000e-01,1.014367e-10
7.627000e-01,4.158487e-11
7.628000e-01,-1.826699e-11
7.629000e-01,-7.811885e-11
7.630000e-01,-1.379707e-10
7.631000e-01,-1.978226e-10
7.632000e-01,-2.576744e-10
7.633000e-01,2.753721e-10
7.634000e-01,2.155202e-10
7.635000e-01,1.556683e-10
7.636000e-01,9.581647e-11
7.637000e-01,3.596461e-11
7.638000e-01,-2.388725e-11
7.639000e-01,-8.373912e-11
7.640000e-01,-1.435910e-10
7.641000e-01,-2.034428e-10
7.642000e-01,-2.632947e-10
7.643000e-01,2.697518e-10
7.644000e-01,2.098999e-10
7.645000e-01,1.500481e-10
7.646000e-01,9.019621e-11
7.647000e-01,3.034435e-11
7.648000e-01,-2.950751e-11
7.649000e-01,-8.935938e-11
7.650000e-01,-1.492112e-10
7.651000e-01,-2.090631e-10
7.652000e-01,-2.689150e-10
7.653000e-01,2.641315e-10
7.654000e-01,2.042797e-10
7.655000e-01,1.444278e-10
7.656000e-01,8.457595e-11
7.657000e-01,2.472409e-11
7.658000e-01,-3.512778e-11
7.659000e-01,-9.497964e-11
7.660000e-01,-1.548315e-10
7.661000e-01,-2.146834e-10
7.662000e-01,-2.745352e-10
7.663000e-01,2.585113e-10
7.664000e-01,1.986594e-10
7.665000e-01,1.388076e-10
7.666000e-01,7.895569e-11
7.667000e-01,1.910383e-11
7.668000e-01,-4.074804e-11
7.669000e-01,-1.005999e-10
7.670000e-01,-1.604518e-10
7.671000e-01,-2.203036e-10
7.672000e-01,-2.801555e-10
7.673000e-01,-3.400074e-10
7.674000e-01,1.930392e-10
7.675000e-01,1.331873e-10
7.676000e-01,7.333543e-11
7.677000e-01,1.348356e-11
7.678000e-01,-4.636830e-11
7.679000e-01,-1.062202e-10
7.680000e-01,-1.660720e-10
7.681000e-01,-2.259239e-10
7.682000e-01,-2.857757e-10
7.683000e-01,-3.456276e-10
7.684000e-01,1.874189e-10
7.685000e-01,1.275670e-10
7.686000e-01,6.771517e-11
7.687000e-01,7.863303e-12
7.688000e-01,-5.198856e-11
7.689000e-01,-1.118404e-10
7.690000e-01,-1.716923e-10
7.691000e-01,-2.315441e-10
7.692000e-01,-2.913960e-10
7.693000e-01,-3.512479e-10
7.694000e-01,1.817986e-10
7.695000e-01,1.219468e-10
7.696000e-01,6.209490e-11
7.697000e-01,2.243042e-12
7.698000e-01,-5.760882e-11
7.699000e-01,-1.174607e-10
7.700000e-01,-1.773125e-10
7.701000e-01,-2.371644e-10
7.702000e-01,-2.970163e-10
7.703000e-01,-3.568681e-10
7.704000e-01,1.761784e-10
7.705000e-01,1.163265e-10
7.706000e-01,5.647464e-11
7.707000e-01,-3.377219e-12
7.708000e-01,-6.322908e-11
7.709000e-01,-1.230809e-10
7.710000e-01,-1.829328e-10
7.711000e-01,-2.427847e-10
7.712000e-01,-3.026365e-10
7.713000e-01,-3.624884e-10
7.714000e-01,1.705581e-10
7.715000e-01,1.107062e-10
7.716000e-01,5.085438e-11
7.717000e-01,-8.997480e-12
7.718000e-01,-6.884934e-11
7.719000e-01,-1.287012e-10
7.720000e-01,-1.885531e-10
7.721000e-01,-2.484049e-10
7.722000e-01,-3.082568e-10
7.723000e-01,-3.681087e-10
7.724000e-01,1.649378e-10
7.725000e-01,1.050860e-10
7.726000e-01,4.523412e-11
7.727000e-01,-1.461774e-11
7.728000e-01,-7.446960e-11
7.729000e-01,-1.343215e-10
7.730000e-01,-1.941733e-10
7.731000e-01,-2.540252e-10
7.732000e-01,-3.138771e-10
7.733000e-01,-3.737289e-10
7.734000e-01,1.593176e-10
7.735000e-01,9.946572e-11
7.736000e-01,3.961386e-11
7.737000e-01,-2.023800e-11
7.738000e-01,-8.008987e-11
7.739000e-01,-1.399417e-10
7.740000e-01,-1.997936e-10
7.741000e-01,-2.596455e-10
7.742000e-01,-3.194973e-10
7.743000e-01,-3.793492e-10
7.744000e-01,1.536973e-10
7.745000e-01,9.384546e-11
7.746000e-01,3.399360e-11
7.747000e-01,-2.585826e-11
7.748000e-01,-8.571013e-11
7.749000e-01,-1.455620e-10
7.750000e-01,-2.054139e-10
7.751000e-01,-2.652657e-10
7.752000e-01,-3.251176e-10
7.753000e-01,-3.849694e-10
7.754000e-01,1.480771e-10
7.755000e-01,8.822520e-11
7.756000e-01,2.837334e-11
7.757000e-01,-3.147852e-11
7.758000e-01,-9.133039e-11
7.759000e-01,-1.511823e-10
7.760000e-01,-2.110341e-10
7.761000e-01,-2.708860e-10
7.762000e-01,-3.307378e-10
7.763000e-01,-3.905897e-10
7.764000e-01,1.424568e-10
7.765000e-01,8.260494e-11
7.766000e-01,2.275308e-11
7.767000e-01,-3.709879e-11
7.768000e-01,-9.695065e-11
7.769000e-01,-1.568025e-10
7.770000e-01,-2.166544e-10
7.771000e-01,-2.765062e-10
7.772000e-01,-3.363581e-10
7.773000e-01,-3.962100e-10
7.774000e-01,1.368365e-10
7.775000e-01,7.698468e-11
7.776000e-01,1.713282e-11
7.777000e-01,-4.271905e-11
7.778000e-01,-1.025709e-10
7.779000e-01,-1.624228e-10
7.780000e-01,-2.222746e-10
7.781000e-01,-2.821265e-10
7.782000e-01,-3.419784e-10
7.783000e-01,-4.018302e-10
7.784000e-01,1.312163e-10
7.785000e-01,7.136442e-11
7.786000e-01,1.151255e-11
7.787000e-01,-4.833931e-11
7.788000e-01,-1.081912e-10
7.789000e-01,-1.680430e-10
7.790000e-01,-2.278949e-10
7.791000e-01,-2.877468e-10
7.792000e-01,-3.475986e-10
7.793000e-01,-4.074505e-10
7.794000e-01,1.255960e-10
7.795000e-01,6.574416e-11
7.796000e-01,5.892293e-12
7.797000e-01,-5.395957e-11
7.798000e-01,-1.138114e-10
7.799000e-01,-1.736633e-10
7.800000e-01,-2.335152e-10
7.801000e-01,-2.933670e-10
7.802000e-01,-3.532189e-10
7.803000e-01,-4.130707e-10
7.804000e-01,-4.729226e-10
7.805000e-01,6.012389e-11
7.806000e-01,2.720319e-13
7.807000e-01,-5.957983e-11
7.808000e-01,-1.194317e-10
7.809000e-01,-1.792836e-10
7.810000e-01,-2.391354e-10
7.811000e-01,-2.989873e-10
7.812000e-01,-3.588391e-10
7.813000e-01,-4.186910e-10
7.814000e-01,-4.785429e-10
7.815000e-01,5.450363e-11
7.816000e-01,-5.348229e-12
7.817000e-01,-6.520009e-11
7.818000e-01,-1.250520e-10
7.819000e-01,-1.849038e-10
7.820000e-01,-2.447557e-10
7.821000e-01,-3.046075e-10
7.822000e-01,-3.644594e-10
7.823000e-01,-4.243113e-10
7.824000e-01,-4.841631e-10
7.825000e-01,4.888337e-11
7.826000e-01,-1.096849e-11
7.827000e-01,-7.082035e-11
7.828000e-01,-1.306722e-10
7.829000e-01,-1.905241e-10
7.830000e-01,-2.503759e-10
7.831000e-01,-3.102278e-10
7.832000e-01,-3.700797e-10
7.833000e-01,-4.299315e-10
7.834000e-01,-4.897834e-10
7.835000e-01,4.326311e-11
7.836000e-01,-1.658875e-11
7.837000e-01,-7.644061e-11
7.838000e-01,-1.362925e-10
7.839000e-01,-1.961443e-10
7.840000e-01,-2.559962e-10
7.841000e-01,-3.158481e-10
7.842000e-01,-3.756999e-10
7.843000e-01,-4.355518e-10
7.844000e-01,-4.954037e-10
7.845000e-01,3.764285e-11
7.846000e-01,-2.220901e-11
7.847000e-01,-8.206088e-11
7.848000e-01,-1.419127e-10
7.849000e-01,-2.017646e-10
7.850000e-01,-2.616165e-10
7.851000e-01,-3.214683e-10
7.852000e-01,-3.813202e-10
7.853000e-01,-4.411721e-10
7.854000e-01,-5.010239e-10
7.855000e-01,3.202259e-11
7.856000e-01,-2.782927e-11
7.857000e-01,-8.768114e-11
7.858000e-01,-1.475330e-10
7.859000e-01,-2.073849e-10
7.860000e-01,-2.672367e-10
7.861000e-01,-3.270886e-10
7.862000e-01,-3.869404e-10
7.863000e-01,-4.467923e-10
7.864000e-01,-5.066442e-10
7.865000e-01,2.640233e-11
7.866000e-01,-3.344954e-11
7.867000e-01,-9.330140e-11
7.868000e-01,-1.531533e-10
7.869000e-01,-2.130051e-10
7.870000e-01,-2.728570e-10
7.871000e-01,-3.327088e-10
7.872000e-01,-3.925607e-10
7.873000e-01,-4.524126e-10
7.874000e-01,-5.122644e-10
7.875000e-01,2.078207e-11
7.876000e-01,-3.906980e-11
7.877000e-01,-9.892166e-11
7.878000e-01,-1.587735e-10
7.879000e-01,-2.186254e-10
7.880000e-01,-2.784772e-10
7.881000e-01,-3.383291e-10
7.882000e-01,-3.981810e-10
7.883000e-01,-4.580328e-10
7.884000e-01,-5.178847e-10
7.885000e-01,1.516181e-11
7.886000e-01,-4.469006e-11
7.887000e-01,-1.045419e-10
7.888000e-01,-1.643938e-10
7.889000e-01,-2.242456e-10
7.890000e-01,-2.840975e-10
7.891000e-01,-3.439494e-10
7.892000e-01,-4.038012e-10
7.893000e-01,-4.636531e-10
7.894000e-01,-5.235050e-10
7.895000e-01,9.541544e-12
7.896000e-01,-5.031032e-11
7.897000e-01,-1.101622e-10
7.898000e-01,-1.700140e-10
7.899000e-01,-2.298659e-10
7.900000e-01,-2.897178e-10
7.901000e-01,-3.495696e-10
7.902000e-01,-4.094215e-10
7.903000e-01,-4.692734e-10
7.904000e-01,-5.291252e-10
7.905000e-01,3.921283e-12
7.906000e-01,-5.593058e-11
7.907000e-01,-1.157824e-10
7.908000e-01,-1.756343e-10
7.909000e-01,-2.354862e-10
7.910000e-01,-2.953380e-10
7.911000e-01,-3.551899e-10
7.912000e-01,-4.150418e-10
7.913000e-01,-4.748936e-10
7.914000e-01,-5.347455e-10
7.915000e-01,-1.698978e-12
7.916000e-01,-6.155084e-11
7.917000e-01,-1.214027e-10
7.918000e-01,-1.812546e-10
7.919000e-01,-2.411064e-10
7.920000e-01,-3.009583e-10
7.921000e-01,-3.608102e-10
7.922000e-01,-4.206620e-10
7.923000e-01,-4.805139e-10
7.924000e-01,-5.403657e-10
7.925000e-01,-7.319240e-12
7.926000e-01,-6.717110e-11
7.927000e-01,-1.270230e-10
7.928000e-01,-1.868748e-10
7.929000e-01,-2.467267e-10
7.930000e-01,-3.065786e-10
7.931000e-01,-3.664304e-10
7.932000e-01,-4.262823e-10
7.933000e-01,-4.861341e-10
7.934000e-01,4.691236e-11
7.935000e-01,-1.293950e-11
7.936000e-01,-7.279136e-11
7.937000e-01,-1.326432e-10
7.938000e-01,-1.924951e-10
7.939000e-01,-2.523470e-10
7.940000e-01,-3.121988e-10
7.941000e-01,-3.720507e-10
7.942000e-01,-4.319025e-10
7.943000e-01,-4.917544e-10
7.944000e-01,4.129210e-11
7.945000e-01,-1.855976e-11
7.946000e-01,-7.841162e-11
7.947000e-01,-1.382635e-10
7.948000e-01,-1.981153e-10
7.949000e-01,-2.579672e-10
7.950000e-01,-3.178191e-10
7.951000e-01,-3.776709e-10
7.952000e-01,-4.375228e-10
7.953000e-01,9.552370e-11
7.954000e-01,3.567184e-11
7.955000e-01,-2.418002e-11
7.956000e-01,-8.403189e-11
7.957000e-01,-1.438837e-10
7.958000e-01,-2.037356e-10
7.959000e-01,-2.635875e-10
7.960000e-01,-3.234393e-10
7.961000e-01,-3.832912e-10
7.962000e-01,-4.431431e-10
7.963000e-01,8.990344e-11
7.964000e-01,3.005158e-11
7.965000e-01,-2.980028e-11
7.966000e-01,-8.965215e-11
7.967000e-01,-1.495040e-10
7.968000e-01,-2.093559e-10
7.969000e-01,-2.692077e-10
7.970000e-01,-3.290596e-10
7.971000e-01,-3.889115e-10
7.972000e-01,1.441350e-10
7.973000e-01,8.428318e-11
7.974000e-01,2.443132e-11
7.975000e-01,-3.542055e-11
7.976000e-01,-9.527241e-11
7.977000e-01,-1.551243e-10
7.978000e-01,-2.149761e-10
7.979000e-01,-2.748280e-10
7.980000e-01,-3.346799e-10
7.981000e-01,-3.945317e-10
7.982000e-01,1.385148e-10
7.983000e-01,7.866292e-11
7.984000e-01,1.881106e-11
7.985000e-01,-4.104081e-11
7.986000e-01,-1.008927e-10
7.987000e-01,-1.607445e-10
7.988000e-01,-2.205964e-10
7.989000e-01,-2.804483e-10
7.990000e-01,-3.403001e-10
7.991000e-01,1.927464e-10
7.992000e-01,1.328945e-10
7.993000e-01,7.304266e-11
7.994000e-01,1.319079e-11
7.995000e-01,-4.666107e-11
7.996000e-01,-1.065129e-10
7.997000e-01,-1.663648e-10
7.998000e-01,-2.262167e-10
7.999000e-01,-2.860685e-10
8.000000e-01,-3.459204e-10
8.001000e-01,1.871261e-10
8.002000e-01,1.272743e-10
8.003000e-01,6.742240e-11
8.004000e-01,7.570534e-12
8.005000e-01,-5.228133e-11
8.006000e-01,-1.121332e-10
8.007000e-01,-1.719851e-10
8.008000e-01,-2.318369e-10
8.009000e-01,-2.916888e-10
8.010000e-01,2.413577e-10
8.011000e-01,1.815059e-10
8.012000e-01,1.216540e-10
8.013000e-01,6.180214e-11
8.014000e-01,1.950273e-12
8.015000e-01,-5.790159e-11
8.016000e-01,-1.177535e-10
8.017000e-01,-1.776053e-10
8.018000e-01,-2.374572e-10
8.019000e-01,2.955893e-10
8.020000e-01,2.357375e-10
8.021000e-01,1.758856e-10
8.022000e-01,1.160337e-10
8.023000e-01,5.618187e-11
8.024000e-01,-3.669989e-12
8.025000e-01,-6.352185e-11
8.026000e-01,-1.233737e-10
8.027000e-01,-1.832256e-10
8.028000e-01,-2.430774e-10
8.029000e-01,2.899691e-10
8.030000e-01,2.301172e-10
8.031000e-01,1.702653e-10
8.032000e-01,1.104135e-10
8.033000e-01,5.056161e-11
8.034000e-01,-9.290250e-12
8.035000e-01,-6.914211e-11
8.036000e-01,-1.289940e-10
8.037000e-01,-1.888458e-10
8.038000e-01,3.442007e-10
8.039000e-01,2.843488e-10
8.040000e-01,2.244969e-10
8.041000e-01,1.646451e-10
8.042000e-01,1.047932e-10
8.043000e-01,4.494135e-11
8.044000e-01,-1.491051e-11
8.045000e-01,-7.476237e-11
8.046000e-01,-1.346142e-10
8.047000e-01,-1.944661e-10
8.048000e-01,3.385804e-10
8.049000e-01,2.787285e-10
8.050000e-01,2.188767e-10
8.051000e-01,1.590248e-10
8.052000e-01,9.917295e-11
8.053000e-01,3.932109e-11
8.054000e-01,-2.053077e-11
8.055000e-01,-8.038263e-11
8.056000e-01,-1.402345e-10
8.057000e-01,3.928120e-10
8.058000e-01,3.329601e-10
8.059000e-01,2.731083e-10
8.060000e-01,2.132564e-10
8.061000e-01,1.534046e-10
8.062000e-01,9.355269e-11
8.063000e-01,3.370083e-11
8.064000e-01,-2.615103e-11
8.065000e-01,-8.600290e-11
8.066000e-01,-1.458548e-10
8.067000e-01,3.871917e-10
8.068000e-01,3.273399e-10
8.069000e-01,2.674880e-10
8.070000e-01,2.076362e-10
8.071000e-01,1.477843e-10
8.072000e-01,8.793243e-11
8.073000e-01,2.808057e-11
8.074000e-01,-3.177129e-11
8.075000e-01,-9.162316e-11
8.076000e-01,-1.514750e-10
8.077000e-01,3.815715e-10
8.078000e-01,3.217196e-10
8.079000e-01,2.618678e-10
8.080000e-01,2.020159e-10
8.081000e-01,1.421640e-10
8.082000e-01,8.231217e-11
8.083000e-01,2.246031e-11
8.084000e-01,-3.739156e-11
8.085000e-01,-9.724342e-11
8.086000e-01,-1.570953e-10
8.087000e-01,3.759512e-10
8.088000e-01,3.160994e-10
8.089000e-01,2.562475e-10
8.090000e-01,1.963956e-10
8.091000e-01,1.365438e-10
8.092000e-01,7.669191e-11
8.093000e-01,1.684005e-11
8.094000e-01,-4.301182e-11
8.095000e-01,-1.028637e-10
8.096000e-01,-1.627155e-10
8.097000e-01,3.703310e-10
8.098000e-01,3.104791e-10
8.099000e-01,2.506272e-10
8.100000e-01,1.907754e-10
8.101000e-01,1.309235e-10
8.102000e-01,7.107165e-11
8.103000e-01,1.121978e-11
8.104000e-01,-4.863208e-11
8.105000e-01,-1.084839e-10
8.106000e-01,-1.683358e-10
8.107000e-01,3.647107e-10
8.108000e-01,3.048588e-10
8.109000e-01,2.450070e-10
8.110000e-01,1.851551e-10
8.111000e-01,1.253032e-10
8.112000e-01,6.545139e-11
8.113000e-01,5.599523e-12
8.114000e-01,-5.425234e-11
8.115000e-01,-1.141042e-10
8.116000e-01,-1.739561e-10
8.117000e-01,3.590904e-10
8.118000e-01,2.992386e-10
8.119000e-01,2.393867e-10
8.120000e-01,1.795349e-10
8.121000e-01,1.196830e-10
8.122000e-01,5.983112e-11
8.123000e-01,-2.073769e-14
8.124000e-01,-5.987260e-11
8.125000e-01,-1.197245e-10
8.126000e-01,-1.795763e-10
8.127000e-01,3.534702e-10
8.128000e-01,2.936183e-10
8.129000e-01,2.337665e-10
8.130000e-01,1.739146e-10
8.131000e-01,1.140627e-10
8.132000e-01,5.421086e-11
8.133000e-01,-5.640999e-12
8.134000e-01,-6.549286e-11
8.135000e-01,-1.253447e-10
8.136000e-01,-1.851966e-10
8.137000e-01,3.478499e-10
8.138000e-01,2.879981e-10
8.139000e-01,2.281462e-10
8.140000e-01,1.682943e-10
8.141000e-01,1.084425e-10
8.142000e-01,4.859060e-11
8.143000e-01,-1.126126e-11
8.144000e-01,-7.111312e-11
8.145000e-01,-1.309650e-10
8.146000e-01,-1.908168e-10
8.147000e-01,3.422297e-10
8.148000e-01,2.823778e-10
8.149000e-01,2.225259e-10
8.150000e-01,1.626741e-10
8.151000e-01,1.028222e-10
8.152000e-01,4.297034e-11
8.153000e-01,-1.688152e-11
8.154000e-01,-7.673338e-11
8.155000e-01,-1.365852e-10
8.156000e-01,-1.964371e-10
8.157000e-01,3.366094e-10
8.158000e-01,2.767575e-10
8.159000e-01,2.169057e-10
8.160000e-01,1.570538e-10
8.161000e-01,9.720194e-11
8.162000e-01,3.735008e-11
8.163000e-01,-2.250178e-11
8.164000e-01,-8.235365e-11
8.165000e-01,-1.422055e-10
8.166000e-01,-2.020574e-10
8.167000e-01,3.309891e-10
8.168000e-01,2.711373e-10
8.169000e-01,2.112854e-10
8.170000e-01,1.514335e-10
8.171000e-01,9.158168e-11
8.172000e-01,3.172982e-11
8.173000e-01,-2.812204e-11
8.174000e-01,-8.797391e-11
8.175000e-01,-1.478258e-10
8.176000e-01,-2.076776e-10
8.177000e-01,3.253689e-10
8.178000e-01,2.655170e-10
8.179000e-01,2.056651e-10
8.180000e-01,1.458133e-10
8.181000e-01,8.596142e-11
8.182000e-01,2.610956e-11
8.183000e-01,-3.374230e-11
8.184000e-01,-9.359417e-11
8.185000e-01,-1.534460e-10
8.186000e-01,-2.132979e-10
8.187000e-01,3.197486e-10
8.188000e-01,2.598967e-10
8.189000e-01,2.000449e-10
8.190000e-01,1.401930e-10
8.191000e-01,8.034116e-11
8.192000e-01,2.048930e-11
8.193000e-01,-3.936257e-11
8.194000e-01,-9.921443e-11
8.195000e-01,-1.590663e-10
8.196000e-01,-2.189182e-10
8.197000e-01,-2.787700e-10
8.198000e-01,2.542765e-10
8.199000e-01,1.944246e-10
8.200000e-01,1.345728e-10
8.201000e-01,7.472090e-11
8.202000e-01,1.486904e-11
8.203000e-01,-4.498283e-11
8.204000e-01,-1.048347e-10
8.205000e-01,-1.646866e-10
8.206000e-01,-2.245384e-10
8.207000e-01,-2.843903e-10
8.208000e-01,2.486562e-10
8.209000e-01,1.888044e-10
8.210000e-01,1.289525e-10
8.211000e-01,6.910064e-11
8.212000e-01,9.248774e-12
8.213000e-01,-5.060309e-11
8.214000e-01,-1.104550e-10
8.215000e-01,-1.703068e-10
8.216000e-01,-2.301587e-10
8.217000e-01,-2.900105e-10
8.218000e-01,2.430360e-10
8.219000e-01,1.831841e-10
8.220000e-01,1.233322e-10
8.221000e-01,6.348038e-11
8.222000e-01,3.628513e-12
8.223000e-01,-5.622335e-11
8.224000e-01,-1.160752e-10
8.225000e-01,-1.759271e-10
8.226000e-01,-2.357789e-10
8.227000e-01,-2.956308e-10
8.228000e-01,2.374157e-10
8.229000e-01,1.775638e-10
8.230000e-01,1.177120e-10
8.231000e-01,5.786011e-11
8.232000e-01,-1.991748e-12
8.233000e-01,-6.184361e-11
8.234000e-01,-1.216955e-10
8.235000e-01,-1.815473e-10
8.236000e-01,-2.413992e-10
8.237000e-01,-3.012511e-10
8.238000e-01,2.317954e-10
8.239000e-01,1.719436e-10
8.240000e-01,1.120917e-10
8.241000e-01,5.223985e-11
8.242000e-01,-7.612009e-12
8.243000e-01,-6.746387e-11
8.244000e-01,-1.273157e-10
8.245000e-01,-1.871676e-10
8.246000e-01,-2.470195e-10
8.247000e-01,-3.068713e-10
8.248000e-01,2.261752e-10
8.249000e-01,1.663233e-10
8.250000e-01,1.064715e-10
8.251000e-01,4.661959e-11
8.252000e-01,-1.323227e-11
8.253000e-01,-7.308413e-11
8.254000e-01,-1.329360e-10
8.255000e-01,-1.927879e-10
8.256000e-01,-2.526397e-10
8.257000e-01,-3.124916e-10
8.258000e-01,2.205549e-10
8.259000e-01,1.607031e-10
8.260000e-01,1.008512e-10
8.261000e-01,4.099933e-11
8.262000e-01,-1.885253e-11
8.263000e-01,-7.870439e-11
8.264000e-01,-1.385563e-10
8.265000e-01,-1.984081e-10
8.266000e-01,-2.582600e-10
8.267000e-01,-3.181118e-10
8.268000e-01,2.149347e-10
8.269000e-01,1.550828e-10
8.270000e-01,9.523093e-11
8.271000e-01,3.537907e-11
8.272000e-01,-2.447279e-11
8.273000e-01,-8.432466e-11
8.274000e-01,-1.441765e-10
8.275000e-01,-2.040284e-10
8.276000e-01,-2.638802e-10
8.277000e-01,-3.237321e-10
8.278000e-01,2.093144e-10
8.279000e-01,1.494625e-10
8.280000e-01,8.961067e-11
8.281000e-01,2.975881e-11
8.282000e-01,-3.009305e-11
8.283000e-01,-8.994492e-11
8.284000e-01,-1.497968e-10
8.285000e-01,-2.096486e-10
8.286000e-01,-2.695005e-10
8.287000e-01,-3.293524e-10
8.288000e-01,2.036941e-10
8.289000e-01,1.438423e-10
8.290000e-01,8.399041e-11
8.291000e-01,2.413855e-11
8.292000e-01,-3.571331e-11
8.293000e-01,-9.556518e-11
8.294000e-01,-1.554170e-10
8.295000e-01,-2.152689e-10
8.296000e-01,-2.751208e-10
8.297000e-01,-3.349726e-10
8.298000e-01,1.980739e-10
8.299000e-01,1.382220e-10
8.300000e-01,7.837015e-11
8.301000e-01,1.851829e-11
8.302000e-01,-4.133358e-11
8.303000e-01,-1.011854e-10
8.304000e-01,-1.610373e-10
8.305000e-01,-2.208892e-10
8.306000e-01,-2.807410e-10
8.307000e-01,-3.405929e-10
8.308000e-01,1.924536e-10
8.309000e-01,1.326018e-10
8.310000e-01,7.274989e-11
8.311000e-01,1.289803e-11
8.312000e-01,-4.695384e-11
8.313000e-01,-1.068057e-10
8.314000e-01,-1.666576e-10
8.315000e-01,-2.265094e-10
8.316000e-01,-2.863613e-10
8.317000e-01,-3.462132e-10
8.318000e-01,1.868334e-10
8.319000e-01,1.269815e-10
8.320000e-01,6.712963e-11
8.321000e-01,7.277764e-12
8.322000e-01,-5.257410e-11
8.323000e-01,-1.124260e-10
8.324000e-01,-1.722778e-10
8.325000e-01,-2.321297e-10
8.326000e-01,-2.919815e-10
8.327000e-01,-3.518334e-10
8.328000e-01,-4.116853e-10
8.329000e-01,1.213612e-10
8.330000e-01,6.150937e-11
8.331000e-01,1.657503e-12
8.332000e-01,-5.819436e-11
8.333000e-01,-1.180462e-10
8.334000e-01,-1.778981e-10
8.335000e-01,-2.377499e-10
8.336000e-01,-2.976018e-10
8.337000e-01,-3.574537e-10
8.338000e-01,-4.173055e-10
8.339000e-01,1.157410e-10
8.340000e-01,5.588910e-11
8.341000e-01,-3.962758e-12
8.342000e-01,-6.381462e-11
8.343000e-01,-1.236665e-10
8.344000e-01,-1.835183e-10
8.345000e-01,-2.433702e-10
8.346000e-01,-3.032221e-10
8.347000e-01,-3.630739e-10
8.348000e-01,-4.229258e-10
8.349000e-01,1.101207e-10
8.350000e-01,5.026884e-11
8.351000e-01,-9.583019e-12
8.352000e-01,-6.943488e-11
8.353000e-01,-1.292867e-10
8.354000e-01,-1.891386e-10
8.355000e-01,-2.489905e-10
8.356000e-01,-3.088423e-10
8.357000e-01,-3.686942e-10
8.358000e-01,-4.285461e-10
8.359000e-01,1.045004e-10
8.360000e-01,4.464858e-11
8.361000e-01,-1.520328e-11
8.362000e-01,-7.505514e-11
8.363000e-01,-1.349070e-10
8.364000e-01,-1.947589e-10
8.365000e-01,-2.546107e-10
8.366000e-01,-3.144626e-10
8.367000e-01,-3.743145e-10
8.368000e-01,-4.341663e-10
8.369000e-01,9.888018e-11
8.370000e-01,3.902832e-11
8.371000e-01,-2.082354e-11
8.372000e-01,-8.067540e-11
8.373000e-01,-1.405273e-10
8.374000e-01,-2.003791e-10
8.375000e-01,-2.602310e-10
8.376000e-01,-3.200829e-10
8.377000e-01,-3.799347e-10
8.378000e-01,-4.397866e-10
8.379000e-01,9.325992e-11
8.380000e-01,3.340806e-11
8.381000e-01,-2.644380e-11
8.382000e-01,-8.629567e-11
8.383000e-01,-1.461475e-10
8.384000e-01,-2.059994e-10
8.385000e-01,-2.658513e-10
8.386000e-01,-3.257031e-10
8.387000e-01,-3.855550e-10
8.388000e-01,-4.454068e-10
8.389000e-01,8.763966e-11
8.390000e-01,2.778780e-11
8.391000e-01,-3.206406e-11
8.392000e-01,-9.191593e-11
8.393000e-01,-1.517678e-10
8.394000e-01,-2.116197e-10
8.395000e-01,-2.714715e-10
8.396000e-01,-3.313234e-10
8.397000e-01,-3.911752e-10
8.398000e-01,-4.510271e-10
8.399000e-01,8.201940e-11
8.400000e-01,2.216754e-11
8.401000e-01,-3.768433e-11
8.402000e-01,-9.753619e-11
8.403000e-01,-1.573881e-10
8.404000e-01,-2.172399e-10
8.405000e-01,-2.770918e-10
8.406000e-01,-3.369436e-10
8.407000e-01,-3.967955e-10
8.408000e-01,-4.566474e-10
8.409000e-01,7.639914e-11
8.410000e-01,1.654728e-11
8.411000e-01,-4.330459e-11
8.412000e-01,-1.031564e-10
8.413000e-01,-1.630083e-10
8.414000e-01,-2.228602e-10
8.415000e-01,-2.827120e-10
8.416000e-01,-3.425639e-10
8.417000e-01,-4.024158e-10
8.418000e-01,-4.622676e-10
8.419000e-01,7.077888e-11
8.420000e-01,1.092702e-11
8.421000e-01,-4.892485e-11
8.422000e-01,-1.087767e-10
8.423000e-01,-1.686286e-10
8.424000e-01,-2.284804e-10
8.425000e-01,-2.883323e-10
8.426000e-01,-3.481842e-10
8.427000e-01,-4.080360e-10
8.428000e-01,-4.678879e-10
8.429000e-01,6.515862e-11
8.430000e-01,5.306754e-12
8.431000e-01,-5.454511e-11
8.432000e-01,-1.143970e-10
8.433000e-01,-1.742488e-10
8.434000e-01,-2.341007e-10
8.435000e-01,-2.939526e-10
8.436000e-01,-3.538044e-10
8.437000e-01,-4.136563e-10
8.438000e-01,-4.735081e-10
8.439000e-01,5.953836e-11
8.440000e-01,-3.135073e-13
8.441000e-01,-6.016537e-11
8.442000e-01,-1.200172e-10
8.443000e-01,-1.798691e-10
8.444000e-01,-2.397210e-10
8.445000e-01,-2.995728e-10
8.446000e-01,-3.594247e-10
8.447000e-01,-4.192765e-10
8.448000e-01,-4.791284e-10
8.449000e-01,5.391809e-11
8.450000e-01,-5.933768e-12
8.451000e-01,-6.578563e-11
8.452000e-01,-1.256375e-10
8.453000e-01,-1.854894e-10
8.454000e-01,-2.453412e-10
8.455000e-01,-3.051931e-10
8.456000e-01,-3.650449e-10
8.457000e-01,-4.248968e-10
8.458000e-01,-4.847487e-10
8.459000e-01,-5.446005e-10
8.460000e-01,-1.155403e-11
8.461000e-01,-7.140589e-11
8.462000e-01,-1.312578e-10
8.463000e-01,-1.911096e-10
8.464000e-01,-2.509615e-10
8.465000e-01,-3.108133e-10
8.466000e-01,-3.706652e-10
8.467000e-01,-4.305171e-10
8.468000e-01,-4.903689e-10
8.469000e-01,-5.502208e-10
8.470000e-01,-1.717429e-11
8.471000e-01,-7.702615e-11
8.472000e-01,-1.368780e-10
8.473000e-01,-1.967299e-10
8.474000e-01,-2.565817e-10
8.475000e-01,-3.164336e-10
8.476000e-01,-3.762855e-10
8.477000e-01,-4.361373e-10
8.478000e-01,-4.959892e-10
8.479000e-01,-5.558411e-10
8.480000e-01,-2.279455e-11
8.481000e-01,-8.264641e-11
8.482000e-01,-1.424983e-10
8.483000e-01,-2.023501e-10
8.484000e-01,-2.622020e-10
8.485000e-01,-3.220539e-10
8.486000e-01,-3.819057e-10
8.487000e-01,-4.417576e-10
8.488000e-01,-5.016095e-10
8.489000e-01,-5.614613e-10
8.490000e-01,-2.841481e-11
8.491000e-01,-8.826668e-11
8.492000e-01,-1.481185e-10
8.493000e-01,-2.079704e-10
8.494000e-01,-2.678223e-10
8.495000e-01,-3.276741e-10
8.496000e-01,-3.875260e-10
8.497000e-01,-4.473779e-10
8.498000e-01,-5.072297e-10
8.499000e-01,-5.670816e-10
8.500000e-01,-3.403507e-11
8.501000e-01,-9.388694e-11
8.502000e-01,-1.537388e-10
8.503000e-01,-2.135907e-10
8.504000e-01,-2.734425e-10
8.505000e-01,-3.332944e-10
8.506000e-01,-3.931463e-10
8.507000e-01,-4.529981e-10
8.508000e-01,-5.128500e-10
8.509000e-01,-5.727018e-10
8.510000e-01,-3.965534e-11
8.511000e-01,-9.950720e-11
8.512000e-01,-1.593591e-10
8.513000e-01,-2.192109e-10
8.514000e-01,-2.790628e-10
8.515000e-01,-3.389146e-10
8.516000e-01,-3.987665e-10
8.517000e-01,-4.586184e-10
8.518000e-01,-5.184702e-10
8.519000e-01,1.457627e-11
8.520000e-01,-4.527560e-11
8.521000e-01,-1.051275e-10
8.522000e-01,-1.649793e-10
8.523000e-01,-2.248312e-10
8.524000e-01,-2.846830e-10
8.525000e-01,-3.445349e-10
8.526000e-01,-4.043868e-10
8.527000e-01,-4.642386e-10
8.528000e-01,-5.240905e-10
8.529000e-01,8.956005e-12
8.530000e-01,-5.089586e-11
8.531000e-01,-1.107477e-10
8.532000e-01,-1.705996e-10
8.533000e-01,-2.304514e-10
8.534000e-01,-2.903033e-10
8.535000e-01,-3.501552e-10
8.536000e-01,-4.100070e-10
8.537000e-01,-4.698589e-10
8.538000e-01,6.318761e-11
8.539000e-01,3.335744e-12
8.540000e-01,-5.651612e-11
8.541000e-01,-1.163680e-10
8.542000e-01,-1.762198e-10
8.543000e-01,-2.360717e-10
8.544000e-01,-2.959236e-10
8.545000e-01,-3.557754e-10
8.546000e-01,-4.156273e-10
8.547000e-01,-4.754792e-10
8.548000e-01,5.756735e-11
8.549000e-01,-2.284518e-12
8.550000e-01,-6.213638e-11
8.551000e-01,-1.219882e-10
8.552000e-01,-1.818401e-10
8.553000e-01,-2.416920e-10
8.554000e-01,-3.015438e-10
8.555000e-01,-3.613957e-10
8.556000e-01,-4.212476e-10
8.557000e-01,1.117989e-10
8.558000e-01,5.194708e-11
8.559000e-01,-7.904779e-12
8.560000e-01,-6.775664e-11
8.561000e-01,-1.276085e-10
8.562000e-01,-1.874604e-10
8.563000e-01,-2.473122e-10
8.564000e-01,-3.071641e-10
8.565000e-01,-3.670160e-10
8.566000e-01,-4.268678e-10
8.567000e-01,1.061787e-10
8.568000e-01,4.632682e-11
8.569000e-01,-1.352504e-11
8.570000e-01,-7.337690e-11
8.571000e-01,-1.332288e-10
8.572000e-01,-1.930806e-10
8.573000e-01,-2.529325e-10
8.574000e-01,-3.127844e-10
8.575000e-01,-3.726362e-10
8.576000e-01,1.604103e-10
8.577000e-01,1.005584e-10
8.578000e-01,4.070656e-11
8.579000e-01,-1.914530e-11
8.580000e-01,-7.899716e-11
8.581000e-01,-1.388490e-10
8.582000e-01,-1.987009e-10
8.583000e-01,-2.585528e-10
8.584000e-01,-3.184046e-10
8.585000e-01,2.146419e-10
8.586000e-01,1.547900e-10
8.587000e-01,9.493816e-11
8.588000e-01,3.508630e-11
8.589000e-01,-2.476556e-11
8.590000e-01,-8.461742e-11
8.591000e-01,-1.444693e-10
8.592000e-01,-2.043212e-10
8.593000e-01,-2.641730e-10
8.594000e-01,-3.240249e-10
8.595000e-01,2.090216e-10
8.596000e-01,1.491698e-10
8.597000e-01,8.931790e-11
8.598000e-01,2.946604e-11
8.599000e-01,-3.038582e-11
8.600000e-01,-9.023769e-11
8.601000e-01,-1.500895e-10
8.602000e-01,-2.099414e-10
8.603000e-01,-2.697933e-10
8.604000e-01,2.632532e-10
8.605000e-01,2.034014e-10
8.606000e-01,1.435495e-10
8.607000e-01,8.369764e-11
8.608000e-01,2.384578e-11
8.609000e-01,-3.600608e-11
8.610000e-01,-9.585795e-11
8.611000e-01,-1.557098e-10
8.612000e-01,-2.155617e-10
8.613000e-01,-2.754135e-10
8.614000e-01,2.576330e-10
8.615000e-01,1.977811e-10
8.616000e-01,1.379292e-10
8.617000e-01,7.807738e-11
8.618000e-01,1.822552e-11
8.619000e-01,-4.162635e-11
8.620000e-01,-1.014782e-10
8.621000e-01,-1.613301e-10
8.622000e-01,-2.211819e-10
8.623000e-01,3.118646e-10
8.624000e-01,2.520127e-10
8.625000e-01,1.921608e-10
8.626000e-01,1.323090e-10
8.627000e-01,7.245712e-11
8.628000e-01,1.260526e-11
8.629000e-01,-4.724661e-11
8.630000e-01,-1.070985e-10
8.631000e-01,-1.669503e-10
8.632000e-01,-2.268022e-10
8.633000e-01,3.062443e-10
8.634000e-01,2.463924e-10
8.635000e-01,1.865406e-10
8.636000e-01,1.266887e-10
8.637000e-01,6.683686e-11
8.638000e-01,6.984995e-12
8.639000e-01,-5.286687e-11
8.640000e-01,-1.127187e-10
8.641000e-01,-1.725706e-10
8.642000e-01,3.604759e-10
8.643000e-01,3.006240e-10
8.644000e-01,2.407722e-10
8.645000e-01,1.809203e-10
8.646000e-01,1.210685e-10
8.647000e-01,6.121660e-11
8.648000e-01,1.364733e-12
8.649000e-01,-5.848713e-11
8.650000e-01,-1.183390e-10
8.651000e-01,4.147075e-10
8.652000e-01,3.548556e-10
8.653000e-01,2.950038e-10
8.654000e-01,2.351519e-10
8.655000e-01,1.753001e-10
8.656000e-01,1.154482e-10
8.657000e-01,5.559633e-11
8.658000e-01,-4.255528e-12
8.659000e-01,-6.410739e-11
8.660000e-01,-1.239593e-10
8.661000e-01,4.090872e-10
8.662000e-01,3.492354e-10
8.663000e-01,2.893835e-10
8.664000e-01,2.295317e-10
8.665000e-01,1.696798e-10
8.666000e-01,1.098279e-10
8.667000e-01,4.997607e-11
8.668000e-01,-9.875789e-12
8.669000e-01,-6.972765e-11
8.670000e-01,-1.295795e-10
8.671000e-01,4.034670e-10
8.672000e-01,3.436151e-10
8.673000e-01,2.837633e-10
8.674000e-01,2.239114e-10
8.675000e-01,1.640595e-10
8.676000e-01,1.042077e-10
8.677000e-01,4.435581e-11
8.678000e-01,-1.549605e-11
8.679000e-01,-7.534791e-11
8.680000e-01,-1.351998e-10
8.681000e-01,3.978467e-10
8.682000e-01,3.379949e-10
8.683000e-01,2.781430e-10
8.684000e-01,2.182911e-10
8.685000e-01,1.584393e-10
8.686000e-01,9.858741e-11
8.687000e-01,3.873555e-11
8.688000e-01,-2.111631e-11
8.689000e-01,-8.096817e-11
8.690000e-01,-1.408200e-10
8.691000e-01,3.922265e-10
8.692000e-01,3.323746e-10
8.693000e-01,2.725227e-10
8.694000e-01,2.126709e-10
8.695000e-01,1.528190e-10
8.696000e-01,9.296715e-11
8.697000e-01,3.311529e-11
8.698000e-01,-2.673657e-11
8.699000e-01,-8.658844e-11
8.700000e-01,-1.464403e-10
8.701000e-01,3.866062e-10
8.702000e-01,3.267543e-10
8.703000e-01,2.669025e-10
8.704000e-01,2.070506e-10
8.705000e-01,1.471988e-10
8.706000e-01,8.734689e-11
8.707000e-01,2.749503e-11
8.708000e-01,-3.235683e-11
8.709000e-01,-9.220870e-11
8.710000e-01,-1.520606e-10
8.711000e-01,3.809859e-10
8.712000e-01,3.211341e-10
8.713000e-01,2.612822e-10
8.714000e-01,2.014304e-10
8.715000e-01,1.415785e-10
8.716000e-01,8.172663e-11
8.717000e-01,2.187477e-11
8.718000e-01,-3.797709e-11
8.719000e-01,-9.782896e-11
8.720000e-01,-1.576808e-10
8.721000e-01,-2.175327e-10
8.722000e-01,3.155138e-10
8.723000e-01,2.556620e-10
8.724000e-01,1.958101e-10
8.725000e-01,1.359582e-10
8.726000e-01,7.610637e-11
8.727000e-01,1.625451e-11
8.728000e-01,-4.359736e-11
8.729000e-01,-1.034492e-10
8.730000e-01,-1.633011e-10
8.731000e-01,-2.231529e-10
8.732000e-01,3.098936e-10
8.733000e-01,2.500417e-10
8.734000e-01,1.901898e-10
8.735000e-01,1.303380e-10
8.736000e-01,7.048611e-11
8.737000e-01,1.063425e-11
8.738000e-01,-4.921762e-11
8.739000e-01,-1.090695e-10
8.740000e-01,-1.689213e-10
8.741000e-01,-2.287732e-10
8.742000e-01,3.042733e-10
8.743000e-01,2.444214e-10
8.744000e-01,1.845696e-10
8.745000e-01,1.247177e-10
8.746000e-01,6.486585e-11
8.747000e-01,5.013984e-12
8.748000e-01,-5.483788e-11
8.749000e-01,-1.146897e-10
8.750000e-01,-1.745416e-10
8.751000e-01,-2.343935e-10
8.752000e-01,2.986530e-10
8.753000e-01,2.388012e-10
8.754000e-01,1.789493e-10
8.755000e-01,1.190974e-10
8.756000e-01,5.924559e-11
8.757000e-01,-6.062769e-13
8.758000e-01,-6.045814e-11
8.759000e-01,-1.203100e-10
8.760000e-01,-1.801619e-10
8.761000e-01,-2.400137e-10
8.762000e-01,2.930328e-10
8.763000e-01,2.331809e-10
8.764000e-01,1.733290e-10
8.765000e-01,1.134772e-10
8.766000e-01,5.362532e-11
8.767000e-01,-6.226538e-12
8.768000e-01,-6.607840e-11
8.769000e-01,-1.259303e-10
8.770000e-01,-1.857821e-10
8.771000e-01,-2.456340e-10
8.772000e-01,2.874125e-10
8.773000e-01,2.275607e-10
8.774000e-01,1.677088e-10
8.775000e-01,1.078569e-10
8.776000e-01,4.800506e-11
8.777000e-01,-1.184680e-11
8.778000e-01,-7.169866e-11
8.779000e-01,-1.315505e-10
8.780000e-01,-1.914024e-10
8.781000e-01,-2.512542e-10
8.782000e-01,2.817923e-10
8.783000e-01,2.219404e-10
8.784000e-01,1.620885e-10
8.785000e-01,1.022367e-10
8.786000e-01,4.238480e-11
8.787000e-01,-1.746706e-11
8.788000e-01,-7.731892e-11
8.789000e-01,-1.371708e-10
8.790000e-01,-1.970226e-10
8.791000e-01,-2.568745e-10
8.792000e-01,2.761720e-10
8.793000e-01,2.163201e-10
8.794000e-01,1.564683e-10
8.795000e-01,9.661640e-11
8.796000e-01,3.676454e-11
8.797000e-01,-2.308732e-11
8.798000e-01,-8.293918e-11
8.799000e-01,-1.427910e-10
8.800000e-01,-2.026429e-10
8.801000e-01,-2.624948e-10
8.802000e-01,2.705517e-10
8.803000e-01,2.106999e-10
8.804000e-01,1.508480e-10
8.805000e-01,9.099614e-11
8.806000e-01,3.114428e-11
8.807000e-01,-2.870758e-11
8.808000e-01,-8.855945e-11
8.809000e-01,-1.484113e-10
8.810000e-01,-2.082632e-10
8.811000e-01,-2.681150e-10
8.812000e-01,2.649315e-10
8.813000e-01,2.050796e-10
8.814000e-01,1.452277e-10
8.815000e-01,8.537588e-11
8.816000e-01,2.552402e-11
8.817000e-01,-3.432784e-11
8.818000e-01,-9.417971e-11
8.819000e-01,-1.540316e-10
8.820000e-01,-2.138834e-10
8.821000e-01,-2.737353e-10
8.822000e-01,2.593112e-10
8.823000e-01,1.994593e-10
8.824000e-01,1.396075e-10
8.825000e-01,7.975562e-11
8.826000e-01,1.990376e-11
8.827000e-01,-3.994811e-11
8.828000e-01,-9.979997e-11
8.829000e-01,-1.596518e-10
8.830000e-01,-2.195037e-10
8.831000e-01,-2.793556e-10
8.832000e-01,2.536909e-10
8.833000e-01,1.938391e-10
8.834000e-01,1.339872e-10
8.835000e-01,7.413536e-11
8.836000e-01,1.428350e-11
8.837000e-01,-4.556837e-11
8.838000e-01,-1.054202e-10
8.839000e-01,-1.652721e-10
8.840000e-01,-2.251240e-10
8.841000e-01,-2.849758e-10
8.842000e-01,2.480707e-10
8.843000e-01,1.882188e-10
8.844000e-01,1.283670e-10
8.845000e-01,6.851510e-11
8.846000e-01,8.663235e-12
8.847000e-01,-5.118863e-11
8.848000e-01,-1.110405e-10
8.849000e-01,-1.708924e-10
8.850000e-01,-2.307442e-10
8.851000e-01,-2.905961e-10
8.852000e-01,2.424504e-10
8.853000e-01,1.825986e-10
8.854000e-01,1.227467e-10
8.855000e-01,6.289484e-11
8.856000e-01,3.042974e-12
8.857000e-01,-5.680889e-11
8.858000e-01,-1.166608e-10
8.859000e-01,-1.765126e-10
8.860000e-01,-2.363645e-10
8.861000e-01,-2.962163e-10
8.862000e-01,-3.560682e-10
8.863000e-01,1.769783e-10
8.864000e-01,1.171264e-10
8.865000e-01,5.727458e-11
8.866000e-01,-2.577287e-12
8.867000e-01,-6.242915e-11
8.868000e-01,-1.222810e-10
8.869000e-01,-1.821329e-10
8.870000e-01,-2.419847e-10
8.871000e-01,-3.018366e-10
8.872000e-01,-3.616885e-10
8.873000e-01,1.713580e-10
8.874000e-01,1.115062e-10
8.875000e-01,5.165431e-11
8.876000e-01,-8.197548e-12
8.877000e-01,-6.804941e-11
8.878000e-01,-1.279013e-10
8.879000e-01,-1.877531e-10
8.880000e-01,-2.476050e-10
8.881000e-01,-3.074569e-10
8.882000e-01,-3.673087e-10
8.883000e-01,1.657378e-10
8.884000e-01,1.058859e-10
8.885000e-01,4.603405e-11
8.886000e-01,-1.381781e-11
8.887000e-01,-7.366967e-11
8.888000e-01,-1.335215e-10
8.889000e-01,-1.933734e-10
8.890000e-01,-2.532253e-10
8.891000e-01,-3.130771e-10
8.892000e-01,-3.729290e-10
8.893000e-01,1.601175e-10
8.894000e-01,1.002657e-10
8.895000e-01,4.041379e-11
8.896000e-01,-1.943807e-11
8.897000e-01,-7.928993e-11
8.898000e-01,-1.391418e-10
8.899000e-01,-1.989937e-10
8.900000e-01,-2.588455e-10
8.901000e-01,-3.186974e-10
8.902000e-01,-3.785492e-10
8.903000e-01,1.544973e-10
8.904000e-01,9.464539e-11
8.905000e-01,3.479353e-11
8.906000e-01,-2.505833e-11
8.907000e-01,-8.491019e-11
8.908000e-01,-1.447621e-10
8.909000e-01,-2.046139e-10
8.910000e-01,-2.644658e-10
8.911000e-01,-3.243176e-10
8.912000e-01,-3.841695e-10
8.913000e-01,1.488770e-10
8.914000e-01,8.902513e-11
8.915000e-01,2.917327e-11
8.916000e-01,-3.067859e-11
8.917000e-01,-9.053046e-11
8.918000e-01,-1.503823e-10
8.919000e-01,-2.102342e-10
8.920000e-01,-2.700860e-10
8.921000e-01,-3.299379e-10
8.922000e-01,-3.897898e-10
8.923000e-01,1.432567e-10
8.924000e-01,8.340487e-11
8.925000e-01,2.355301e-11
8.926000e-01,-3.629885e-11
8.927000e-01,-9.615072e-11
8.928000e-01,-1.560026e-10
8.929000e-01,-2.158544e-10
8.930000e-01,-2.757063e-10
8.931000e-01,-3.355582e-10
8.932000e-01,-3.954100e-10
8.933000e-01,1.376365e-10
8.934000e-01,7.778461e-11
8.935000e-01,1.793275e-11
8.936000e-01,-4.191912e-11
8.937000e-01,-1.017710e-10
8.938000e-01,-1.616228e-10
8.939000e-01,-2.214747e-10
8.940000e-01,-2.813266e-10
8.941000e-01,-3.411784e-10
8.942000e-01,-4.010303e-10
8.943000e-01,1.320162e-10
8.944000e-01,7.216435e-11
8.945000e-01,1.231249e-11
8.946000e-01,-4.753938e-11
8.947000e-01,-1.073912e-10
8.948000e-01,-1.672431e-10
8.949000e-01,-2.270950e-10
8.950000e-01,-2.869468e-10
8.951000e-01,-3.467987e-10
8.952000e-01,-4.066506e-10
8.953000e-01,1.263960e-10
8.954000e-01,6.654409e-11
8.955000e-01,6.692225e-12
8.956000e-01,-5.315964e-11
8.957000e-01,-1.130115e-10
8.958000e-01,-1.728634e-10
8.959000e-01,-2.327152e-10
8.960000e-01,-2.925671e-10
8.961000e-01,-3.524190e-10
8.962000e-01,-4.122708e-10
8.963000e-01,1.207757e-10
8.964000e-01,6.092383e-11
8.965000e-01,1.071964e-12
8.966000e-01,-5.877990e-11
8.967000e-01,-1.186318e-10
8.968000e-01,-1.784836e-10
8.969000e-01,-2.383355e-10
8.970000e-01,-2.981873e-10
8.971000e-01,-3.580392e-10
8.972000e-01,-4.178911e-10
8.973000e-01,1.151554e-10
8.974000e-01,5.530357e-11
8.975000e-01,-4.548297e-12
8.976000e-01,-6.440016e-11
8.977000e-01,-1.242520e-10
8.978000e-01,-1.841039e-10
8.979000e-01,-2.439557e-10
8.980000e-01,-3.038076e-10
8.981000e-01,-3.636595e-10
8.982000e-01,-4.235113e-10
8.983000e-01,1.095352e-10
8.984000e-01,4.968330e-11
8.985000e-01,-1.016856e-11
8.986000e-01,-7.002042e-11
8.987000e-01,-1.298723e-10
8.988000e-01,-1.897241e-10
8.989000e-01,-2.495760e-10
8.990000e-01,-3.094279e-10
8.991000e-01,-3.692797e-10
8.992000e-01,-4.291316e-10
8.993000e-01,-4.889835e-10
8.994000e-01,4.406304e-11
8.995000e-01,-1.578882e-11
8.996000e-01,-7.564068e-11
8.997000e-01,-1.354925e-10
8.998000e-01,-1.953444e-10
8.999000e-01,-2.551963e-10
9.000000e-01,-3.150481e-10
9.001000e-01,-3.749000e-10
9.002000e-01,-4.347519e-10
9.003000e-01,-4.946037e-10
9.004000e-01,3.844278e-11
9.005000e-01,-2.140908e-11
9.006000e-01,-8.126094e-11
9.007000e-01,-1.411128e-10
9.008000e-01,-2.009647e-10
9.009000e-01,-2.608165e-10
9.010000e-01,-3.206684e-10
9.011000e-01,-3.805203e-10
9.012000e-01,-4.403721e-10
9.013000e-01,-5.002240e-10
9.014000e-01,3.282252e-11
9.015000e-01,-2.702934e-11
9.016000e-01,-8.688120e-11
9.017000e-01,-1.467331e-10
9.018000e-01,-2.065849e-10
9.019000e-01,-2.664368e-10
9.020000e-01,-3.262887e-10
9.021000e-01,-3.861405e-10
9.022000e-01,-4.459924e-10
9.023000e-01,-5.058442e-10
9.024000e-01,2.720226e-11
9.025000e-01,-3.264960e-11
9.026000e-01,-9.250147e-11
9.027000e-01,-1.523533e-10
9.028000e-01,-2.122052e-10
9.029000e-01,-2.720571e-10
9.030000e-01,-3.319089e-10
9.031000e-01,-3.917608e-10
9.032000e-01,-4.516126e-10
9.033000e-01,-5.114645e-10
9.034000e-01,2.158200e-11
9.035000e-01,-3.826986e-11
9.036000e-01,-9.812173e-11
9.037000e-01,-1.579736e-10
9.038000e-01,-2.178255e-10
9.039000e-01,-2.776773e-10
9.040000e-01,-3.375292e-10
9.041000e-01,-3.973810e-10
9.042000e-01,-4.572329e-10
9.043000e-01,-5.170848e-10
9.044000e-01,1.596174e-11
9.045000e-01,-4.389013e-11
9.046000e-01,-1.037420e-10
9.047000e-01,-1.635939e-10
9.048000e-01,-2.234457e-10
9.049000e-01,-2.832976e-10
9.050000e-01,-3.431494e-10
9.051000e-01,-4.030013e-10
9.052000e-01,-4.628532e-10
9.053000e-01,-5.227050e-10
9.054000e-01,1.034148e-11
9.055000e-01,-4.951039e-11
9.056000e-01,-1.093622e-10
9.057000e-01,-1.692141e-10
9.058000e-01,-2.290660e-10
9.059000e-01,-2.889178e-10
9.060000e-01,-3.487697e-10
9.061000e-01,-4.086216e-10
9.062000e-01,-4.684734e-10
9.063000e-01,-5.283253e-10
9.064000e-01,4.721215e-12
9.065000e-01,-5.513065e-11
9.066000e-01,-1.149825e-10
9.067000e-01,-1.748344e-10
9.068000e-01,-2.346862e-10
9.069000e-01,-2.945381e-10
9.070000e-01,-3.543900e-10
9.071000e-01,-4.142418e-10
9.072000e-01,-4.740937e-10
9.073000e-01,-5.339455e-10
9.074000e-01,-8.990464e-13
9.075000e-01,-6.075091e-11
9.076000e-01,-1.206028e-10
9.077000e-01,-1.804546e-10
9.078000e-01,-2.403065e-10
9.079000e-01,-3.001584e-10
9.080000e-01,-3.600102e-10
9.081000e-01,-4.198621e-10
9.082000e-01,-4.797139e-10
9.083000e-01,-5.395658e-10
9.084000e-01,-6.519308e-12
9.085000e-01,-6.637117e-11
9.086000e-01,-1.262230e-10
9.087000e-01,-1.860749e-10
9.088000e-01,-2.459268e-10
9.089000e-01,-3.057786e-10
9.090000e-01,-3.656305e-10
9.091000e-01,-4.254823e-10
9.092000e-01,-4.853342e-10
9.093000e-01,-5.451861e-10
9.094000e-01,-1.213957e-11
9.095000e-01,-7.199143e-11
9.096000e-01,-1.318433e-10
9.097000e-01,-1.916952e-10
9.098000e-01,-2.515470e-10
9.099000e-01,-3.113989e-10
9.100000e-01,-3.712507e-10
9.101000e-01,-4.311026e-10
9.102000e-01,-4.909545e-10
9.103000e-01,-5.508063e-10
9.104000e-01,-1.775983e-11
9.105000e-01,-7.761169e-11
9.106000e-01,-1.374636e-10
9.107000e-01,-1.973154e-10
9.108000e-01,-2.571673e-10
9.109000e-01,-3.170191e-10
9.110000e-01,-3.768710e-10
9.111000e-01,-4.367229e-10
9.112000e-01,-4.965747e-10
9.113000e-01,-5.564266e-10
9.114000e-01,-2.338009e-11
9.115000e-01,-8.323195e-11
9.116000e-01,-1.430838e-10
9.117000e-01,-2.029357e-10
9.118000e-01,-2.627875e-10
9.119000e-01,-3.226394e-10
9.120000e-01,-3.824913e-10
9.121000e-01,-4.423431e-10
9.122000e-01,-5.021950e-10
9.123000e-01,3.085151e-11
9.124000e-01,-2.900035e-11
9.125000e-01,-8.885221e-11
9.126000e-01,-1.487041e-10
9.127000e-01,-2.085559e-10
9.128000e-01,-2.684078e-10
9.129000e-01,-3.282597e-10
9.130000e-01,-3.881115e-10
9.131000e-01,-4.479634e-10
9.132000e-01,-5.078153e-10
9.133000e-01,2.523125e-11
9.134000e-01,-3.462061e-11
9.135000e-01,-9.447248e-11
9.136000e-01,-1.543243e-10
9.137000e-01,-2.141762e-10
9.138000e-01,-2.740281e-10
9.139000e-01,-3.338799e-10
9.140000e-01,-3.937318e-10
9.141000e-01,-4.535837e-10
9.142000e-01,7.946285e-11
9.143000e-01,1.961099e-11
9.144000e-01,-4.024087e-11
9.145000e-01,-1.000927e-10
9.146000e-01,-1.599446e-10
9.147000e-01,-2.197965e-10
9.148000e-01,-2.796483e-10
9.149000e-01,-3.395002e-10
9.150000e-01,-3.993521e-10
9.151000e-01,1.336945e-10
9.152000e-01,7.384259e-11
9.153000e-01,1.399073e-11
9.154000e-01,-4.586114e-11
9.155000e-01,-1.057130e-10
9.156000e-01,-1.655649e-10
9.157000e-01,-2.254167e-10
9.158000e-01,-2.852686e-10
9.159000e-01,-3.451204e-10
9.160000e-01,-4.049723e-10
9.161000e-01,1.280742e-10
9.162000e-01,6.822233e-11
9.163000e-01,8.370466e-12
9.164000e-01,-5.148140e-11
9.165000e-01,-1.113333e-10
9.166000e-01,-1.711851e-10
9.167000e-01,-2.310370e-10
9.168000e-01,-2.908888e-10
9.169000e-01,-3.507407e-10
9.170000e-01,1.823058e-10
9.171000e-01,1.224539e-10
9.172000e-01,6.260207e-11
9.173000e-01,2.750204e-12
9.174000e-01,-5.710166e-11
9.175000e-01,-1.169535e-10
9.176000e-01,-1.768054e-10
9.177000e-01,-2.366572e-10
9.178000e-01,-2.965091e-10
9.179000e-01,-3.563610e-10
9.180000e-01,1.766855e-10
9.181000e-01,1.168337e-10
9.182000e-01,5.698181e-11
9.183000e-01,-2.870057e-12
9.184000e-01,-6.272192e-11
9.185000e-01,-1.225738e-10
9.186000e-01,-1.824256e-10
9.187000e-01,-2.422775e-10
9.188000e-01,-3.021294e-10
9.189000e-01,2.309171e-10
9.190000e-01,1.710653e-10
9.191000e-01,1.112134e-10
9.192000e-01,5.136154e-11
9.193000e-01,-8.490318e-12
9.194000e-01,-6.834218e-11
9.195000e-01,-1.281940e-10
9.196000e-01,-1.880459e-10
9.197000e-01,-2.478978e-10
9.198000e-01,-3.077496e-10
9.199000e-01,2.252969e-10
9.200000e-01,1.654450e-10
9.201000e-01,1.055931e-10
9.202000e-01,4.574128e-11
9.203000e-01,-1.411058e-11
9.204000e-01,-7.396244e-11
9.205000e-01,-1.338143e-10
9.206000e-01,-1.936662e-10
9.207000e-01,-2.535180e-10
9.208000e-01,2.795285e-10
9.209000e-01,2.196766e-10
9.210000e-01,1.598247e-10
9.211000e-01,9.997289e-11
9.212000e-01,4.012102e-11
9.213000e-01,-1.973084e-11
9.214000e-01,-7.958270e-11
9.215000e-01,-1.394346e-10
9.216000e-01,-1.992864e-10
9.217000e-01,-2.591383e-10
9.218000e-01,2.739082e-10
9.219000e-01,2.140563e-10
9.220000e-01,1.542045e-10
9.221000e-01,9.435262e-11
9.222000e-01,3.450076e-11
9.223000e-01,-2.535110e-11
9.224000e-01,-8.520296e-11
9.225000e-01,-1.450548e-10
9.226000e-01,-2.049067e-10
9.227000e-01,3.281398e-10
9.228000e-01,2.682880e-10
9.229000e-01,2.084361e-10
9.230000e-01,1.485842e-10
9.231000e-01,8.873236e-11
9.232000e-01,2.888050e-11
9.233000e-01,-3.097136e-11
9.234000e-01,-9.082323e-11
9.235000e-01,-1.506751e-10
9.236000e-01,3.823714e-10
9.237000e-01,3.225196e-10
9.238000e-01,2.626677e-10
9.239000e-01,2.028158e-10
9.240000e-01,1.429640e-10
9.241000e-01,8.311210e-11
9.242000e-01,2.326024e-11
9.243000e-01,-3.659162e-11
9.244000e-01,-9.644349e-11
9.245000e-01,-1.562953e-10
9.246000e-01,3.767512e-10
9.247000e-01,3.168993e-10
9.248000e-01,2.570474e-10
9.249000e-01,1.971956e-10
9.250000e-01,1.373437e-10
9.251000e-01,7.749184e-11
9.252000e-01,1.763998e-11
9.253000e-01,-4.221188e-11
9.254000e-01,-1.020637e-10
9.255000e-01,-1.619156e-10
9.256000e-01,3.711309e-10
9.257000e-01,3.112790e-10
9.258000e-01,2.514272e-10
9.259000e-01,1.915753e-10
9.260000e-01,1.317234e-10
9.261000e-01,7.187158e-11
9.262000e-01,1.201972e-11
9.263000e-01,-4.783215e-11
9.264000e-01,-1.076840e-10
9.265000e-01,-1.675359e-10
9.266000e-01,3.655106e-10
9.267000e-01,3.056588e-10
9.268000e-01,2.458069e-10
9.269000e-01,1.859550e-10
9.270000e-01,1.261032e-10
9.271000e-01,6.625132e-11
9.272000e-01,6.399455e-12
9.273000e-01,-5.345241e-11
9.274000e-01,-1.133043e-10
9.275000e-01,-1.731561e-10
9.276000e-01,3.598904e-10
9.277000e-01,3.000385e-10
9.278000e-01,2.401866e-10
9.279000e-01,1.803348e-10
9.280000e-01,1.204829e-10
9.281000e-01,6.063106e-11
9.282000e-01,7.791942e-13
9.283000e-01,-5.907267e-11
9.284000e-01,-1.189245e-10
9.285000e-01,-1.787764e-10
9.286000e-01,3.542701e-10
9.287000e-01,2.944182e-10
9.288000e-01,2.345664e-10
9.289000e-01,1.747145e-10
9.290000e-01,1.148627e-10
9.291000e-01,5.501080e-11
9.292000e-01,-4.841067e-12
9.293000e-01,-6.469293e-11
9.294000e-01,-1.245448e-10
9.295000e-01,-1.843967e-10
9.296000e-01,3.486498e-10
9.297000e-01,2.887980e-10
9.298000e-01,2.289461e-10
9.299000e-01,1.690943e-10
9.300000e-01,1.092424e-10
9.301000e-01,4.939053e-11
9.302000e-01,-1.046133e-11
9.303000e-01,-7.031319e-11
9.304000e-01,-1.301651e-10
9.305000e-01,-1.900169e-10
9.306000e-01,3.430296e-10
9.307000e-01,2.831777e-10
9.308000e-01,2.233259e-10
9.309000e-01,1.634740e-10
9.310000e-01,1.036221e-10
9.311000e-01,4.377027e-11
9.312000e-01,-1.608159e-11
9.313000e-01,-7.593345e-11
9.314000e-01,-1.357853e-10
9.315000e-01,-1.956372e-10
9.316000e-01,3.374093e-10
9.317000e-01,2.775575e-10
9.318000e-01,2.177056e-10
9.319000e-01,1.578537e-10
9.320000e-01,9.800187e-11
9.321000e-01,3.815001e-11
9.322000e-01,-2.170185e-11
9.323000e-01,-8.155371e-11
9.324000e-01,-1.414056e-10
9.325000e-01,-2.012574e-10
9.326000e-01,3.317891e-10
9.327000e-01,2.719372e-10
9.328000e-01,2.120853e-10
9.329000e-01,1.522335e-10
9.330000e-01,9.238161e-11
9.331000e-01,3.252975e-11
9.332000e-01,-2.732211e-11
9.333000e-01,-8.717397e-11
9.334000e-01,-1.470258e-10
9.335000e-01,-2.068777e-10
9.336000e-01,3.261688e-10
9.337000e-01,2.663169e-10
9.338000e-01,2.064651e-10
9.339000e-01,1.466132e-10
9.340000e-01,8.676135e-11
9.341000e-01,2.690949e-11
9.342000e-01,-3.294237e-11
9.343000e-01,-9.279424e-11
9.344000e-01,-1.526461e-10
9.345000e-01,-2.124980e-10
9.346000e-01,3.205485e-10
9.347000e-01,2.606967e-10
9.348000e-01,2.008448e-10
9.349000e-01,1.409930e-10
9.350000e-01,8.114109e-11
9.351000e-01,2.128923e-11
9.352000e-01,-3.856263e-11
9.353000e-01,-9.841450e-11
9.354000e-01,-1.582664e-10
9.355000e-01,-2.181182e-10
9.356000e-01,3.149283e-10
9.357000e-01,2.550764e-10
9.358000e-01,1.952246e-10
9.359000e-01,1.353727e-10
9.360000e-01,7.552083e-11
9.361000e-01,1.566897e-11
9.362000e-01,-4.418290e-11
9.363000e-01,-1.040348e-10
9.364000e-01,-1.638866e-10
9.365000e-01,-2.237385e-10
9.366000e-01,3.093080e-10
9.367000e-01,2.494562e-10
9.368000e-01,1.896043e-10
9.369000e-01,1.297524e-10
9.370000e-01,6.990057e-11
9.371000e-01,1.004871e-11
9.372000e-01,-4.980316e-11
9.373000e-01,-1.096550e-10
9.374000e-01,-1.695069e-10
9.375000e-01,-2.293587e-10
9.376000e-01,3.036878e-10
9.377000e-01,2.438359e-10
9.378000e-01,1.839840e-10
9.379000e-01,1.241322e-10
9.380000e-01,6.428031e-11
9.381000e-01,4.428445e-12
9.382000e-01,-5.542342e-11
9.383000e-01,-1.152753e-10
9.384000e-01,-1.751271e-10
9.385000e-01,-2.349790e-10
9.386000e-01,-2.948309e-10
9.387000e-01,2.382156e-10
9.388000e-01,1.783638e-10
9.389000e-01,1.185119e-10
9.390000e-01,5.866005e-11
9.391000e-01,-1.191816e-12
9.392000e-01,-6.104368e-11
9.393000e-01,-1.208955e-10
9.394000e-01,-1.807474e-10
9.395000e-01,-2.405993e-10
9.396000e-01,-3.004511e-10
9.397000e-01,2.325954e-10
9.398000e-01,1.727435e-10
9.399000e-01,1.128916e-10
9.400000e-01,5.303979e-11
9.401000e-01,-6.812077e-12
9.402000e-01,-6.666394e-11
9.403000e-01,-1.265158e-10
9.404000e-01,-1.863677e-10
9.405000e-01,-2.462195e-10
9.406000e-01,-3.060714e-10
9.407000e-01,2.269751e-10
9.408000e-01,1.671232e-10
9.409000e-01,1.072714e-10
9.410000e-01,4.741952e-11
9.411000e-01,-1.243234e-11
9.412000e-01,-7.228420e-11
9.413000e-01,-1.321361e-10
9.414000e-01,-1.919879e-10
9.415000e-01,-2.518398e-10
9.416000e-01,-3.116917e-10
9.417000e-01,2.213549e-10
9.418000e-01,1.615030e-10
9.419000e-01,1.016511e-10
9.420000e-01,4.179926e-11
9.421000e-01,-1.805260e-11
9.422000e-01,-7.790446e-11
9.423000e-01,-1.377563e-10
9.424000e-01,-1.976082e-10
9.425000e-01,-2.574601e-10
9.426000e-01,-3.173119e-10
9.427000e-01,2.157346e-10
9.428000e-01,1.558827e-10
9.429000e-01,9.603086e-11
9.430000e-01,3.617900e-11
9.431000e-01,-2.367286e-11
9.432000e-01,-8.352472e-11
9.433000e-01,-1.433766e-10
9.434000e-01,-2.032284e-10
9.435000e-01,-2.630803e-10
9.436000e-01,-3.229322e-10
9.437000e-01,2.101143e-10
9.438000e-01,1.502625e-10
9.439000e-01,9.041060e-11
9.440000e-01,3.055874e-11
9.441000e-01,-2.929312e-11
9.442000e-01,-8.914498e-11
9.443000e-01,-1.489968e-10
9.444000e-01,-2.088487e-10
9.445000e-01,-2.687006e-10
9.446000e-01,-3.285524e-10
9.447000e-01,2.044941e-10
9.448000e-01,1.446422e-10
9.449000e-01,8.479034e-11
9.450000e-01,2.493848e-11
9.451000e-01,-3.491338e-11
9.452000e-01,-9.476525e-11
9.453000e-01,-1.546171e-10
9.454000e-01,-2.144690e-10
9.455000e-01,-2.743208e-10
9.456000e-01,-3.341727e-10
9.457000e-01,1.988738e-10
9.458000e-01,1.390219e-10
9.459000e-01,7.917008e-11
9.460000e-01,1.931822e-11
9.461000e-01,-4.053364e-11
9.462000e-01,-1.003855e-10
9.463000e-01,-1.602374e-10
9.464000e-01,-2.200892e-10
9.465000e-01,-2.799411e-10
9.466000e-01,-3.397930e-10
9.467000e-01,1.932535e-10
9.468000e-01,1.334017e-10
9.469000e-01,7.354982e-11
9.470000e-01,1.369796e-11
9.471000e-01,-4.615391e-11
9.472000e-01,-1.060058e-10
9.473000e-01,-1.658576e-10
9.474000e-01,-2.257095e-10
9.475000e-01,-2.855614e-10
9.476000e-01,-3.454132e-10
9.477000e-01,1.876333e-10
9.478000e-01,1.277814e-10
9.479000e-01,6.792956e-11
9.480000e-01,8.077696e-12
9.481000e-01,-5.177417e-11
9.482000e-01,-1.116260e-10
9.483000e-01,-1.714779e-10
9.484000e-01,-2.313298e-10
9.485000e-01,-2.911816e-10
9.486000e-01,-3.510335e-10
9.487000e-01,1.820130e-10
9.488000e-01,1.221612e-10
9.489000e-01,6.230930e-11
9.490000e-01,2.457435e-12
9.491000e-01,-5.739443e-11
9.492000e-01,-1.172463e-10
9.493000e-01,-1.770982e-10
9.494000e-01,-2.369500e-10
9.495000e-01,-2.968019e-10
9.496000e-01,-3.566537e-10
9.497000e-01,1.763928e-10
9.498000e-01,1.165409e-10
9.499000e-01,5.668904e-11
9.500000e-01,-3.162826e-12
9.501000e-01,-6.301469e-11
9.502000e-01,-1.228666e-10
9.503000e-01,-1.827184e-10
9.504000e-01,-2.425703e-10
9.505000e-01,-3.024221e-10
9.506000e-01,-3.622740e-10
9.507000e-01,1.707725e-10
9.508000e-01,1.109206e-10
9.509000e-01,5.106878e-11
9.510000e-01,-8.783087e-12
9.511000e-01,-6.863495e-11
9.512000e-01,-1.284868e-10
9.513000e-01,-1.883387e-10
9.514000e-01,-2.481905e-10
9.515000e-01,-3.080424e-10
9.516000e-01,-3.678943e-10
9.517000e-01,-4.277461e-10
9.518000e-01,1.053004e-10
9.519000e-01,4.544851e-11
9.520000e-01,-1.440335e-11
9.521000e-01,-7.425521e-11
9.522000e-01,-1.341071e-10
9.523000e-01,-1.939589e-10
9.524000e-01,-2.538108e-10
9.525000e-01,-3.136627e-10
9.526000e-01,-3.735145e-10
9.527000e-01,-4.333664e-10
9.528000e-01,9.968012e-11
9.529000e-01,3.982825e-11
9.530000e-01,-2.002361e-11
9.531000e-01,-7.987547e-11
9.532000e-01,-1.397273e-10
9.533000e-01,-1.995792e-10
9.534000e-01,-2.594311e-10
9.535000e-01,-3.192829e-10
9.536000e-01,-3.791348e-10
9.537000e-01,-4.389866e-10
9.538000e-01,9.405985e-11
9.539000e-01,3.420799e-11
9.540000e-01,-2.564387e-11
9.541000e-01,-8.549573e-11
9.542000e-01,-1.453476e-10
9.543000e-01,-2.051995e-10
9.544000e-01,-2.650513e-10
9.545000e-01,-3.249032e-10
9.546000e-01,-3.847550e-10
9.547000e-01,-4.446069e-10
9.548000e-01,8.843959e-11
9.549000e-01,2.858773e-11
9.550000e-01,-3.126413e-11
9.551000e-01,-9.111599e-11
9.552000e-01,-1.509679e-10
9.553000e-01,-2.108197e-10
9.554000e-01,-2.706716e-10
9.555000e-01,-3.305234e-10
9.556000e-01,-3.903753e-10
9.557000e-01,-4.502272e-10
9.558000e-01,8.281933e-11
9.559000e-01,2.296747e-11
9.560000e-01,-3.688439e-11
9.561000e-01,-9.673626e-11
9.562000e-01,-1.565881e-10
9.563000e-01,-2.164400e-10
9.564000e-01,-2.762918e-10
9.565000e-01,-3.361437e-10
9.566000e-01,-3.959956e-10
9.567000e-01,-4.558474e-10
9.568000e-01,7.719907e-11
9.569000e-01,1.734721e-11
9.570000e-01,-4.250465e-11
9.571000e-01,-1.023565e-10
9.572000e-01,-1.622084e-10
9.573000e-01,-2.220602e-10
9.574000e-01,-2.819121e-10
9.575000e-01,-3.417640e-10
9.576000e-01,-4.016158e-10
9.577000e-01,-4.614677e-10
9.578000e-01,7.157881e-11
9.579000e-01,1.172695e-11
9.580000e-01,-4.812492e-11
9.581000e-01,-1.079768e-10
9.582000e-01,-1.678286e-10
9.583000e-01,-2.276805e-10
9.584000e-01,-2.875324e-10
9.585000e-01,-3.473842e-10
9.586000e-01,-4.072361e-10
9.587000e-01,-4.670880e-10
9.588000e-01,6.595855e-11
9.589000e-01,6.106686e-12
9.590000e-01,-5.374518e-11
9.591000e-01,-1.135970e-10
9.592000e-01,-1.734489e-10
9.593000e-01,-2.333008e-10
9.594000e-01,-2.931526e-10
9.595000e-01,-3.530045e-10
9.596000e-01,-4.128564e-10
9.597000e-01,-4.727082e-10
9.598000e-01,6.033829e-11
9.599000e-01,4.864247e-13
9.600000e-01,-5.936544e-11
9.601000e-01,-1.192173e-10
9.602000e-01,-1.790692e-10
9.603000e-01,-2.389210e-10
9.604000e-01,-2.987729e-10
9.605000e-01,-3.586248e-10
9.606000e-01,-4.184766e-10
9.607000e-01,-4.783285e-10
9.608000e-01,5.471803e-11
9.609000e-01,-5.133837e-12
9.610000e-01,-6.498570e-11
9.611000e-01,-1.248376e-10
9.612000e-01,-1.846894e-10
9.613000e-01,-2.445413e-10
9.614000e-01,-3.043931e-10
9.615000e-01,-3.642450e-10
9.616000e-01,-4.240969e-10
9.617000e-01,-4.839487e-10
9.618000e-01,4.909776e-11
9.619000e-01,-1.075410e-11
9.620000e-01,-7.060596e-11
9.621000e-01,-1.304578e-10
9.622000e-01,-1.903097e-10
9.623000e-01,-2.501615e-10
9.624000e-01,-3.100134e-10
9.625000e-01,-3.698653e-10
9.626000e-01,-4.297171e-10
9.627000e-01,-4.895690e-10
9.628000e-01,4.347750e-11
9.629000e-01,-1.637436e-11
9.630000e-01,-7.622622e-11
9.631000e-01,-1.360781e-10
9.632000e-01,-1.959299e-10
9.633000e-01,-2.557818e-10
9.634000e-01,-3.156337e-10
9.635000e-01,-3.754855e-10
9.636000e-01,-4.353374e-10
9.637000e-01,-4.951893e-10
9.638000e-01,3.785724e-11
9.639000e-01,-2.199462e-11
9.640000e-01,-8.184648e-11
9.641000e-01,-1.416983e-10
9.642000e-01,-2.015502e-10
9.643000e-01,-2.614021e-10
9.644000e-01,-3.212539e-10
9.645000e-01,-3.811058e-10
9.646000e-01,-4.409577e-10
9.647000e-01,-5.008095e-10
9.648000e-01,-5.606614e-10
9.649000e-01,-2.761488e-11
9.650000e-01,-8.746674e-11
9.651000e-01,-1.473186e-10
9.652000e-01,-2.071705e-10
9.653000e-01,-2.670223e-10
9.654000e-01,-3.268742e-10
9.655000e-01,-3.867261e-10
9.656000e-01,-4.465779e-10
9.657000e-01,-5.064298e-10
9.658000e-01,-5.662816e-10
9.659000e-01,-3.323514e-11
9.660000e-01,-9.308701e-11
9.661000e-01,-1.529389e-10
9.662000e-01,-2.127907e-10
9.663000e-01,-2.726426e-10
9.664000e-01,-3.324945e-10
9.665000e-01,-3.923463e-10
9.666000e-01,-4.521982e-10
9.667000e-01,-5.120500e-10
9.668000e-01,-5.719019e-10
9.669000e-01,-3.885540e-11
9.670000e-01,-9.870727e-11
9.671000e-01,-1.585591e-10
9.672000e-01,-2.184110e-10
9.673000e-01,-2.782629e-10
9.674000e-01,-3.381147e-10
9.675000e-01,-3.979666e-10
9.676000e-01,-4.578184e-10
9.677000e-01,-5.176703e-10
9.678000e-01,-5.775222e-10
9.679000e-01,-4.447566e-11
9.680000e-01,-1.043275e-10
9.681000e-01,-1.641794e-10
9.682000e-01,-2.240313e-10
9.683000e-01,-2.838831e-10
9.684000e-01,-3.437350e-10
9.685000e-01,-4.035868e-10
9.686000e-01,-4.634387e-10
9.687000e-01,-5.232906e-10
9.688000e-01,-5.831424e-10
9.689000e-01,-5.009593e-11
9.690000e-01,-1.099478e-10
9.691000e-01,-1.697997e-10
9.692000e-01,-2.296515e-10
9.693000e-01,-2.895034e-10
9.694000e-01,-3.493552e-10
9.695000e-01,-4.092071e-10
9.696000e-01,-4.690590e-10
9.697000e-01,-5.289108e-10
9.698000e-01,-5.887627e-10
9.699000e-01,-5.571619e-11
9.700000e-01,-1.155680e-10
9.701000e-01,-1.754199e-10
9.702000e-01,-2.352718e-10
9.703000e-01,-2.951236e-10
9.704000e-01,-3.549755e-10
9.705000e-01,-4.148274e-10
9.706000e-01,-4.746792e-10
9.707000e-01,-5.345311e-10
9.708000e-01,-1.484586e-12
9.709000e-01,-6.133645e-11
9.710000e-01,-1.211883e-10
9.711000e-01,-1.810402e-10
9.712000e-01,-2.408920e-10
9.713000e-01,-3.007439e-10
9.714000e-01,-3.605958e-10
9.715000e-01,-4.204476e-10
9.716000e-01,-4.802995e-10
9.717000e-01,5.274702e-11
9.718000e-01,-7.104847e-12
9.719000e-01,-6.695671e-11
9.720000e-01,-1.268086e-10
9.721000e-01,-1.866604e-10
9.722000e-01,-2.465123e-10
9.723000e-01,-3.063642e-10
9.724000e-01,-3.662160e-10
9.725000e-01,-4.260679e-10
9.726000e-01,-4.859197e-10
9.727000e-01,4.712675e-11
9.728000e-01,-1.272511e-11
9.729000e-01,-7.257697e-11
9.730000e-01,-1.324288e-10
9.731000e-01,-1.922807e-10
9.732000e-01,-2.521326e-10
9.733000e-01,-3.119844e-10
9.734000e-01,-3.718363e-10
9.735000e-01,-4.316881e-10
9.736000e-01,1.013584e-10
9.737000e-01,4.150649e-11
9.738000e-01,-1.834537e-11
9.739000e-01,-7.819723e-11
9.740000e-01,-1.380491e-10
9.741000e-01,-1.979010e-10
9.742000e-01,-2.577528e-10
9.743000e-01,-3.176047e-10
9.744000e-01,-3.774565e-10
9.745000e-01,-4.373084e-10
9.746000e-01,9.573810e-11
9.747000e-01,3.588623e-11
9.748000e-01,-2.396563e-11
9.749000e-01,-8.381749e-11
9.750000e-01,-1.436694e-10
9.751000e-01,-2.035212e-10
9.752000e-01,-2.633731e-10
9.753000e-01,-3.232249e-10
9.754000e-01,-3.830768e-10
9.755000e-01,1.499697e-10
9.756000e-01,9.011783e-11
9.757000e-01,3.026597e-11
9.758000e-01,-2.958589e-11
9.759000e-01,-8.943775e-11
9.760000e-01,-1.492896e-10
9.761000e-01,-2.091415e-10
9.762000e-01,-2.689933e-10
9.763000e-01,-3.288452e-10
9.764000e-01,-3.886971e-10
9.765000e-01,1.443494e-10
9.766000e-01,8.449757e-11
9.767000e-01,2.464571e-11
9.768000e-01,-3.520615e-11
9.769000e-01,-9.505802e-11
9.770000e-01,-1.549099e-10
9.771000e-01,-2.147617e-10
9.772000e-01,-2.746136e-10
9.773000e-01,-3.344655e-10
9.774000e-01,1.985810e-10
9.775000e-01,1.387292e-10
9.776000e-01,7.887731e-11
9.777000e-01,1.902545e-11
9.778000e-01,-4.082641e-11
9.779000e-01,-1.006783e-10
9.780000e-01,-1.605301e-10
9.781000e-01,-2.203820e-10
9.782000e-01,-2.802339e-10
9.783000e-01,-3.400857e-10
9.784000e-01,1.929608e-10
9.785000e-01,1.331089e-10
9.786000e-01,7.325705e-11
9.787000e-01,1.340519e-11
9.788000e-01,-4.644667e-11
9.789000e-01,-1.062985e-10
9.790000e-01,-1.661504e-10
9.791000e-01,-2.260023e-10
9.792000e-01,-2.858541e-10
9.793000e-01,2.471924e-10
9.794000e-01,1.873405e-10
9.795000e-01,1.274887e-10
9.796000e-01,6.763679e-11
9.797000e-01,7.784927e-12
9.798000e-01,-5.206694e-11
9.799000e-01,-1.119188e-10
9.800000e-01,-1.717707e-10
9.801000e-01,-2.316225e-10
9.802000e-01,3.014240e-10
9.803000e-01,2.415721e-10
9.804000e-01,1.817203e-10
9.805000e-01,1.218684e-10
9.806000e-01,6.201653e-11
9.807000e-01,2.164665e-12
9.808000e-01,-5.768720e-11
9.809000e-01,-1.175391e-10
9.810000e-01,-1.773909e-10
9.811000e-01,-2.372428e-10
9.812000e-01,2.958037e-10
9.813000e-01,2.359519e-10
9.814000e-01,1.761000e-10
9.815000e-01,1.162481e-10
9.816000e-01,5.639627e-11
9.817000e-01,-3.455596e-12
9.818000e-01,-6.330746e-11
9.819000e-01,-1.231593e-10
9.820000e-01,-1.830112e-10
9.821000e-01,3.500353e-10
9.822000e-01,2.901835e-10
9.823000e-01,2.303316e-10
9.824000e-01,1.704797e-10
9.825000e-01,1.106279e-10
9.826000e-01,5.077601e-11
9.827000e-01,-9.075857e-12
9.828000e-01,-6.892772e-11
9.829000e-01,-1.287796e-10
9.830000e-01,-1.886314e-10
9.831000e-01,3.444151e-10
9.832000e-01,2.845632e-10
9.833000e-01,2.247113e-10
9.834000e-01,1.648595e-10
9.835000e-01,1.050076e-10
9.836000e-01,4.515574e-11
9.837000e-01,-1.469612e-11
9.838000e-01,-7.454798e-11
9.839000e-01,-1.343998e-10
9.840000e-01,3.986467e-10
9.841000e-01,3.387948e-10
9.842000e-01,2.789429e-10
9.843000e-01,2.190911e-10
9.844000e-01,1.592392e-10
9.845000e-01,9.938735e-11
9.846000e-01,3.953548e-11
9.847000e-01,-2.031638e-11
9.848000e-01,-8.016824e-11
9.849000e-01,-1.400201e-10
9.850000e-01,3.930264e-10
9.851000e-01,3.331745e-10
9.852000e-01,2.733227e-10
9.853000e-01,2.134708e-10
9.854000e-01,1.536189e-10
9.855000e-01,9.376708e-11
9.856000e-01,3.391522e-11
9.857000e-01,-2.593664e-11
9.858000e-01,-8.578850e-11
9.859000e-01,-1.456404e-10
9.860000e-01,3.874061e-10
9.861000e-01,3.275543e-10
9.862000e-01,2.677024e-10
9.863000e-01,2.078505e-10
9.864000e-01,1.479987e-10
9.865000e-01,8.814682e-11
9.866000e-01,2.829496e-11
9.867000e-01,-3.155690e-11
9.868000e-01,-9.140876e-11
9.869000e-01,-1.512606e-10
9.870000e-01,3.817859e-10
9.871000e-01,3.219340e-10
9.872000e-01,2.620822e-10
9.873000e-01,2.022303e-10
9.874000e-01,1.423784e-10
9.875000e-01,8.252656e-11
9.876000e-01,2.267470e-11
9.877000e-01,-3.717716e-11
9.878000e-01,-9.702903e-11
9.879000e-01,-1.568809e-10
9.880000e-01,3.761656e-10
9.881000e-01,3.163138e-10
9.882000e-01,2.564619e-10
9.883000e-01,1.966100e-10
9.884000e-01,1.367582e-10
9.885000e-01,7.690630e-11
9.886000e-01,1.705444e-11
9.887000e-01,-4.279742e-11
9.888000e-01,-1.026493e-10
9.889000e-01,-1.625011e-10
9.890000e-01,3.705454e-10
9.891000e-01,3.106935e-10
9.892000e-01,2.508416e-10
9.893000e-01,1.909898e-10
9.894000e-01,1.311379e-10
9.895000e-01,7.128604e-11
9.896000e-01,1.143418e-11
9.897000e-01,-4.841769e-11
9.898000e-01,-1.082695e-10
9.899000e-01,-1.681214e-10
9.900000e-01,3.649251e-10
9.901000e-01,3.050732e-10
9.902000e-01,2.452214e-10
9.903000e-01,1.853695e-10
9.904000e-01,1.255176e-10
9.905000e-01,6.566578e-11
9.906000e-01,5.813916e-12
9.907000e-01,-5.403795e-11
9.908000e-01,-1.138898e-10
9.909000e-01,-1.737417e-10
9.910000e-01,-2.335935e-10
9.911000e-01,2.994530e-10
9.912000e-01,2.396011e-10
9.913000e-01,1.797492e-10
9.914000e-01,1.198974e-10
9.915000e-01,6.004552e-11
9.916000e-01,1.936551e-13
9.917000e-01,-5.965821e-11
9.918000e-01,-1.195101e-10
9.919000e-01,-1.793619e-10
9.920000e-01,-2.392138e-10
9.921000e-01,2.938327e-10
9.922000e-01,2.339808e-10
9.923000e-01,1.741290e-10
9.924000e-01,1.142771e-10
9.925000e-01,5.442526e-11
9.926000e-01,-5.426606e-12
9.927000e-01,-6.527847e-11
9.928000e-01,-1.251303e-10
9.929000e-01,-1.849822e-10
9.930000e-01,-2.448341e-10
9.931000e-01,2.882124e-10
9.932000e-01,2.283606e-10
9.933000e-01,1.685087e-10
9.934000e-01,1.086569e-10
9.935000e-01,4.880500e-11
9.936000e-01,-1.104687e-11
9.937000e-01,-7.089873e-11
9.938000e-01,-1.307506e-10
9.939000e-01,-1.906025e-10
9.940000e-01,-2.504543e-10
9.941000e-01,2.825922e-10
9.942000e-01,2.227403e-10
9.943000e-01,1.628885e-10
9.944000e-01,1.030366e-10
9.945000e-01,4.318473e-11
9.946000e-01,-1.666713e-11
9.947000e-01,-7.651899e-11
9.948000e-01,-1.363709e-10
9.949000e-01,-1.962227e-10
9.950000e-01,-2.560746e-10
9.951000e-01,2.769719e-10
9.952000e-01,2.171201e-10
9.953000e-01,1.572682e-10
9.954000e-01,9.741634e-11
9.955000e-01,3.756447e-11
9.956000e-01,-2.228739e-11
9.957000e-01,-8.213925e-11
9.958000e-01,-1.419911e-10
9.959000e-01,-2.018430e-10
9.960000e-01,-2.616948e-10
9.961000e-01,2.713517e-10
9.962000e-01,2.114998e-10
9.963000e-01,1.516479e-10
9.964000e-01,9.179607e-11
9.965000e-01,3.194421e-11
9.966000e-01,-2.790765e-11
9.967000e-01,-8.775951e-11
9.968000e-01,-1.476114e-10
9.969000e-01,-2.074632e-10
9.970000e-01,-2.673151e-10
9.971000e-01,2.657314e-10
9.972000e-01,2.058795e-10
9.973000e-01,1.460277e-10
9.974000e-01,8.617581e-11
9.975000e-01,2.632395e-11
9.976000e-01,-3.352791e-11
9.977000e-01,-9.337977e-11
9.978000e-01,-1.532316e-10
9.979000e-01,-2.130835e-10
9.980000e-01,-2.729354e-10
9.981000e-01,2.601111e-10
9.982000e-01,2.002593e-10
9.983000e-01,1.404074e-10
9.984000e-01,8.055555e-11
9.985000e-01,2.070369e-11
9.986000e-01,-3.914817e-11
9.987000e-01,-9.900004e-11
9.988000e-01,-1.588519e-10
9.989000e-01,-2.187038e-10
9.990000e-01,-2.785556e-10
9.991000e-01,2.544909e-10
9.992000e-01,1.946390e-10
9.993000e-01,1.347872e-10
9.994000e-01,7.493529e-11
9.995000e-01,1.508343e-11
9.996000e-01,-4.476843e-11
9.997000e-01,-1.046203e-10
9.998000e-01,-1.644722e-10
9.999000e-01,-2.243240e-10
