Waveform,Force
sine,0.6359826285205352
square,0.999
triangle,0.500500500493974
