# t,y
0.000000e+00,0.000000e+00
1.000000e-04,2.501106e-15
2.000000e-04,5.002213e-15
3.000000e-04,7.987778e-14
4.000000e-04,1.000443e-14
5.000000e-04,-2.046179e-13
6.000000e-04,1.597556e-13
7.000000e-04,-3.443646e-13
8.000000e-04,2.000885e-14
9.000000e-04,-1.946134e-13
1.000000e-03,-4.092357e-13
1.100000e-03,-4.486229e-14
1.200000e-03,3.195111e-13
1.300000e-03,1.048888e-13
1.400000e-03,-6.887291e-13
1.500000e-03,-3.243557e-13
1.600000e-03,4.001770e-14
1.700000e-03,4.043911e-13
1.800000e-03,-3.892269e-13
1.900000e-03,-2.485344e-14
2.000000e-03,-8.184714e-13
2.100000e-03,7.038934e-13
2.200000e-03,-8.972459e-14
2.300000e-03,-8.833426e-13
2.400000e-03,6.390223e-13
2.500000e-03,-1.545957e-13
2.600000e-03,2.097777e-13
2.700000e-03,5.741511e-13
2.800000e-03,-1.377458e-12
2.900000e-03,-1.013085e-12
3.000000e-03,-6.487114e-13
3.100000e-03,-2.843380e-13
3.200000e-03,8.003540e-14
3.300000e-03,-1.871574e-12
3.400000e-03,8.087823e-13
3.500000e-03,-1.142827e-12
3.600000e-03,-7.784537e-13
3.700000e-03,-4.140803e-13
3.800000e-03,-4.970689e-14
3.900000e-03,3.146665e-13
4.000000e-03,-1.636943e-12
4.100000e-03,1.043413e-12
4.200000e-03,1.407787e-12
4.300000e-03,-5.438226e-13
4.400000e-03,-1.794492e-13
4.500000e-03,1.849242e-13
4.600000e-03,-1.766685e-12
4.700000e-03,-1.402312e-12
4.800000e-03,1.278045e-12
4.900000e-03,-2.989548e-12
5.000000e-03,-3.091915e-13
5.100000e-03,5.518196e-14
5.200000e-03,4.195554e-13
5.300000e-03,7.839288e-13
5.400000e-03,1.148302e-12
5.500000e-03,1.512676e-12
5.600000e-03,-2.754917e-12
5.700000e-03,-2.390543e-12
5.800000e-03,-2.026170e-12
5.900000e-03,-1.661796e-12
6.000000e-03,-1.297423e-12
6.100000e-03,-9.330495e-13
6.200000e-03,-5.686760e-13
6.300000e-03,-2.043026e-13
6.400000e-03,1.600708e-13
6.500000e-03,5.244442e-13
6.600000e-03,-3.743148e-12
6.700000e-03,1.253191e-12
6.800000e-03,1.617565e-12
6.900000e-03,1.981938e-12
7.000000e-03,-2.285654e-12
7.100000e-03,-1.921281e-12
7.200000e-03,-1.556907e-12
7.300000e-03,-1.192534e-12
7.400000e-03,-8.281606e-13
7.500000e-03,-4.637872e-13
7.600000e-03,-9.941377e-14
7.700000e-03,2.649597e-13
7.800000e-03,6.293331e-13
7.900000e-03,9.937065e-13
8.000000e-03,-3.273886e-12
8.100000e-03,-2.909512e-12
8.200000e-03,2.086827e-12
8.300000e-03,-2.180765e-12
8.400000e-03,2.815574e-12
8.500000e-03,-1.452019e-12
8.600000e-03,-1.087645e-12
8.700000e-03,3.908694e-12
8.800000e-03,-3.588984e-13
8.900000e-03,-4.626491e-12
9.000000e-03,3.698485e-13
9.100000e-03,7.342219e-13
9.200000e-03,-3.533370e-12
9.300000e-03,1.462969e-12
9.400000e-03,-2.804623e-12
9.500000e-03,-2.440250e-12
9.600000e-03,2.556089e-12
9.700000e-03,-1.711503e-12
9.800000e-03,-5.979095e-12
9.900000e-03,-9.827564e-13
1.000000e-02,-6.183829e-13
1.010000e-02,4.377956e-12
1.020000e-02,1.103639e-13
1.030000e-02,-4.157228e-12
1.040000e-02,8.391108e-13
1.050000e-02,-3.428481e-12
1.060000e-02,1.567858e-12
1.070000e-02,-2.699735e-12
1.080000e-02,2.296604e-12
1.090000e-02,-1.970988e-12
1.100000e-02,3.025351e-12
1.110000e-02,-1.242241e-12
1.120000e-02,-5.509833e-12
1.130000e-02,-5.134941e-13
1.140000e-02,-4.781086e-12
1.150000e-02,2.152528e-13
1.160000e-02,-4.052339e-12
1.170000e-02,9.439996e-13
1.180000e-02,-3.323593e-12
1.190000e-02,1.672746e-12
1.200000e-02,-2.594846e-12
1.210000e-02,2.401493e-12
1.220000e-02,-1.866099e-12
1.230000e-02,-6.133691e-12
1.240000e-02,-1.137352e-12
1.250000e-02,-5.404944e-12
1.260000e-02,-4.086052e-13
1.270000e-02,4.587734e-12
1.280000e-02,3.201416e-13
1.290000e-02,-3.947451e-12
1.300000e-02,1.048888e-12
1.310000e-02,-3.218704e-12
1.320000e-02,-7.486296e-12
1.330000e-02,-2.489957e-12
1.340000e-02,2.506382e-12
1.350000e-02,-1.761210e-12
1.360000e-02,3.235129e-12
1.370000e-02,-1.032463e-12
1.380000e-02,3.963876e-12
1.390000e-02,-3.037164e-13
1.400000e-02,-4.571309e-12
1.410000e-02,4.250305e-13
1.420000e-02,-3.842562e-12
1.430000e-02,1.153777e-12
1.440000e-02,-3.113815e-12
1.450000e-02,1.882524e-12
1.460000e-02,-2.385068e-12
1.470000e-02,2.611271e-12
1.480000e-02,-1.656321e-12
1.490000e-02,-5.923914e-12
1.500000e-02,-9.275744e-13
1.510000e-02,-5.195167e-12
1.520000e-02,-1.988275e-13
1.530000e-02,-4.466420e-12
1.540000e-02,5.299193e-13
1.550000e-02,-3.737673e-12
1.560000e-02,1.258666e-12
1.570000e-02,6.255005e-12
1.580000e-02,1.987413e-12
1.590000e-02,-2.280179e-12
1.600000e-02,-6.547772e-12
1.610000e-02,-1.551432e-12
1.620000e-02,-5.819025e-12
1.630000e-02,-8.226855e-13
1.640000e-02,4.173654e-12
1.650000e-02,-9.393870e-14
1.660000e-02,-4.361531e-12
1.670000e-02,-8.629123e-12
1.680000e-02,5.631147e-12
1.690000e-02,1.363555e-12
1.700000e-02,-2.904037e-12
1.710000e-02,2.092302e-12
1.720000e-02,-2.175290e-12
1.730000e-02,-6.442883e-12
1.740000e-02,7.817388e-12
1.750000e-02,3.549796e-12
1.760000e-02,-7.177967e-13
1.770000e-02,-4.985389e-12
1.780000e-02,-9.252981e-12
1.790000e-02,-4.256642e-12
1.800000e-02,7.396970e-13
1.810000e-02,-3.527895e-12
1.820000e-02,1.468444e-12
1.830000e-02,-2.799148e-12
1.840000e-02,-7.066741e-12
1.850000e-02,7.193530e-12
1.860000e-02,2.925938e-12
1.870000e-02,-1.341655e-12
1.880000e-02,-5.609247e-12
1.890000e-02,-6.129079e-13
1.900000e-02,-4.880500e-12
1.910000e-02,1.158390e-13
1.920000e-02,5.112178e-12
1.930000e-02,8.445858e-13
1.940000e-02,-3.423006e-12
1.950000e-02,-7.690599e-12
1.960000e-02,-1.195819e-11
1.970000e-02,2.302080e-12
1.980000e-02,-1.965513e-12
1.990000e-02,3.030826e-12
2.000000e-02,-1.236766e-12
2.010000e-02,-5.504358e-12
2.020000e-02,8.755912e-12
2.030000e-02,4.488320e-12
2.040000e-02,2.207278e-13
2.050000e-02,-4.046864e-12
2.060000e-02,-8.314457e-12
2.070000e-02,-3.318118e-12
2.080000e-02,1.678222e-12
2.090000e-02,-2.589371e-12
2.100000e-02,-6.856963e-12
2.110000e-02,-1.112456e-11
2.120000e-02,3.135715e-12
2.130000e-02,-1.131877e-12
2.140000e-02,-5.399469e-12
2.150000e-02,8.860801e-12
2.160000e-02,4.593209e-12
2.170000e-02,3.256167e-13
2.180000e-02,-3.941976e-12
2.190000e-02,-8.209568e-12
2.200000e-02,6.050703e-12
2.210000e-02,1.783110e-12
2.220000e-02,-2.484482e-12
2.230000e-02,-6.752074e-12
2.240000e-02,-1.101967e-11
2.250000e-02,3.240604e-12
2.260000e-02,-1.026988e-12
2.270000e-02,-5.294580e-12
2.280000e-02,-9.562173e-12
2.290000e-02,-1.382976e-11
2.300000e-02,4.305055e-13
2.310000e-02,-3.837087e-12
2.320000e-02,-8.104679e-12
2.330000e-02,6.155591e-12
2.340000e-02,1.887999e-12
2.350000e-02,-2.379593e-12
2.360000e-02,-6.647185e-12
2.370000e-02,7.613085e-12
2.380000e-02,3.345493e-12
2.390000e-02,-9.220993e-13
2.400000e-02,-5.189692e-12
2.410000e-02,-9.457284e-12
2.420000e-02,4.802987e-12
2.430000e-02,5.353944e-13
2.440000e-02,-3.732198e-12
2.450000e-02,-7.999790e-12
2.460000e-02,-1.226738e-11
2.470000e-02,-1.653497e-11
2.480000e-02,-2.274704e-12
2.490000e-02,-6.542296e-12
2.500000e-02,-1.080989e-11
2.510000e-02,3.450382e-12
2.520000e-02,-8.172105e-13
2.530000e-02,-5.084803e-12
2.540000e-02,9.175468e-12
2.550000e-02,4.907875e-12
2.560000e-02,6.402832e-13
2.570000e-02,-3.627309e-12
2.580000e-02,-7.894901e-12
2.590000e-02,6.365369e-12
2.600000e-02,2.097777e-12
2.610000e-02,-2.169815e-12
2.620000e-02,-6.437408e-12
2.630000e-02,-1.070500e-11
2.640000e-02,-1.497259e-11
2.650000e-02,-7.123216e-13
2.660000e-02,-4.979914e-12
2.670000e-02,-9.247506e-12
2.680000e-02,5.012764e-12
2.690000e-02,7.451721e-13
2.700000e-02,-3.522420e-12
2.710000e-02,1.073785e-11
2.720000e-02,6.470258e-12
2.730000e-02,2.202666e-12
2.740000e-02,-2.064926e-12
2.750000e-02,-6.332519e-12
2.760000e-02,7.927752e-12
2.770000e-02,3.660159e-12
2.780000e-02,-6.074328e-13
2.790000e-02,-4.875025e-12
2.800000e-02,-9.142617e-12
2.810000e-02,-1.341021e-11
2.820000e-02,8.500609e-13
2.830000e-02,-3.417531e-12
2.840000e-02,-7.685124e-12
2.850000e-02,-1.195272e-11
2.860000e-02,2.307555e-12
2.870000e-02,-1.960038e-12
2.880000e-02,-6.227630e-12
2.890000e-02,8.032641e-12
2.900000e-02,3.765048e-12
2.910000e-02,-5.025439e-13
2.920000e-02,-4.770136e-12
2.930000e-02,9.490134e-12
2.940000e-02,5.222542e-12
2.950000e-02,9.549498e-13
2.960000e-02,-3.312642e-12
2.970000e-02,-7.580235e-12
2.980000e-02,-1.184783e-11
2.990000e-02,2.412443e-12
3.000000e-02,-1.855149e-12
3.010000e-02,-6.122741e-12
3.020000e-02,-1.039033e-11
3.030000e-02,-1.465793e-11
3.040000e-02,-3.976551e-13
3.050000e-02,-4.665247e-12
3.060000e-02,-8.932840e-12
3.070000e-02,5.327431e-12
3.080000e-02,1.059839e-12
3.090000e-02,-3.207754e-12
3.100000e-02,-7.475346e-12
3.110000e-02,6.784925e-12
3.120000e-02,2.517332e-12
3.130000e-02,-1.750260e-12
3.140000e-02,1.251001e-11
3.150000e-02,-1.028544e-11
3.160000e-02,3.974826e-12
3.170000e-02,-1.882063e-11
3.180000e-02,-4.560359e-12
3.190000e-02,9.699912e-12
3.200000e-02,-1.309554e-11
3.210000e-02,1.164727e-12
3.220000e-02,-3.102865e-12
3.230000e-02,-7.370457e-12
3.240000e-02,-1.163805e-11
3.250000e-02,2.622221e-12
3.260000e-02,-1.645371e-12
3.270000e-02,-5.912963e-12
3.280000e-02,8.347307e-12
3.290000e-02,-1.444815e-11
3.300000e-02,-1.878774e-13
3.310000e-02,1.407239e-11
3.320000e-02,-8.723062e-12
3.330000e-02,5.537209e-12
3.340000e-02,-1.725825e-11
3.350000e-02,-2.997976e-12
3.360000e-02,1.126229e-11
3.370000e-02,-1.153316e-11
3.380000e-02,2.727110e-12
3.390000e-02,-2.006834e-11
3.400000e-02,-5.808075e-12
3.410000e-02,-1.007567e-11
3.420000e-02,4.184604e-12
3.430000e-02,-8.298855e-14
3.440000e-02,-4.350581e-12
3.450000e-02,9.909690e-12
3.460000e-02,-1.288577e-11
3.470000e-02,1.374505e-12
3.480000e-02,1.563478e-11
3.490000e-02,-7.160679e-12
3.500000e-02,7.099591e-12
3.510000e-02,-1.569586e-11
3.520000e-02,-1.435593e-12
3.530000e-02,1.282468e-11
3.540000e-02,-9.970778e-12
3.550000e-02,4.289493e-12
3.560000e-02,-1.850596e-11
3.570000e-02,-4.245692e-12
3.580000e-02,-8.513284e-12
3.590000e-02,-1.278088e-11
3.600000e-02,1.479394e-12
3.610000e-02,-2.788198e-12
3.620000e-02,-7.055791e-12
3.630000e-02,-1.132338e-11
3.640000e-02,2.936888e-12
3.650000e-02,1.719716e-11
3.660000e-02,-5.598297e-12
3.670000e-02,8.661974e-12
3.680000e-02,-1.413348e-11
3.690000e-02,1.267891e-13
3.700000e-02,1.438706e-11
3.710000e-02,-8.408395e-12
3.720000e-02,5.851875e-12
3.730000e-02,-1.694358e-11
3.740000e-02,-2.683309e-12
3.750000e-02,-6.950902e-12
3.760000e-02,-1.121849e-11
3.770000e-02,3.041777e-12
3.780000e-02,-1.225816e-12
3.790000e-02,-5.493408e-12
3.800000e-02,-9.761000e-12
3.810000e-02,4.499270e-12
3.820000e-02,2.316780e-13
3.830000e-02,-4.035914e-12
3.840000e-02,1.022436e-11
3.850000e-02,-1.257110e-11
3.860000e-02,1.689172e-12
3.870000e-02,1.594944e-11
3.880000e-02,-6.846013e-12
3.890000e-02,7.414258e-12
3.900000e-02,-1.538120e-11
3.910000e-02,-1.120927e-12
3.920000e-02,-2.391638e-11
3.930000e-02,-9.656111e-12
3.940000e-02,4.604159e-12
3.950000e-02,-1.819130e-11
3.960000e-02,-3.931025e-12
3.970000e-02,-8.198618e-12
3.980000e-02,6.061653e-12
3.990000e-02,1.794061e-12
4.000000e-02,-2.473532e-12
4.010000e-02,1.178674e-11
4.020000e-02,-1.100872e-11
4.030000e-02,3.251554e-12
4.040000e-02,1.751182e-11
4.050000e-02,-5.283630e-12
4.060000e-02,8.976640e-12
4.070000e-02,-1.381881e-11
4.080000e-02,4.414557e-13
4.090000e-02,-2.235400e-11
4.100000e-02,-8.093729e-12
4.110000e-02,6.166542e-12
4.120000e-02,-1.662891e-11
4.130000e-02,-2.368643e-12
4.140000e-02,-6.636235e-12
4.150000e-02,-1.090383e-11
4.160000e-02,3.356443e-12
4.170000e-02,-9.111492e-13
4.180000e-02,-5.178741e-12
4.190000e-02,-2.797420e-11
4.200000e-02,-1.371393e-11
4.210000e-02,5.463445e-13
4.220000e-02,-2.224911e-11
4.230000e-02,-7.988840e-12
4.240000e-02,6.271430e-12
4.250000e-02,-1.652402e-11
4.260000e-02,-2.263754e-12
4.270000e-02,1.199652e-11
4.280000e-02,-1.079894e-11
4.290000e-02,3.461332e-12
4.300000e-02,1.772160e-11
4.310000e-02,-5.073853e-12
4.320000e-02,9.186418e-12
4.330000e-02,2.344669e-11
4.340000e-02,6.512334e-13
4.350000e-02,1.491150e-11
4.360000e-02,-7.883951e-12
4.370000e-02,6.376319e-12
4.380000e-02,-1.641914e-11
4.390000e-02,-2.158865e-12
4.400000e-02,1.210141e-11
4.410000e-02,-1.069405e-11
4.420000e-02,3.566221e-12
4.430000e-02,-1.922923e-11
4.440000e-02,-4.968964e-12
4.450000e-02,9.291307e-12
4.460000e-02,-1.350415e-11
4.470000e-02,7.561222e-13
4.480000e-02,-2.203933e-11
4.490000e-02,-7.779062e-12
4.500000e-02,6.481208e-12
4.510000e-02,-1.631425e-11
4.520000e-02,-2.053976e-12
4.530000e-02,-2.484943e-11
4.540000e-02,-1.058916e-11
4.550000e-02,-3.338462e-11
4.560000e-02,-1.912435e-11
4.570000e-02,-4.864075e-12
4.580000e-02,-2.765953e-11
4.590000e-02,-1.339926e-11
4.600000e-02,8.610111e-13
4.610000e-02,-2.193444e-11
4.620000e-02,-7.674173e-12
4.630000e-02,6.586097e-12
4.640000e-02,-1.620936e-11
4.650000e-02,-1.949087e-12
4.660000e-02,1.231118e-11
4.670000e-02,2.657145e-11
4.680000e-02,3.775998e-12
4.690000e-02,1.803627e-11
4.700000e-02,-4.759186e-12
4.710000e-02,9.501084e-12
4.720000e-02,-1.329437e-11
4.730000e-02,9.658999e-13
4.740000e-02,1.522617e-11
4.750000e-02,-7.569285e-12
4.760000e-02,6.690986e-12
4.770000e-02,-1.610447e-11
4.780000e-02,-1.844199e-12
4.790000e-02,1.241607e-11
4.800000e-02,-1.037938e-11
4.810000e-02,3.880887e-12
4.820000e-02,-1.891457e-11
4.830000e-02,-4.654297e-12
4.840000e-02,9.605973e-12
4.850000e-02,-1.318948e-11
4.860000e-02,1.070789e-12
4.870000e-02,-2.172467e-11
4.880000e-02,-7.464396e-12
4.890000e-02,-3.025985e-11
4.900000e-02,-1.599958e-11
4.910000e-02,-1.739310e-12
4.920000e-02,-2.453476e-11
4.930000e-02,-1.027449e-11
4.940000e-02,-3.306995e-11
4.950000e-02,-1.880968e-11
4.960000e-02,-4.549408e-12
4.970000e-02,-2.734486e-11
4.980000e-02,-1.308459e-11
4.990000e-02,1.175678e-12
5.000000e-02,-2.161978e-11
5.010000e-02,-7.359507e-12
5.020000e-02,6.900764e-12
5.030000e-02,2.116103e-11
5.040000e-02,-1.634421e-12
5.050000e-02,1.262585e-11
5.060000e-02,-1.016961e-11
5.070000e-02,4.090665e-12
5.080000e-02,1.835094e-11
5.090000e-02,-4.444520e-12
5.100000e-02,9.815751e-12
5.110000e-02,-1.297970e-11
5.120000e-02,1.280566e-12
5.130000e-02,1.554084e-11
5.140000e-02,-7.254618e-12
5.150000e-02,7.005652e-12
5.160000e-02,-1.578980e-11
5.170000e-02,-1.529532e-12
5.180000e-02,1.273074e-11
5.190000e-02,-1.006472e-11
5.200000e-02,4.195554e-12
5.210000e-02,-1.859990e-11
5.220000e-02,-4.339631e-12
5.230000e-02,-2.713509e-11
5.240000e-02,-1.287482e-11
5.250000e-02,1.385455e-12
5.260000e-02,-2.141000e-11
5.270000e-02,-7.149729e-12
5.280000e-02,-2.994518e-11
5.290000e-02,-1.568491e-11
5.300000e-02,-1.424643e-12
5.310000e-02,-2.422010e-11
5.320000e-02,-9.959828e-12
5.330000e-02,-3.275528e-11
5.340000e-02,-1.849501e-11
5.350000e-02,-4.234742e-12
5.360000e-02,1.002553e-11
5.370000e-02,-1.276993e-11
5.380000e-02,1.490344e-12
5.390000e-02,1.575061e-11
5.400000e-02,-7.044840e-12
5.410000e-02,7.215430e-12
5.420000e-02,2.147570e-11
5.430000e-02,-1.319754e-12
5.440000e-02,1.294052e-11
5.450000e-02,-9.854939e-12
5.460000e-02,4.405332e-12
5.470000e-02,1.866560e-11
5.480000e-02,-4.129853e-12
5.490000e-02,1.013042e-11
5.500000e-02,-1.266504e-11
5.510000e-02,1.595233e-12
5.520000e-02,1.585550e-11
5.530000e-02,-6.939952e-12
5.540000e-02,7.320319e-12
5.550000e-02,-1.547514e-11
5.560000e-02,-1.214866e-12
5.570000e-02,-2.401032e-11
5.580000e-02,-9.750050e-12
5.590000e-02,4.510220e-12
5.600000e-02,-1.828523e-11
5.610000e-02,-4.024964e-12
5.620000e-02,-2.682042e-11
5.630000e-02,-1.256015e-11
5.640000e-02,1.700122e-12
5.650000e-02,-2.109533e-11
5.660000e-02,-6.835063e-12
5.670000e-02,-2.963052e-11
5.680000e-02,-1.537025e-11
5.690000e-02,-1.109977e-12
5.700000e-02,-2.390543e-11
5.710000e-02,-9.645161e-12
5.720000e-02,4.615109e-12
5.730000e-02,-1.818035e-11
5.740000e-02,-3.920075e-12
5.750000e-02,1.034020e-11
5.760000e-02,-1.245526e-11
5.770000e-02,1.805011e-12
5.780000e-02,1.606528e-11
5.790000e-02,-6.730174e-12
5.800000e-02,7.530097e-12
5.810000e-02,2.179037e-11
5.820000e-02,-1.005088e-12
5.830000e-02,1.325518e-11
5.840000e-02,-9.540272e-12
5.850000e-02,4.719998e-12
5.860000e-02,1.898027e-11
5.870000e-02,-3.815186e-12
5.880000e-02,1.044508e-11
5.890000e-02,-1.235037e-11
5.900000e-02,1.909900e-12
5.910000e-02,-2.088556e-11
5.920000e-02,-6.625285e-12
5.930000e-02,7.634985e-12
5.940000e-02,-1.516047e-11
5.950000e-02,-9.001990e-13
5.960000e-02,-2.369565e-11
5.970000e-02,-9.435384e-12
5.980000e-02,4.824887e-12
5.990000e-02,-1.797057e-11
6.000000e-02,-3.710298e-12
6.010000e-02,-2.650575e-11
6.020000e-02,-1.224548e-11
6.030000e-02,-3.504094e-11
6.040000e-02,-2.078067e-11
6.050000e-02,-6.520396e-12
6.060000e-02,-2.931585e-11
6.070000e-02,-1.505558e-11
6.080000e-02,-7.953102e-13
6.090000e-02,-2.359077e-11
6.100000e-02,-9.330495e-12
6.110000e-02,4.929776e-12
6.120000e-02,-1.786568e-11
6.130000e-02,-3.605409e-12
6.140000e-02,1.065486e-11
6.150000e-02,2.491513e-11
6.160000e-02,2.119677e-12
6.170000e-02,1.637995e-11
6.180000e-02,-6.415507e-12
6.190000e-02,7.844763e-12
6.200000e-02,-1.495069e-11
6.210000e-02,-6.904213e-13
6.220000e-02,1.356985e-11
6.230000e-02,-9.225606e-12
6.240000e-02,5.034665e-12
6.250000e-02,-1.776079e-11
6.260000e-02,-3.500520e-12
6.270000e-02,1.075975e-11
6.280000e-02,2.502002e-11
6.290000e-02,-3.483116e-11
6.300000e-02,-2.057089e-11
6.310000e-02,-6.310618e-12
6.320000e-02,7.949652e-12
6.330000e-02,2.220992e-11
6.340000e-02,-3.764126e-11
6.350000e-02,-2.338099e-11
6.360000e-02,-9.120717e-12
6.370000e-02,5.139553e-12
6.380000e-02,1.939982e-11
6.390000e-02,-4.045136e-11
6.400000e-02,-2.619109e-11
6.410000e-02,-1.193082e-11
6.420000e-02,2.329455e-12
6.430000e-02,1.658973e-11
6.440000e-02,-6.205730e-12
6.450000e-02,-2.900118e-11
6.460000e-02,-1.474091e-11
6.470000e-02,-4.806436e-13
6.480000e-02,-2.327610e-11
6.490000e-02,-9.015828e-12
6.500000e-02,5.244442e-12
6.510000e-02,1.950471e-11
6.520000e-02,-3.290742e-12
6.530000e-02,-2.608620e-11
6.540000e-02,-1.182593e-11
6.550000e-02,2.434344e-12
6.560000e-02,1.669461e-11
6.570000e-02,3.095488e-11
6.580000e-02,-2.889630e-11
6.590000e-02,-1.463603e-11
6.600000e-02,-3.757548e-13
6.610000e-02,1.388452e-11
6.620000e-02,2.814479e-11
6.630000e-02,-3.170639e-11
6.640000e-02,-1.744612e-11
6.650000e-02,-3.185853e-12
6.660000e-02,1.107442e-11
6.670000e-02,2.533469e-11
6.680000e-02,-3.451649e-11
6.690000e-02,-2.025622e-11
6.700000e-02,-5.995952e-12
6.710000e-02,8.264319e-12
6.720000e-02,2.252459e-11
6.730000e-02,-3.732659e-11
6.740000e-02,-2.306632e-11
6.750000e-02,-8.806050e-12
6.760000e-02,5.454220e-12
6.770000e-02,1.971449e-11
6.780000e-02,-4.013669e-11
6.790000e-02,-2.587642e-11
6.800000e-02,-1.161615e-11
6.810000e-02,2.644121e-12
6.820000e-02,-2.015133e-11
6.830000e-02,-5.891063e-12
6.840000e-02,8.369207e-12
6.850000e-02,-1.442625e-11
6.860000e-02,-1.659771e-13
6.870000e-02,-2.296143e-11
6.880000e-02,-8.701162e-12
6.890000e-02,5.559109e-12
6.900000e-02,1.981938e-11
6.910000e-02,-2.976076e-12
6.920000e-02,-2.577153e-11
6.930000e-02,-1.151126e-11
6.940000e-02,2.749010e-12
6.950000e-02,1.700928e-11
6.960000e-02,3.126955e-11
6.970000e-02,-2.858163e-11
6.980000e-02,-1.432136e-11
6.990000e-02,-6.108826e-14
7.000000e-02,1.419918e-11
7.010000e-02,2.845945e-11
7.020000e-02,-3.139173e-11
7.030000e-02,-1.713146e-11
7.040000e-02,-2.871187e-12
7.050000e-02,1.138908e-11
7.060000e-02,2.564935e-11
7.070000e-02,-3.420183e-11
7.080000e-02,-1.994156e-11
7.090000e-02,-5.681285e-12
7.100000e-02,8.578985e-12
7.110000e-02,-5.127220e-11
7.120000e-02,-3.701192e-11
7.130000e-02,-2.275165e-11
7.140000e-02,-8.491384e-12
7.150000e-02,5.768887e-12
7.160000e-02,-1.702657e-11
7.170000e-02,-2.766298e-12
7.180000e-02,-2.556175e-11
7.190000e-02,-1.130148e-11
7.200000e-02,2.958788e-12
7.210000e-02,-1.983667e-11
7.220000e-02,-5.576397e-12
7.230000e-02,8.683874e-12
7.240000e-02,-1.411158e-11
7.250000e-02,1.486894e-13
7.260000e-02,-2.264677e-11
7.270000e-02,-8.386495e-12
7.280000e-02,5.873775e-12
7.290000e-02,2.013405e-11
7.300000e-02,3.439432e-11
7.310000e-02,-2.545686e-11
7.320000e-02,-1.119659e-11
7.330000e-02,3.063677e-12
7.340000e-02,1.732395e-11
7.350000e-02,3.158422e-11
7.360000e-02,-2.826696e-11
7.370000e-02,-1.400669e-11
7.380000e-02,2.535783e-13
7.390000e-02,1.451385e-11
7.400000e-02,2.877412e-11
7.410000e-02,-3.107706e-11
7.420000e-02,-1.681679e-11
7.430000e-02,-2.556520e-12
7.440000e-02,1.170375e-11
7.450000e-02,-4.814743e-11
7.460000e-02,-3.388716e-11
7.470000e-02,-1.962689e-11
7.480000e-02,-5.366619e-12
7.490000e-02,8.893652e-12
7.500000e-02,-1.390180e-11
7.510000e-02,-3.669726e-11
7.520000e-02,-2.243699e-11
7.530000e-02,-8.176717e-12
7.540000e-02,6.083553e-12
7.550000e-02,-1.671190e-11
7.560000e-02,-2.451631e-12
7.570000e-02,-2.524709e-11
7.580000e-02,-1.098682e-11
7.590000e-02,3.273455e-12
7.600000e-02,-1.952200e-11
7.610000e-02,-5.261730e-12
7.620000e-02,8.998540e-12
7.630000e-02,2.325881e-11
7.640000e-02,4.633560e-13
7.650000e-02,-2.233210e-11
7.660000e-02,-8.071829e-12
7.670000e-02,6.188442e-12
7.680000e-02,2.044871e-11
7.690000e-02,3.470898e-11
7.700000e-02,-2.514220e-11
7.710000e-02,-1.088193e-11
7.720000e-02,3.378343e-12
7.730000e-02,1.763861e-11
7.740000e-02,3.189888e-11
7.750000e-02,-2.795230e-11
7.760000e-02,-1.369203e-11
7.770000e-02,5.682448e-13
7.780000e-02,1.482852e-11
7.790000e-02,-4.502267e-11
7.800000e-02,-3.076239e-11
7.810000e-02,-1.650212e-11
7.820000e-02,-2.241854e-12
7.830000e-02,1.201842e-11
7.840000e-02,-4.783276e-11
7.850000e-02,-3.357249e-11
7.860000e-02,-1.931222e-11
7.870000e-02,-5.051952e-12
7.880000e-02,9.208318e-12
7.890000e-02,-1.358714e-11
7.900000e-02,-3.638259e-11
7.910000e-02,-2.212232e-11
7.920000e-02,-7.862051e-12
7.930000e-02,6.398220e-12
7.940000e-02,-1.639724e-11
7.950000e-02,-2.136965e-12
7.960000e-02,1.212331e-11
7.970000e-02,-1.067215e-11
7.980000e-02,3.588121e-12
7.990000e-02,-1.920733e-11
8.000000e-02,-4.947063e-12
8.010000e-02,9.313207e-12
8.020000e-02,2.357348e-11
8.030000e-02,7.780225e-13
8.040000e-02,-2.201743e-11
8.050000e-02,-7.757162e-12
8.060000e-02,6.503108e-12
8.070000e-02,2.076338e-11
8.080000e-02,3.502365e-11
8.090000e-02,-2.482753e-11
8.100000e-02,-1.056726e-11
8.110000e-02,3.693010e-12
8.120000e-02,1.795328e-11
8.130000e-02,-4.189790e-11
8.140000e-02,-2.763763e-11
8.150000e-02,-1.337736e-11
8.160000e-02,8.829114e-13
8.170000e-02,1.514318e-11
8.180000e-02,-4.470800e-11
8.190000e-02,-3.044773e-11
8.200000e-02,-1.618746e-11
8.210000e-02,-1.927187e-12
8.220000e-02,1.233308e-11
8.230000e-02,-4.751810e-11
8.240000e-02,-3.325783e-11
8.250000e-02,-1.899756e-11
8.260000e-02,-4.737286e-12
8.270000e-02,9.522985e-12
8.280000e-02,-1.327247e-11
8.290000e-02,-3.606793e-11
8.300000e-02,-2.180765e-11
8.310000e-02,-7.547384e-12
8.320000e-02,6.712886e-12
8.330000e-02,-1.608257e-11
8.340000e-02,-1.822298e-12
8.350000e-02,-2.461775e-11
8.360000e-02,-1.035748e-11
8.370000e-02,3.902788e-12
8.380000e-02,-5.594839e-11
8.390000e-02,-4.168812e-11
8.400000e-02,-2.742785e-11
8.410000e-02,-1.316758e-11
8.420000e-02,1.092689e-12
8.430000e-02,-5.875849e-11
8.440000e-02,-4.449822e-11
8.450000e-02,-3.023795e-11
8.460000e-02,-1.597768e-11
8.470000e-02,-1.717410e-12
8.480000e-02,1.254286e-11
8.490000e-02,-4.730832e-11
8.500000e-02,-3.304805e-11
8.510000e-02,-1.878778e-11
8.520000e-02,-4.527508e-12
8.530000e-02,9.732762e-12
8.540000e-02,2.399303e-11
8.550000e-02,3.825330e-11
8.560000e-02,-2.159788e-11
8.570000e-02,-7.337607e-12
8.580000e-02,6.922664e-12
8.590000e-02,2.118293e-11
8.600000e-02,3.544320e-11
8.610000e-02,4.970348e-11
8.620000e-02,-1.014771e-11
8.630000e-02,4.112565e-12
8.640000e-02,1.837284e-11
8.650000e-02,3.263311e-11
8.660000e-02,4.689338e-11
8.670000e-02,-1.295780e-11
8.680000e-02,1.302467e-12
8.690000e-02,1.556274e-11
8.700000e-02,2.982301e-11
8.710000e-02,4.408328e-11
8.720000e-02,-1.576790e-11
8.730000e-02,-1.507632e-12
8.740000e-02,1.275264e-11
8.750000e-02,2.701291e-11
8.760000e-02,-3.283827e-11
8.770000e-02,-1.857800e-11
8.780000e-02,-4.317730e-12
8.790000e-02,9.942540e-12
8.800000e-02,2.420281e-11
8.810000e-02,-3.564837e-11
8.820000e-02,-2.138810e-11
8.830000e-02,-7.127829e-12
8.840000e-02,7.132442e-12
8.850000e-02,2.139271e-11
8.860000e-02,-3.845847e-11
8.870000e-02,-2.419820e-11
8.880000e-02,-9.937927e-12
8.890000e-02,4.322343e-12
8.900000e-02,1.858261e-11
8.910000e-02,-4.126857e-11
8.920000e-02,-2.700830e-11
8.930000e-02,-1.274803e-11
8.940000e-02,1.512244e-12
8.950000e-02,1.577251e-11
8.960000e-02,-4.407867e-11
8.970000e-02,-2.981840e-11
8.980000e-02,-1.555812e-11
8.990000e-02,-1.297854e-12
9.000000e-02,1.296242e-11
9.010000e-02,-4.688876e-11
9.020000e-02,-3.262849e-11
9.030000e-02,-1.836822e-11
9.040000e-02,-4.107953e-12
9.050000e-02,1.015232e-11
9.060000e-02,-4.969886e-11
9.070000e-02,-3.543859e-11
9.080000e-02,-2.117832e-11
9.090000e-02,-6.918051e-12
9.100000e-02,-6.676923e-11
9.110000e-02,-5.250896e-11
9.120000e-02,-3.824869e-11
9.130000e-02,-2.398842e-11
9.140000e-02,-9.728150e-12
9.150000e-02,-6.957933e-11
9.160000e-02,-5.531906e-11
9.170000e-02,-4.105879e-11
9.180000e-02,-2.679852e-11
9.190000e-02,-1.253825e-11
9.200000e-02,1.722022e-12
9.210000e-02,1.598229e-11
9.220000e-02,-4.386889e-11
9.230000e-02,-2.960862e-11
9.240000e-02,-1.534835e-11
9.250000e-02,-1.088076e-12
9.260000e-02,1.317219e-11
9.270000e-02,2.743246e-11
9.280000e-02,-3.241872e-11
9.290000e-02,-1.815845e-11
9.300000e-02,-3.898175e-12
9.310000e-02,1.036210e-11
9.320000e-02,2.462237e-11
9.330000e-02,3.888264e-11
9.340000e-02,5.314291e-11
9.350000e-02,-6.708274e-12
9.360000e-02,7.551997e-12
9.370000e-02,2.181227e-11
9.380000e-02,3.607254e-11
9.390000e-02,5.033281e-11
9.400000e-02,-9.518372e-12
9.410000e-02,4.741898e-12
9.420000e-02,1.900217e-11
9.430000e-02,3.326244e-11
9.440000e-02,-2.658874e-11
9.450000e-02,-1.232847e-11
9.460000e-02,1.931800e-12
9.470000e-02,1.619207e-11
9.480000e-02,3.045234e-11
9.490000e-02,-2.939884e-11
9.500000e-02,-1.513857e-11
9.510000e-02,-8.782987e-13
9.520000e-02,1.338197e-11
9.530000e-02,2.764224e-11
9.540000e-02,-3.220894e-11
9.550000e-02,-1.794867e-11
9.560000e-02,-3.688397e-12
9.570000e-02,1.057187e-11
9.580000e-02,2.483214e-11
9.590000e-02,-3.501904e-11
9.600000e-02,-2.075877e-11
9.610000e-02,-6.498496e-12
9.620000e-02,7.761775e-12
9.630000e-02,2.202205e-11
9.640000e-02,-3.782914e-11
9.650000e-02,-2.356886e-11
9.660000e-02,-9.308594e-12
9.670000e-02,4.951676e-12
9.680000e-02,1.921195e-11
9.690000e-02,-4.063923e-11
9.700000e-02,-2.637896e-11
9.710000e-02,-1.211869e-11
9.720000e-02,2.141578e-12
9.730000e-02,1.640185e-11
9.740000e-02,-4.344933e-11
9.750000e-02,-2.918906e-11
9.760000e-02,-1.492879e-11
9.770000e-02,-6.685210e-13
9.780000e-02,-6.051970e-11
9.790000e-02,-4.625943e-11
9.800000e-02,-3.199916e-11
9.810000e-02,-1.773889e-11
9.820000e-02,-3.478620e-12
9.830000e-02,-6.332980e-11
9.840000e-02,-4.906953e-11
9.850000e-02,-3.480926e-11
9.860000e-02,-2.054899e-11
9.870000e-02,-6.288718e-12
9.880000e-02,-6.613990e-11
9.890000e-02,-5.187963e-11
9.900000e-02,-3.761936e-11
9.910000e-02,-2.335909e-11
9.920000e-02,-9.098817e-12
9.930000e-02,5.161454e-12
9.940000e-02,-5.468973e-11
9.950000e-02,-4.042946e-11
9.960000e-02,-2.616919e-11
9.970000e-02,-1.190892e-11
9.980000e-02,2.351355e-12
9.990000e-02,1.661163e-11
1.000000e-01,-4.323955e-11
1.001000e-01,-2.897928e-11
1.002000e-01,-1.471901e-11
1.003000e-01,-4.587433e-13
1.004000e-01,1.380153e-11
1.005000e-01,2.806180e-11
1.006000e-01,4.232207e-11
1.007000e-01,-1.752911e-11
1.008000e-01,-3.268842e-12
1.009000e-01,1.099143e-11
1.010000e-01,2.525170e-11
1.011000e-01,3.951197e-11
1.012000e-01,-2.033921e-11
1.013000e-01,-6.078940e-12
1.014000e-01,8.181330e-12
1.015000e-01,2.244160e-11
1.016000e-01,3.670187e-11
1.017000e-01,-2.314931e-11
1.018000e-01,-8.889039e-12
1.019000e-01,5.371231e-12
1.020000e-01,1.963150e-11
1.021000e-01,3.389177e-11
1.022000e-01,-2.595941e-11
1.023000e-01,-1.169914e-11
1.024000e-01,2.561133e-12
1.025000e-01,1.682140e-11
1.026000e-01,3.108167e-11
1.027000e-01,-2.876951e-11
1.028000e-01,-1.450924e-11
1.029000e-01,-2.489657e-13
1.030000e-01,1.401130e-11
1.031000e-01,2.827158e-11
1.032000e-01,-3.157961e-11
1.033000e-01,-1.731933e-11
1.034000e-01,-3.059064e-12
1.035000e-01,1.120121e-11
1.036000e-01,2.546148e-11
1.037000e-01,-3.438970e-11
1.038000e-01,-2.012943e-11
1.039000e-01,-5.869163e-12
1.040000e-01,8.391108e-12
1.041000e-01,-5.146007e-11
1.042000e-01,-3.719980e-11
1.043000e-01,-2.293953e-11
1.044000e-01,-8.679261e-12
1.045000e-01,5.581009e-12
1.046000e-01,-5.427017e-11
1.047000e-01,-4.000990e-11
1.048000e-01,-2.574963e-11
1.049000e-01,-1.148936e-11
1.050000e-01,2.770911e-12
1.051000e-01,-5.708027e-11
1.052000e-01,-4.282000e-11
1.053000e-01,-2.855973e-11
1.054000e-01,-1.429946e-11
1.055000e-01,-3.918796e-14
1.056000e-01,-5.989037e-11
1.057000e-01,-4.563010e-11
1.058000e-01,-3.136983e-11
1.059000e-01,-1.710956e-11
1.060000e-01,-2.849287e-12
1.061000e-01,-6.270047e-11
1.062000e-01,-4.844020e-11
1.063000e-01,-3.417993e-11
1.064000e-01,-1.991966e-11
1.065000e-01,-5.659385e-12
1.066000e-01,-6.551057e-11
1.067000e-01,-5.125030e-11
1.068000e-01,-3.699002e-11
1.069000e-01,-2.272975e-11
1.070000e-01,-8.469484e-12
1.071000e-01,5.790787e-12
1.072000e-01,2.005106e-11
1.073000e-01,-3.980012e-11
1.074000e-01,-2.553985e-11
1.075000e-01,-1.127958e-11
1.076000e-01,2.980688e-12
1.077000e-01,1.724096e-11
1.078000e-01,3.150123e-11
1.079000e-01,-2.834995e-11
1.080000e-01,-1.408968e-11
1.081000e-01,1.705897e-13
1.082000e-01,1.443086e-11
1.083000e-01,2.869113e-11
1.084000e-01,4.295140e-11
1.085000e-01,-1.689978e-11
1.086000e-01,-2.639509e-12
1.087000e-01,1.162076e-11
1.088000e-01,2.588103e-11
1.089000e-01,4.014130e-11
1.090000e-01,-1.970988e-11
1.091000e-01,-5.449607e-12
1.092000e-01,8.810663e-12
1.093000e-01,2.307093e-11
1.094000e-01,3.733120e-11
1.095000e-01,-2.251998e-11
1.096000e-01,-8.259706e-12
1.097000e-01,6.000565e-12
1.098000e-01,2.026084e-11
1.099000e-01,3.452111e-11
1.100000e-01,-2.533007e-11
1.101000e-01,-1.106980e-11
1.102000e-01,3.190466e-12
1.103000e-01,1.745074e-11
1.104000e-01,3.171101e-11
1.105000e-01,-2.814017e-11
1.106000e-01,-1.387990e-11
1.107000e-01,3.803674e-13
1.108000e-01,1.464064e-11
1.109000e-01,-4.521054e-11
1.110000e-01,-3.095027e-11
1.111000e-01,-1.669000e-11
1.112000e-01,-2.429731e-12
1.113000e-01,1.183054e-11
1.114000e-01,-4.802064e-11
1.115000e-01,-3.376037e-11
1.116000e-01,-1.950010e-11
1.117000e-01,-5.239830e-12
1.118000e-01,9.020441e-12
1.119000e-01,-5.083074e-11
1.120000e-01,-3.657047e-11
1.121000e-01,-2.231020e-11
1.122000e-01,-8.049928e-12
1.123000e-01,6.210342e-12
1.124000e-01,-5.364084e-11
1.125000e-01,-3.938057e-11
1.126000e-01,-2.512030e-11
1.127000e-01,-1.086003e-11
1.128000e-01,3.400244e-12
1.129000e-01,-5.645094e-11
1.130000e-01,-4.219067e-11
1.131000e-01,-2.793040e-11
1.132000e-01,-1.367013e-11
1.133000e-01,5.901451e-13
1.134000e-01,-5.926104e-11
1.135000e-01,-4.500076e-11
1.136000e-01,-3.074049e-11
1.137000e-01,-1.648022e-11
1.138000e-01,-2.219953e-12
1.139000e-01,-6.207113e-11
1.140000e-01,-4.781086e-11
1.141000e-01,-3.355059e-11
1.142000e-01,-1.929032e-11
1.143000e-01,-5.030052e-12
1.144000e-01,9.230218e-12
1.145000e-01,-5.062096e-11
1.146000e-01,-3.636069e-11
1.147000e-01,-2.210042e-11
1.148000e-01,-7.840151e-12
1.149000e-01,6.420120e-12
1.150000e-01,2.068039e-11
1.151000e-01,3.494066e-11
1.152000e-01,-2.491052e-11
1.153000e-01,-1.065025e-11
1.154000e-01,3.610021e-12
1.155000e-01,1.787029e-11
1.156000e-01,3.213056e-11
1.157000e-01,4.639083e-11
1.158000e-01,-1.346035e-11
1.159000e-01,7.999228e-13
1.160000e-01,1.506019e-11
1.161000e-01,2.932046e-11
1.162000e-01,4.358073e-11
1.163000e-01,-1.627045e-11
1.164000e-01,-2.010176e-12
1.165000e-01,1.225009e-11
1.166000e-01,2.651037e-11
1.167000e-01,4.077064e-11
1.168000e-01,-1.908054e-11
1.169000e-01,-4.820274e-12
1.170000e-01,9.439996e-12
1.171000e-01,2.370027e-11
1.172000e-01,3.796054e-11
1.173000e-01,-2.189064e-11
1.174000e-01,-7.630373e-12
1.175000e-01,6.629898e-12
1.176000e-01,2.089017e-11
1.177000e-01,-3.896101e-11
1.178000e-01,-2.470074e-11
1.179000e-01,-1.044047e-11
1.180000e-01,3.819799e-12
1.181000e-01,1.808007e-11
1.182000e-01,-4.177111e-11
1.183000e-01,-2.751084e-11
1.184000e-01,-1.325057e-11
1.185000e-01,1.009701e-12
1.186000e-01,1.526997e-11
1.187000e-01,-4.458121e-11
1.188000e-01,-3.032094e-11
1.189000e-01,-1.606067e-11
1.190000e-01,-1.800398e-12
1.191000e-01,1.245987e-11
1.192000e-01,-4.739131e-11
1.193000e-01,-3.313104e-11
1.194000e-01,-1.887077e-11
1.195000e-01,-4.610497e-12
1.196000e-01,9.649774e-12
1.197000e-01,-5.020141e-11
1.198000e-01,-3.594114e-11
1.199000e-01,-2.168087e-11
1.200000e-01,-7.420595e-12
1.201000e-01,6.839675e-12
1.202000e-01,-5.301151e-11
1.203000e-01,-3.875123e-11
1.204000e-01,-2.449096e-11
1.205000e-01,-1.023069e-11
1.206000e-01,-7.008187e-11
1.207000e-01,-5.582160e-11
1.208000e-01,-4.156133e-11
1.209000e-01,-2.730106e-11
1.210000e-01,-1.304079e-11
1.211000e-01,-7.289197e-11
1.212000e-01,-5.863170e-11
1.213000e-01,-4.437143e-11
1.214000e-01,-3.011116e-11
1.215000e-01,-1.585089e-11
1.216000e-01,-1.590620e-12
1.217000e-01,1.266965e-11
1.218000e-01,-4.718153e-11
1.219000e-01,-3.292126e-11
1.220000e-01,-1.866099e-11
1.221000e-01,-4.400719e-12
1.222000e-01,9.859552e-12
1.223000e-01,2.411982e-11
1.224000e-01,-3.573136e-11
1.225000e-01,-2.147109e-11
1.226000e-01,-7.210817e-12
1.227000e-01,7.049453e-12
1.228000e-01,2.130972e-11
1.229000e-01,3.556999e-11
1.230000e-01,4.983026e-11
1.231000e-01,-1.002092e-11
1.232000e-01,4.239354e-12
1.233000e-01,1.849962e-11
1.234000e-01,3.275990e-11
1.235000e-01,4.702017e-11
1.236000e-01,-1.283101e-11
1.237000e-01,1.429256e-12
1.238000e-01,1.568953e-11
1.239000e-01,2.994980e-11
1.240000e-01,-2.990138e-11
1.241000e-01,-1.564111e-11
1.242000e-01,-1.380843e-12
1.243000e-01,1.287943e-11
1.244000e-01,2.713970e-11
1.245000e-01,-3.271148e-11
1.246000e-01,-1.845121e-11
1.247000e-01,-4.190941e-12
1.248000e-01,1.006933e-11
1.249000e-01,2.432960e-11
1.250000e-01,-3.552158e-11
1.251000e-01,5.285014e-11
1.252000e-01,-7.001040e-12
1.253000e-01,-6.685222e-11
1.254000e-01,2.151950e-11
1.255000e-01,-3.833168e-11
1.256000e-01,5.004004e-11
1.257000e-01,-9.811138e-12
1.258000e-01,-6.966232e-11
1.259000e-01,1.870940e-11
1.260000e-01,-4.114178e-11
1.261000e-01,4.722994e-11
1.262000e-01,-1.262124e-11
1.263000e-01,-7.247242e-11
1.264000e-01,1.589930e-11
1.265000e-01,-4.395188e-11
1.266000e-01,4.441984e-11
1.267000e-01,-1.543134e-11
1.268000e-01,-7.528252e-11
1.269000e-01,1.308921e-11
1.270000e-01,-4.676197e-11
1.271000e-01,4.160975e-11
1.272000e-01,-1.824143e-11
1.273000e-01,-7.809261e-11
1.274000e-01,1.027911e-11
1.275000e-01,-4.957207e-11
1.276000e-01,3.879965e-11
1.277000e-01,-2.105153e-11
1.278000e-01,-8.090271e-11
1.279000e-01,7.469008e-12
1.280000e-01,-5.238217e-11
1.281000e-01,3.598955e-11
1.282000e-01,-2.386163e-11
1.283000e-01,-8.371281e-11
1.284000e-01,4.658910e-12
1.285000e-01,-5.519227e-11
1.286000e-01,3.317945e-11
1.287000e-01,-2.667173e-11
1.288000e-01,-1.241146e-11
1.289000e-01,1.848811e-12
1.290000e-01,-5.800237e-11
1.291000e-01,-4.374210e-11
1.292000e-01,-2.948183e-11
1.293000e-01,-1.522156e-11
1.294000e-01,-9.612873e-13
1.295000e-01,1.329898e-11
1.296000e-01,-4.655220e-11
1.297000e-01,-3.229193e-11
1.298000e-01,-1.803166e-11
1.299000e-01,-3.771386e-12
1.300000e-01,1.048888e-11
1.301000e-01,-4.936230e-11
1.302000e-01,3.900943e-11
1.303000e-01,-2.084175e-11
1.304000e-01,-6.581484e-12
1.305000e-01,7.678786e-12
1.306000e-01,-5.217239e-11
1.307000e-01,3.619933e-11
1.308000e-01,-2.365185e-11
1.309000e-01,6.471987e-11
1.310000e-01,4.868688e-12
1.311000e-01,-5.498249e-11
1.312000e-01,3.338923e-11
1.313000e-01,-2.646195e-11
1.314000e-01,6.190977e-11
1.315000e-01,2.058589e-12
1.316000e-01,-5.779259e-11
1.317000e-01,3.057913e-11
1.318000e-01,-2.927205e-11
1.319000e-01,5.909967e-11
1.320000e-01,-7.515096e-13
1.321000e-01,-6.060269e-11
1.322000e-01,2.776903e-11
1.323000e-01,-3.208215e-11
1.324000e-01,5.628957e-11
1.325000e-01,-3.561608e-12
1.326000e-01,-6.341279e-11
1.327000e-01,2.495893e-11
1.328000e-01,-3.489225e-11
1.329000e-01,5.347947e-11
1.330000e-01,-6.371707e-12
1.331000e-01,-6.622289e-11
1.332000e-01,2.214883e-11
1.333000e-01,-3.770235e-11
1.334000e-01,5.066938e-11
1.335000e-01,-9.181805e-12
1.336000e-01,-6.903299e-11
1.337000e-01,1.933874e-11
1.338000e-01,-4.051244e-11
1.339000e-01,4.785928e-11
1.340000e-01,-1.199190e-11
1.341000e-01,-7.184308e-11
1.342000e-01,1.652864e-11
1.343000e-01,-4.332254e-11
1.344000e-01,4.504918e-11
1.345000e-01,-1.480200e-11
1.346000e-01,-7.465318e-11
1.347000e-01,1.371854e-11
1.348000e-01,-4.613264e-11
1.349000e-01,4.223908e-11
1.350000e-01,-1.761210e-11
1.351000e-01,-7.746328e-11
1.352000e-01,1.090844e-11
1.353000e-01,-4.894274e-11
1.354000e-01,3.942898e-11
1.355000e-01,-2.042220e-11
1.356000e-01,-8.027338e-11
1.357000e-01,8.098341e-12
1.358000e-01,-5.175284e-11
1.359000e-01,-3.749257e-11
1.360000e-01,-2.323230e-11
1.361000e-01,-8.972028e-12
1.362000e-01,5.288243e-12
1.363000e-01,-5.456294e-11
1.364000e-01,-4.030267e-11
1.365000e-01,-2.604240e-11
1.366000e-01,-1.178213e-11
1.367000e-01,2.478144e-12
1.368000e-01,1.673841e-11
1.369000e-01,-4.311277e-11
1.370000e-01,-2.885250e-11
1.371000e-01,-1.459222e-11
1.372000e-01,-3.319542e-13
1.373000e-01,1.392832e-11
1.374000e-01,-4.592286e-11
1.375000e-01,-3.166259e-11
1.376000e-01,-1.740232e-11
1.377000e-01,-3.142053e-12
1.378000e-01,1.111822e-11
1.379000e-01,-4.873296e-11
1.380000e-01,3.963876e-11
1.381000e-01,-2.021242e-11
1.382000e-01,-5.952151e-12
1.383000e-01,8.308119e-12
1.384000e-01,-5.154306e-11
1.385000e-01,3.682866e-11
1.386000e-01,-2.302252e-11
1.387000e-01,6.534920e-11
1.388000e-01,5.498021e-12
1.389000e-01,-5.435316e-11
1.390000e-01,3.401856e-11
1.391000e-01,-2.583262e-11
1.392000e-01,6.253910e-11
1.393000e-01,2.687922e-12
1.394000e-01,-5.716326e-11
1.395000e-01,3.120846e-11
1.396000e-01,-2.864272e-11
1.397000e-01,5.972900e-11
1.398000e-01,-1.221765e-13
1.399000e-01,-5.997336e-11
1.400000e-01,2.839836e-11
1.401000e-01,-3.145282e-11
1.402000e-01,5.691891e-11
1.403000e-01,-2.932275e-12
1.404000e-01,-6.278346e-11
1.405000e-01,2.558827e-11
1.406000e-01,-3.426291e-11
1.407000e-01,5.410881e-11
1.408000e-01,-5.742374e-12
1.409000e-01,-6.559355e-11
1.410000e-01,2.277817e-11
1.411000e-01,-3.707301e-11
1.412000e-01,5.129871e-11
1.413000e-01,-8.552472e-12
1.414000e-01,-6.840365e-11
1.415000e-01,1.996807e-11
1.416000e-01,-3.988311e-11
1.417000e-01,4.848861e-11
1.418000e-01,-1.136257e-11
1.419000e-01,-7.121375e-11
1.420000e-01,1.715797e-11
1.421000e-01,-4.269321e-11
1.422000e-01,-1.025444e-10
1.423000e-01,-1.417267e-11
1.424000e-01,-7.402385e-11
1.425000e-01,1.434787e-11
1.426000e-01,-4.550331e-11
1.427000e-01,-3.124304e-11
1.428000e-01,-1.698277e-11
1.429000e-01,-7.683395e-11
1.430000e-01,1.153777e-11
1.431000e-01,-4.831341e-11
1.432000e-01,-3.405314e-11
1.433000e-01,-1.979287e-11
1.434000e-01,-5.532596e-12
1.435000e-01,8.727675e-12
1.436000e-01,-5.112351e-11
1.437000e-01,-3.686324e-11
1.438000e-01,-2.260296e-11
1.439000e-01,-8.342694e-12
1.440000e-01,5.917576e-12
1.441000e-01,-5.393360e-11
1.442000e-01,-3.967333e-11
1.443000e-01,-2.541306e-11
1.444000e-01,-1.115279e-11
1.445000e-01,3.107477e-12
1.446000e-01,1.736775e-11
1.447000e-01,-4.248343e-11
1.448000e-01,-2.822316e-11
1.449000e-01,-1.396289e-11
1.450000e-01,2.973789e-13
1.451000e-01,1.455765e-11
1.452000e-01,-4.529353e-11
1.453000e-01,4.307819e-11
1.454000e-01,-1.677299e-11
1.455000e-01,-2.512720e-12
1.456000e-01,1.174755e-11
1.457000e-01,-4.810363e-11
1.458000e-01,4.026809e-11
1.459000e-01,-1.958309e-11
1.460000e-01,6.878863e-11
1.461000e-01,8.937452e-12
1.462000e-01,-5.091373e-11
1.463000e-01,3.745799e-11
1.464000e-01,-2.239319e-11
1.465000e-01,6.597853e-11
1.466000e-01,6.127354e-12
1.467000e-01,-5.372383e-11
1.468000e-01,3.464789e-11
1.469000e-01,-2.520329e-11
1.470000e-01,6.316844e-11
1.471000e-01,3.317255e-12
1.472000e-01,-5.653393e-11
1.473000e-01,3.183780e-11
1.474000e-01,-2.801338e-11
1.475000e-01,6.035834e-11
1.476000e-01,5.071566e-13
1.477000e-01,-5.934402e-11
1.478000e-01,2.902770e-11
1.479000e-01,-3.082348e-11
1.480000e-01,5.754824e-11
1.481000e-01,-2.302942e-12
1.482000e-01,-6.215412e-11
1.483000e-01,2.621760e-11
1.484000e-01,-3.363358e-11
1.485000e-01,5.473814e-11
1.486000e-01,-5.113041e-12
1.487000e-01,-6.496422e-11
1.488000e-01,2.340750e-11
1.489000e-01,-3.644368e-11
1.490000e-01,-9.629486e-11
1.491000e-01,-7.923139e-12
1.492000e-01,-6.777432e-11
1.493000e-01,2.059740e-11
1.494000e-01,-3.925378e-11
1.495000e-01,-9.910496e-11
1.496000e-01,-1.073324e-11
1.497000e-01,-7.058442e-11
1.498000e-01,1.778730e-11
1.499000e-01,-4.206388e-11
1.500000e-01,-2.780361e-11
1.501000e-01,-1.354334e-11
1.502000e-01,-7.339452e-11
1.503000e-01,1.497720e-11
1.504000e-01,-4.487398e-11
1.505000e-01,-3.061371e-11
1.506000e-01,-1.635343e-11
1.507000e-01,-7.620462e-11
1.508000e-01,1.216711e-11
1.509000e-01,-4.768407e-11
1.510000e-01,-3.342380e-11
1.511000e-01,-1.916353e-11
1.512000e-01,-4.903263e-12
1.513000e-01,9.357008e-12
1.514000e-01,-5.049417e-11
1.515000e-01,-3.623390e-11
1.516000e-01,-2.197363e-11
1.517000e-01,-7.713361e-12
1.518000e-01,6.546909e-12
1.519000e-01,2.080718e-11
1.520000e-01,-3.904400e-11
1.521000e-01,-2.478373e-11
1.522000e-01,-1.052346e-11
1.523000e-01,3.736811e-12
1.524000e-01,1.799708e-11
1.525000e-01,-4.185410e-11
1.526000e-01,4.651762e-11
1.527000e-01,-1.333356e-11
1.528000e-01,9.267119e-13
1.529000e-01,1.518698e-11
1.530000e-01,-4.466420e-11
1.531000e-01,4.370752e-11
1.532000e-01,-1.614366e-11
1.533000e-01,-1.883387e-12
1.534000e-01,1.237688e-11
1.535000e-01,-4.747430e-11
1.536000e-01,4.089742e-11
1.537000e-01,-1.895376e-11
1.538000e-01,6.941797e-11
1.539000e-01,9.566785e-12
1.540000e-01,-5.028440e-11
1.541000e-01,3.808733e-11
1.542000e-01,-2.176385e-11
1.543000e-01,6.660787e-11
1.544000e-01,6.756687e-12
1.545000e-01,-5.309449e-11
1.546000e-01,3.527723e-11
1.547000e-01,-2.457395e-11
1.548000e-01,6.379777e-11
1.549000e-01,3.946588e-12
1.550000e-01,-5.590459e-11
1.551000e-01,3.246713e-11
1.552000e-01,-2.738405e-11
1.553000e-01,-8.723523e-11
1.554000e-01,1.136490e-12
1.555000e-01,-5.871469e-11
1.556000e-01,2.965703e-11
1.557000e-01,-3.019415e-11
1.558000e-01,-9.004533e-11
1.559000e-01,-1.673609e-12
1.560000e-01,-6.152479e-11
1.561000e-01,2.684693e-11
1.562000e-01,-3.300425e-11
1.563000e-01,-9.285543e-11
1.564000e-01,-4.483707e-12
1.565000e-01,-6.433489e-11
1.566000e-01,2.403683e-11
1.567000e-01,-3.581435e-11
1.568000e-01,-9.566553e-11
1.569000e-01,-7.293806e-12
1.570000e-01,-6.714499e-11
1.571000e-01,2.122673e-11
1.572000e-01,-3.862445e-11
1.573000e-01,-9.847563e-11
1.574000e-01,-1.010390e-11
1.575000e-01,-6.995509e-11
1.576000e-01,1.841664e-11
1.577000e-01,-4.143454e-11
1.578000e-01,-2.717427e-11
1.579000e-01,-1.291400e-11
1.580000e-01,-7.276518e-11
1.581000e-01,1.560654e-11
1.582000e-01,-4.424464e-11
1.583000e-01,-2.998437e-11
1.584000e-01,-1.572410e-11
1.585000e-01,-1.463831e-12
1.586000e-01,1.279644e-11
1.587000e-01,-4.705474e-11
1.588000e-01,-3.279447e-11
1.589000e-01,-1.853420e-11
1.590000e-01,-4.273930e-12
1.591000e-01,9.986341e-12
1.592000e-01,2.424661e-11
1.593000e-01,-3.560457e-11
1.594000e-01,-2.134430e-11
1.595000e-01,-7.084028e-12
1.596000e-01,7.176242e-12
1.597000e-01,2.143651e-11
1.598000e-01,-3.841467e-11
1.599000e-01,-2.415440e-11
1.600000e-01,-9.894127e-12
1.601000e-01,4.366144e-12
1.602000e-01,1.862641e-11
1.603000e-01,-4.122477e-11
1.604000e-01,4.714696e-11
1.605000e-01,-1.270423e-11
1.606000e-01,1.556045e-12
1.607000e-01,1.581632e-11
1.608000e-01,-4.403486e-11
1.609000e-01,4.433686e-11
1.610000e-01,-1.551432e-11
1.611000e-01,7.285740e-11
1.612000e-01,1.300622e-11
1.613000e-01,-4.684496e-11
1.614000e-01,4.152676e-11
1.615000e-01,-1.832442e-11
1.616000e-01,7.004730e-11
1.617000e-01,1.019612e-11
1.618000e-01,-4.965506e-11
1.619000e-01,3.871666e-11
1.620000e-01,-2.113452e-11
1.621000e-01,-8.098570e-11
1.622000e-01,7.386020e-12
1.623000e-01,-5.246516e-11
1.624000e-01,3.590656e-11
1.625000e-01,-2.394462e-11
1.626000e-01,-8.379580e-11
1.627000e-01,4.575921e-12
1.628000e-01,-5.527526e-11
1.629000e-01,3.309646e-11
1.630000e-01,-2.675472e-11
1.631000e-01,-8.660590e-11
1.632000e-01,1.765823e-12
1.633000e-01,-5.808536e-11
1.634000e-01,3.028636e-11
1.635000e-01,-2.956482e-11
1.636000e-01,-8.941600e-11
1.637000e-01,-1.044276e-12
1.638000e-01,-6.089546e-11
1.639000e-01,2.747627e-11
1.640000e-01,-3.237492e-11
1.641000e-01,-9.222610e-11
1.642000e-01,-3.854374e-12
1.643000e-01,-6.370555e-11
1.644000e-01,2.466617e-11
1.645000e-01,-3.518501e-11
1.646000e-01,-9.503619e-11
1.647000e-01,-6.664473e-12
1.648000e-01,-6.651565e-11
1.649000e-01,2.185607e-11
1.650000e-01,-3.799511e-11
1.651000e-01,-2.373484e-11
1.652000e-01,-9.474572e-12
1.653000e-01,-6.932575e-11
1.654000e-01,1.904597e-11
1.655000e-01,-4.080521e-11
1.656000e-01,-2.654494e-11
1.657000e-01,-1.228467e-11
1.658000e-01,-7.213585e-11
1.659000e-01,1.623587e-11
1.660000e-01,-4.361531e-11
1.661000e-01,-2.935504e-11
1.662000e-01,-1.509477e-11
1.663000e-01,-8.344981e-13
1.664000e-01,1.342577e-11
1.665000e-01,-4.642541e-11
1.666000e-01,-3.216514e-11
1.667000e-01,-1.790487e-11
1.668000e-01,-3.644597e-12
1.669000e-01,1.061567e-11
1.670000e-01,-4.923551e-11
1.671000e-01,-1.090867e-10
1.672000e-01,-2.071497e-11
1.673000e-01,-8.056615e-11
1.674000e-01,7.805575e-12
1.675000e-01,-5.204561e-11
1.676000e-01,-1.118968e-10
1.677000e-01,-2.352506e-11
1.678000e-01,-8.337624e-11
1.679000e-01,4.995477e-12
1.680000e-01,-5.485570e-11
1.681000e-01,-1.147069e-10
1.682000e-01,-2.633516e-11
1.683000e-01,-8.618634e-11
1.684000e-01,2.185378e-12
1.685000e-01,-5.766580e-11
1.686000e-01,-1.175170e-10
1.687000e-01,-2.914526e-11
1.688000e-01,-8.899644e-11
1.689000e-01,-6.247205e-13
1.690000e-01,-6.047590e-11
1.691000e-01,-1.203271e-10
1.692000e-01,-3.195536e-11
1.693000e-01,-9.180654e-11
1.694000e-01,-3.434819e-12
1.695000e-01,-6.328600e-11
1.696000e-01,2.508572e-11
1.697000e-01,-3.476546e-11
1.698000e-01,-9.461664e-11
1.699000e-01,-6.244918e-12
1.700000e-01,-6.609610e-11
1.701000e-01,2.227562e-11
1.702000e-01,-3.757556e-11
1.703000e-01,5.079616e-11
1.704000e-01,-9.055016e-12
1.705000e-01,-6.890620e-11
1.706000e-01,1.946552e-11
1.707000e-01,-4.038566e-11
1.708000e-01,4.798607e-11
1.709000e-01,-1.186511e-11
1.710000e-01,7.650661e-11
1.711000e-01,1.665543e-11
1.712000e-01,-4.319575e-11
1.713000e-01,4.517597e-11
1.714000e-01,-1.467521e-11
1.715000e-01,7.369651e-11
1.716000e-01,1.384533e-11
1.717000e-01,1.022170e-10
1.718000e-01,4.236587e-11
1.719000e-01,-1.748531e-11
1.720000e-01,7.088641e-11
1.721000e-01,1.103523e-11
1.722000e-01,9.940695e-11
1.723000e-01,3.955577e-11
1.724000e-01,-2.029541e-11
1.725000e-01,6.807631e-11
1.726000e-01,8.225131e-12
1.727000e-01,9.659685e-11
1.728000e-01,3.674567e-11
1.729000e-01,-2.310551e-11
1.730000e-01,6.526621e-11
1.731000e-01,5.415032e-12
1.732000e-01,9.378675e-11
1.733000e-01,3.393557e-11
1.734000e-01,-2.591561e-11
1.735000e-01,6.245611e-11
1.736000e-01,2.604933e-12
1.737000e-01,9.097665e-11
1.738000e-01,3.112547e-11
1.739000e-01,-2.872571e-11
1.740000e-01,5.964602e-11
1.741000e-01,-2.051651e-13
1.742000e-01,8.816656e-11
1.743000e-01,2.831538e-11
1.744000e-01,-3.153580e-11
1.745000e-01,5.683592e-11
1.746000e-01,-3.015264e-12
1.747000e-01,8.535646e-11
1.748000e-01,2.550528e-11
1.749000e-01,-3.434590e-11
1.750000e-01,5.402582e-11
1.751000e-01,-5.825362e-12
1.752000e-01,-6.567654e-11
1.753000e-01,2.269518e-11
1.754000e-01,-3.715600e-11
1.755000e-01,5.121572e-11
1.756000e-01,-8.635461e-12
1.757000e-01,-6.848664e-11
1.758000e-01,1.988508e-11
1.759000e-01,-3.996610e-11
1.760000e-01,4.840562e-11
1.761000e-01,-1.144556e-11
1.762000e-01,-7.129674e-11
1.763000e-01,1.707498e-11
1.764000e-01,-4.277620e-11
1.765000e-01,4.559552e-11
1.766000e-01,-1.425566e-11
1.767000e-01,-7.410684e-11
1.768000e-01,1.426488e-11
1.769000e-01,-4.558630e-11
1.770000e-01,4.278542e-11
1.771000e-01,-1.706576e-11
1.772000e-01,-7.691694e-11
1.773000e-01,1.145478e-11
1.774000e-01,-4.839640e-11
1.775000e-01,3.997533e-11
1.776000e-01,-1.987585e-11
1.777000e-01,-7.972704e-11
1.778000e-01,8.644686e-12
1.779000e-01,-5.120649e-11
1.780000e-01,3.716523e-11
1.781000e-01,-2.268595e-11
1.782000e-01,-8.253713e-11
1.783000e-01,5.834587e-12
1.784000e-01,-5.401659e-11
1.785000e-01,3.435513e-11
1.786000e-01,-2.549605e-11
1.787000e-01,-8.534723e-11
1.788000e-01,3.024489e-12
1.789000e-01,-5.682669e-11
1.790000e-01,3.154503e-11
1.791000e-01,-2.830615e-11
1.792000e-01,-8.815733e-11
1.793000e-01,2.143903e-13
1.794000e-01,-5.963679e-11
1.795000e-01,2.873493e-11
1.796000e-01,-3.111625e-11
1.797000e-01,-9.096743e-11
1.798000e-01,-2.595708e-12
1.799000e-01,-6.244689e-11
1.800000e-01,2.592483e-11
1.801000e-01,-3.392635e-11
1.802000e-01,-9.377753e-11
1.803000e-01,-5.405807e-12
1.804000e-01,-6.525699e-11
1.805000e-01,2.311473e-11
1.806000e-01,-3.673645e-11
1.807000e-01,-9.658763e-11
1.808000e-01,-8.215905e-12
1.809000e-01,-6.806709e-11
1.810000e-01,2.030464e-11
1.811000e-01,-3.954654e-11
1.812000e-01,-9.939773e-11
1.813000e-01,-1.102600e-11
1.814000e-01,-7.087718e-11
1.815000e-01,1.749454e-11
1.816000e-01,-4.235664e-11
1.817000e-01,-1.022078e-10
1.818000e-01,-1.383610e-11
1.819000e-01,-7.368728e-11
1.820000e-01,-1.335385e-10
1.821000e-01,-4.516674e-11
1.822000e-01,-1.050179e-10
1.823000e-01,-1.664620e-11
1.824000e-01,-7.649738e-11
1.825000e-01,-1.363486e-10
1.826000e-01,-4.797684e-11
1.827000e-01,-1.078280e-10
1.828000e-01,-1.945630e-11
1.829000e-01,-7.930748e-11
1.830000e-01,-1.391587e-10
1.831000e-01,-5.078694e-11
1.832000e-01,-1.106381e-10
1.833000e-01,-2.226640e-11
1.834000e-01,-8.211758e-11
1.835000e-01,6.254143e-12
1.836000e-01,-5.359704e-11
1.837000e-01,-1.134482e-10
1.838000e-01,-2.507650e-11
1.839000e-01,-8.492768e-11
1.840000e-01,3.444044e-12
1.841000e-01,-5.640714e-11
1.842000e-01,3.196459e-11
1.843000e-01,-2.788660e-11
1.844000e-01,-8.773778e-11
1.845000e-01,6.339457e-13
1.846000e-01,-5.921723e-11
1.847000e-01,2.915449e-11
1.848000e-01,-3.069669e-11
1.849000e-01,-9.054787e-11
1.850000e-01,-2.176153e-12
1.851000e-01,-6.202733e-11
1.852000e-01,2.634439e-11
1.853000e-01,-3.350679e-11
1.854000e-01,5.486493e-11
1.855000e-01,-4.986251e-12
1.856000e-01,-6.483743e-11
1.857000e-01,2.353429e-11
1.858000e-01,-3.631689e-11
1.859000e-01,5.205483e-11
1.860000e-01,-7.796350e-12
1.861000e-01,8.057537e-11
1.862000e-01,2.072419e-11
1.863000e-01,-3.912699e-11
1.864000e-01,4.924473e-11
1.865000e-01,-1.060645e-11
1.866000e-01,7.776527e-11
1.867000e-01,1.791409e-11
1.868000e-01,1.062858e-10
1.869000e-01,4.643463e-11
1.870000e-01,-1.341655e-11
1.871000e-01,7.495517e-11
1.872000e-01,1.510399e-11
1.873000e-01,1.034757e-10
1.874000e-01,4.362453e-11
1.875000e-01,-1.622665e-11
1.876000e-01,7.214508e-11
1.877000e-01,1.229390e-11
1.878000e-01,1.006656e-10
1.879000e-01,4.081444e-11
1.880000e-01,-1.903674e-11
1.881000e-01,6.933498e-11
1.882000e-01,9.483797e-12
1.883000e-01,-5.036738e-11
1.884000e-01,3.800434e-11
1.885000e-01,-2.184684e-11
1.886000e-01,6.652488e-11
1.887000e-01,6.673698e-12
1.888000e-01,-5.317748e-11
1.889000e-01,3.519424e-11
1.890000e-01,-2.465694e-11
1.891000e-01,6.371478e-11
1.892000e-01,3.863600e-12
1.893000e-01,-5.598758e-11
1.894000e-01,3.238414e-11
1.895000e-01,-2.746704e-11
1.896000e-01,6.090468e-11
1.897000e-01,1.053501e-12
1.898000e-01,-5.879768e-11
1.899000e-01,2.957404e-11
1.900000e-01,-3.027714e-11
1.901000e-01,5.809458e-11
1.902000e-01,-1.756597e-12
1.903000e-01,-6.160778e-11
1.904000e-01,2.676394e-11
1.905000e-01,-3.308724e-11
1.906000e-01,5.528448e-11
1.907000e-01,-4.566696e-12
1.908000e-01,-6.441788e-11
1.909000e-01,2.395384e-11
1.910000e-01,-3.589734e-11
1.911000e-01,5.247439e-11
1.912000e-01,-7.376795e-12
1.913000e-01,-6.722798e-11
1.914000e-01,2.114375e-11
1.915000e-01,-3.870743e-11
1.916000e-01,4.966429e-11
1.917000e-01,-1.018689e-11
1.918000e-01,-7.003807e-11
1.919000e-01,1.833365e-11
1.920000e-01,-4.151753e-11
1.921000e-01,4.685419e-11
1.922000e-01,-1.299699e-11
1.923000e-01,-7.284817e-11
1.924000e-01,1.552355e-11
1.925000e-01,-4.432763e-11
1.926000e-01,4.404409e-11
1.927000e-01,-1.580709e-11
1.928000e-01,-7.565827e-11
1.929000e-01,1.271345e-11
1.930000e-01,-4.713773e-11
1.931000e-01,4.123399e-11
1.932000e-01,-1.861719e-11
1.933000e-01,-7.846837e-11
1.934000e-01,9.903352e-12
1.935000e-01,-4.994783e-11
1.936000e-01,3.842389e-11
1.937000e-01,-2.142729e-11
1.938000e-01,-8.127847e-11
1.939000e-01,7.093254e-12
1.940000e-01,-5.275793e-11
1.941000e-01,3.561379e-11
1.942000e-01,-2.423739e-11
1.943000e-01,-8.408857e-11
1.944000e-01,4.283155e-12
1.945000e-01,-5.556803e-11
1.946000e-01,3.280370e-11
1.947000e-01,-2.704748e-11
1.948000e-01,-8.689866e-11
1.949000e-01,1.473056e-12
1.950000e-01,-5.837812e-11
1.951000e-01,-1.182293e-10
1.952000e-01,-2.985758e-11
1.953000e-01,-8.970876e-11
1.954000e-01,-1.337042e-12
1.955000e-01,-6.118822e-11
1.956000e-01,-1.210394e-10
1.957000e-01,-3.266768e-11
1.958000e-01,-9.251886e-11
1.959000e-01,-4.147141e-12
1.960000e-01,-6.399832e-11
1.961000e-01,-1.238495e-10
1.962000e-01,-3.547778e-11
1.963000e-01,-9.532896e-11
1.964000e-01,-6.957239e-12
1.965000e-01,-6.680842e-11
1.966000e-01,-1.266596e-10
1.967000e-01,-3.828788e-11
1.968000e-01,-9.813906e-11
1.969000e-01,-9.767338e-12
1.970000e-01,-6.961852e-11
1.971000e-01,-1.294697e-10
1.972000e-01,-4.109798e-11
1.973000e-01,-1.009492e-10
1.974000e-01,-1.257744e-11
1.975000e-01,-7.242862e-11
1.976000e-01,-1.322798e-10
1.977000e-01,-4.390808e-11
1.978000e-01,-1.037593e-10
1.979000e-01,-1.538753e-11
1.980000e-01,-7.523872e-11
1.981000e-01,-1.350899e-10
1.982000e-01,-4.671817e-11
1.983000e-01,-1.065694e-10
1.984000e-01,-1.819763e-11
1.985000e-01,-7.804881e-11
1.986000e-01,1.032291e-11
1.987000e-01,-4.952827e-11
1.988000e-01,-1.093795e-10
1.989000e-01,-2.100773e-11
1.990000e-01,-8.085891e-11
1.991000e-01,7.512809e-12
1.992000e-01,-5.233837e-11
1.993000e-01,3.603335e-11
1.994000e-01,-2.381783e-11
1.995000e-01,-8.366901e-11
1.996000e-01,4.702710e-12
1.997000e-01,-5.514847e-11
1.998000e-01,3.322325e-11
1.999000e-01,-2.662793e-11
2.000000e-01,-8.647911e-11
2.001000e-01,1.892612e-12
2.002000e-01,-5.795857e-11
2.003000e-01,3.041315e-11
2.004000e-01,-2.943803e-11
2.005000e-01,5.893369e-11
2.006000e-01,-9.174867e-13
2.007000e-01,-6.076867e-11
2.008000e-01,2.760305e-11
2.009000e-01,-3.224813e-11
2.010000e-01,5.612360e-11
2.011000e-01,-3.727585e-12
2.012000e-01,8.464414e-11
2.013000e-01,2.479296e-11
2.014000e-01,-3.505822e-11
2.015000e-01,5.331350e-11
2.016000e-01,-6.537684e-12
2.017000e-01,8.183404e-11
2.018000e-01,2.198286e-11
2.019000e-01,-3.786832e-11
2.020000e-01,5.050340e-11
2.021000e-01,-9.347782e-12
2.022000e-01,7.902394e-11
2.023000e-01,1.917276e-11
2.024000e-01,-4.067842e-11
2.025000e-01,4.769330e-11
2.026000e-01,-1.215788e-11
2.027000e-01,7.621384e-11
2.028000e-01,1.636266e-11
2.029000e-01,-4.348852e-11
2.030000e-01,4.488320e-11
2.031000e-01,-1.496798e-11
2.032000e-01,7.340374e-11
2.033000e-01,1.355256e-11
2.034000e-01,-4.629862e-11
2.035000e-01,4.207310e-11
2.036000e-01,-1.777808e-11
2.037000e-01,7.059364e-11
2.038000e-01,1.074246e-11
2.039000e-01,-4.910872e-11
2.040000e-01,3.926300e-11
2.041000e-01,-2.058818e-11
2.042000e-01,6.778354e-11
2.043000e-01,7.932364e-12
2.044000e-01,-5.191882e-11
2.045000e-01,3.645291e-11
2.046000e-01,-2.339828e-11
2.047000e-01,6.497345e-11
2.048000e-01,5.122266e-12
2.049000e-01,-5.472891e-11
2.050000e-01,3.364281e-11
2.051000e-01,-2.620837e-11
2.052000e-01,6.216335e-11
2.053000e-01,2.312167e-12
2.054000e-01,-5.753901e-11
2.055000e-01,3.083271e-11
2.056000e-01,-2.901847e-11
2.057000e-01,5.935325e-11
2.058000e-01,-4.979313e-13
2.059000e-01,-6.034911e-11
2.060000e-01,2.802261e-11
2.061000e-01,-3.182857e-11
2.062000e-01,5.654315e-11
2.063000e-01,-3.308030e-12
2.064000e-01,-6.315921e-11
2.065000e-01,2.521251e-11
2.066000e-01,-3.463867e-11
2.067000e-01,5.373305e-11
2.068000e-01,-6.118128e-12
2.069000e-01,-6.596931e-11
2.070000e-01,2.240241e-11
2.071000e-01,-3.744877e-11
2.072000e-01,5.092295e-11
2.073000e-01,-8.928227e-12
2.074000e-01,-6.877941e-11
2.075000e-01,1.959231e-11
2.076000e-01,-4.025887e-11
2.077000e-01,4.811285e-11
2.078000e-01,-1.173833e-11
2.079000e-01,-7.158951e-11
2.080000e-01,1.678222e-11
2.081000e-01,-4.306897e-11
2.082000e-01,-1.029201e-10
2.083000e-01,-1.454842e-11
2.084000e-01,-7.439960e-11
2.085000e-01,1.397212e-11
2.086000e-01,-4.587906e-11
2.087000e-01,-1.057302e-10
2.088000e-01,-1.735852e-11
2.089000e-01,-7.720970e-11
2.090000e-01,1.116202e-11
2.091000e-01,-4.868916e-11
2.092000e-01,-1.085403e-10
2.093000e-01,-2.016862e-11
2.094000e-01,-8.001980e-11
2.095000e-01,8.351920e-12
2.096000e-01,-5.149926e-11
2.097000e-01,-1.113504e-10
2.098000e-01,-2.297872e-11
2.099000e-01,-8.282990e-11
2.100000e-01,5.541821e-12
2.101000e-01,-5.430936e-11
2.102000e-01,-1.141605e-10
2.103000e-01,-2.578882e-11
2.104000e-01,-8.564000e-11
2.105000e-01,2.731723e-12
2.106000e-01,-5.711946e-11
2.107000e-01,-1.169706e-10
2.108000e-01,-2.859892e-11
2.109000e-01,-8.845010e-11
2.110000e-01,-7.837592e-14
2.111000e-01,-5.992956e-11
2.112000e-01,-1.197807e-10
2.113000e-01,-3.140902e-11
2.114000e-01,-9.126020e-11
2.115000e-01,-2.888474e-12
2.116000e-01,-6.273965e-11
2.117000e-01,-1.225908e-10
2.118000e-01,-3.421911e-11
2.119000e-01,-9.407029e-11
2.120000e-01,-5.698573e-12
2.121000e-01,-6.554975e-11
2.122000e-01,-1.254009e-10
2.123000e-01,-3.702921e-11
2.124000e-01,-9.688039e-11
2.125000e-01,-8.508672e-12
2.126000e-01,-6.835985e-11
2.127000e-01,-1.282110e-10
2.128000e-01,-3.983931e-11
2.129000e-01,-9.969049e-11
2.130000e-01,-1.131877e-11
2.131000e-01,-7.116995e-11
2.132000e-01,-1.310211e-10
2.133000e-01,-4.264941e-11
2.134000e-01,-1.025006e-10
2.135000e-01,-1.412887e-11
2.136000e-01,-7.398005e-11
2.137000e-01,1.439167e-11
2.138000e-01,-4.545951e-11
2.139000e-01,-1.053107e-10
2.140000e-01,-1.693897e-11
2.141000e-01,-7.679015e-11
2.142000e-01,1.158157e-11
2.143000e-01,-4.826961e-11
2.144000e-01,4.010211e-11
2.145000e-01,-1.974907e-11
2.146000e-01,-7.960025e-11
2.147000e-01,8.771475e-12
2.148000e-01,-5.107971e-11
2.149000e-01,3.729202e-11
2.150000e-01,-2.255916e-11
2.151000e-01,6.581256e-11
2.152000e-01,5.961377e-12
2.153000e-01,-5.388980e-11
2.154000e-01,3.448192e-11
2.155000e-01,-2.536926e-11
2.156000e-01,6.300246e-11
2.157000e-01,3.151278e-12
2.158000e-01,-5.669990e-11
2.159000e-01,3.167182e-11
2.160000e-01,-2.817936e-11
2.161000e-01,6.019236e-11
2.162000e-01,3.411795e-13
2.163000e-01,8.871290e-11
2.164000e-01,2.886172e-11
2.165000e-01,-3.098946e-11
2.166000e-01,5.738226e-11
2.167000e-01,-2.468919e-12
2.168000e-01,8.590280e-11
2.169000e-01,2.605162e-11
2.170000e-01,-3.379956e-11
2.171000e-01,5.457216e-11
2.172000e-01,-5.279018e-12
2.173000e-01,8.309270e-11
2.174000e-01,2.324152e-11
2.175000e-01,-3.660966e-11
2.176000e-01,5.176206e-11
2.177000e-01,-8.089116e-12
2.178000e-01,8.028261e-11
2.179000e-01,2.043142e-11
2.180000e-01,-3.941976e-11
2.181000e-01,4.895197e-11
2.182000e-01,-1.089921e-11
2.183000e-01,7.747251e-11
2.184000e-01,1.762133e-11
2.185000e-01,-4.222985e-11
2.186000e-01,4.614187e-11
2.187000e-01,-1.370931e-11
2.188000e-01,7.466241e-11
2.189000e-01,1.481123e-11
2.190000e-01,-4.503995e-11
2.191000e-01,4.333177e-11
2.192000e-01,-1.651941e-11
2.193000e-01,7.185231e-11
2.194000e-01,1.200113e-11
2.195000e-01,-4.785005e-11
2.196000e-01,4.052167e-11
2.197000e-01,-1.932951e-11
2.198000e-01,6.904221e-11
2.199000e-01,9.191031e-12
2.200000e-01,-5.066015e-11
2.201000e-01,3.771157e-11
2.202000e-01,-2.213961e-11
2.203000e-01,6.623211e-11
2.204000e-01,6.380932e-12
2.205000e-01,-5.347025e-11
2.206000e-01,3.490147e-11
2.207000e-01,-2.494971e-11
2.208000e-01,6.342201e-11
2.209000e-01,3.570833e-12
2.210000e-01,-5.628035e-11
2.211000e-01,3.209137e-11
2.212000e-01,-2.775981e-11
2.213000e-01,6.061192e-11
2.214000e-01,7.607348e-13
2.215000e-01,-5.909045e-11
2.216000e-01,2.928128e-11
2.217000e-01,-3.056990e-11
2.218000e-01,-9.042109e-11
2.219000e-01,-2.049364e-12
2.220000e-01,-6.190054e-11
2.221000e-01,2.647118e-11
2.222000e-01,-3.338000e-11
2.223000e-01,-9.323118e-11
2.224000e-01,-4.859462e-12
2.225000e-01,-6.471064e-11
2.226000e-01,2.366108e-11
2.227000e-01,-3.619010e-11
2.228000e-01,-9.604128e-11
2.229000e-01,-7.669561e-12
2.230000e-01,-6.752074e-11
2.231000e-01,2.085098e-11
2.232000e-01,-3.900020e-11
2.233000e-01,-9.885138e-11
2.234000e-01,-1.047966e-11
2.235000e-01,-7.033084e-11
2.236000e-01,1.804088e-11
2.237000e-01,-4.181030e-11
2.238000e-01,-1.016615e-10
2.239000e-01,-1.328976e-11
2.240000e-01,-7.314094e-11
2.241000e-01,1.523078e-11
2.242000e-01,-4.462040e-11
2.243000e-01,-1.044716e-10
2.244000e-01,-1.609986e-11
2.245000e-01,-7.595104e-11
2.246000e-01,1.242068e-11
2.247000e-01,-4.743050e-11
2.248000e-01,-1.072817e-10
2.249000e-01,-1.890996e-11
2.250000e-01,-7.876114e-11
2.251000e-01,9.610586e-12
2.252000e-01,-5.024059e-11
2.253000e-01,-1.100918e-10
2.254000e-01,-2.172005e-11
2.255000e-01,-8.157123e-11
2.256000e-01,6.800487e-12
2.257000e-01,-5.305069e-11
2.258000e-01,-1.129019e-10
2.259000e-01,-2.453015e-11
2.260000e-01,-8.438133e-11
2.261000e-01,3.990389e-12
2.262000e-01,-5.586079e-11
2.263000e-01,-1.157120e-10
2.264000e-01,-2.734025e-11
2.265000e-01,-8.719143e-11
2.266000e-01,1.180290e-12
2.267000e-01,-5.867089e-11
2.268000e-01,-1.185221e-10
2.269000e-01,-3.015035e-11
2.270000e-01,-9.000153e-11
2.271000e-01,-1.629808e-12
2.272000e-01,-6.148099e-11
2.273000e-01,-1.213322e-10
2.274000e-01,-3.296045e-11
2.275000e-01,-9.281163e-11
2.276000e-01,-4.439907e-12
2.277000e-01,-6.429109e-11
2.278000e-01,-1.241423e-10
2.279000e-01,-3.577055e-11
2.280000e-01,-9.562173e-11
2.281000e-01,-7.250005e-12
2.282000e-01,-6.710119e-11
2.283000e-01,-1.269524e-10
2.284000e-01,-3.858064e-11
2.285000e-01,-9.843183e-11
2.286000e-01,-1.006010e-11
2.287000e-01,-6.991128e-11
2.288000e-01,1.846044e-11
2.289000e-01,-4.139074e-11
2.290000e-01,-1.012419e-10
2.291000e-01,-1.287020e-11
2.292000e-01,-7.272138e-11
2.293000e-01,1.565034e-11
2.294000e-01,-4.420084e-11
2.295000e-01,4.417088e-11
2.296000e-01,-1.568030e-11
2.297000e-01,-7.553148e-11
2.298000e-01,1.284024e-11
2.299000e-01,-4.701094e-11
2.300000e-01,4.136078e-11
2.301000e-01,-1.849040e-11
2.302000e-01,6.988132e-11
2.303000e-01,1.003014e-11
2.304000e-01,-4.982104e-11
2.305000e-01,3.855068e-11
2.306000e-01,-2.130050e-11
2.307000e-01,6.707122e-11
2.308000e-01,7.220043e-12
2.309000e-01,9.559176e-11
2.310000e-01,3.574058e-11
2.311000e-01,-2.411060e-11
2.312000e-01,6.426112e-11
2.313000e-01,4.409944e-12
2.314000e-01,9.278167e-11
2.315000e-01,3.293049e-11
2.316000e-01,-2.692070e-11
2.317000e-01,6.145103e-11
2.318000e-01,1.599846e-12
2.319000e-01,8.997157e-11
2.320000e-01,3.012039e-11
2.321000e-01,-2.973079e-11
2.322000e-01,5.864093e-11
2.323000e-01,-1.210253e-12
2.324000e-01,8.716147e-11
2.325000e-01,2.731029e-11
2.326000e-01,-3.254089e-11
2.327000e-01,5.583083e-11
2.328000e-01,-4.020351e-12
2.329000e-01,8.435137e-11
2.330000e-01,2.450019e-11
2.331000e-01,-3.535099e-11
2.332000e-01,5.302073e-11
2.333000e-01,-6.830450e-12
2.334000e-01,8.154127e-11
2.335000e-01,2.169009e-11
2.336000e-01,-3.816109e-11
2.337000e-01,5.021063e-11
2.338000e-01,-9.640549e-12
2.339000e-01,7.873117e-11
2.340000e-01,1.887999e-11
2.341000e-01,-4.097119e-11
2.342000e-01,4.740053e-11
2.343000e-01,-1.245065e-11
2.344000e-01,7.592107e-11
2.345000e-01,1.606989e-11
2.346000e-01,-4.378129e-11
2.347000e-01,4.459043e-11
2.348000e-01,-1.526075e-11
2.349000e-01,-7.511193e-11
2.350000e-01,1.325980e-11
2.351000e-01,-4.659139e-11
2.352000e-01,4.178034e-11
2.353000e-01,-1.807084e-11
2.354000e-01,-7.792202e-11
2.355000e-01,1.044970e-11
2.356000e-01,-4.940148e-11
2.357000e-01,3.897024e-11
2.358000e-01,-2.088094e-11
2.359000e-01,-8.073212e-11
2.360000e-01,7.639598e-12
2.361000e-01,-5.221158e-11
2.362000e-01,3.616014e-11
2.363000e-01,-2.369104e-11
2.364000e-01,-8.354222e-11
2.365000e-01,4.829500e-12
2.366000e-01,-5.502168e-11
2.367000e-01,3.335004e-11
2.368000e-01,-2.650114e-11
2.369000e-01,-8.635232e-11
2.370000e-01,2.019401e-12
2.371000e-01,-5.783178e-11
2.372000e-01,3.053994e-11
2.373000e-01,-2.931124e-11
2.374000e-01,-8.916242e-11
2.375000e-01,-7.906976e-13
2.376000e-01,-6.064188e-11
2.377000e-01,2.772984e-11
2.378000e-01,-3.212134e-11
2.379000e-01,-9.197252e-11
2.380000e-01,-3.600796e-12
2.381000e-01,-6.345198e-11
2.382000e-01,2.491974e-11
2.383000e-01,-3.493144e-11
2.384000e-01,-9.478262e-11
2.385000e-01,-6.410895e-12
2.386000e-01,-6.626208e-11
2.387000e-01,2.210965e-11
2.388000e-01,-3.774153e-11
2.389000e-01,-9.759271e-11
2.390000e-01,-9.220993e-12
2.391000e-01,-6.907217e-11
2.392000e-01,1.929955e-11
2.393000e-01,-4.055163e-11
2.394000e-01,-1.004028e-10
2.395000e-01,-1.203109e-11
2.396000e-01,-7.188227e-11
2.397000e-01,1.648945e-11
2.398000e-01,-4.336173e-11
2.399000e-01,-1.032129e-10
2.400000e-01,-1.484119e-11
2.401000e-01,-7.469237e-11
2.402000e-01,1.367935e-11
2.403000e-01,-4.617183e-11
2.404000e-01,-1.060230e-10
2.405000e-01,-1.765129e-11
2.406000e-01,-7.750247e-11
2.407000e-01,1.086925e-11
2.408000e-01,-4.898193e-11
2.409000e-01,-1.088331e-10
2.410000e-01,-2.046139e-11
2.411000e-01,-8.031257e-11
2.412000e-01,-1.401637e-10
2.413000e-01,-5.179203e-11
2.414000e-01,-1.116432e-10
2.415000e-01,-2.327149e-11
2.416000e-01,-8.312267e-11
2.417000e-01,-1.429738e-10
2.418000e-01,-5.460213e-11
2.419000e-01,-1.144533e-10
2.420000e-01,-2.608158e-11
2.421000e-01,-8.593277e-11
2.422000e-01,-1.457839e-10
2.423000e-01,-5.741222e-11
2.424000e-01,-1.172634e-10
2.425000e-01,-2.889168e-11
2.426000e-01,-8.874286e-11
2.427000e-01,-3.711422e-13
2.428000e-01,-6.022232e-11
2.429000e-01,-1.200735e-10
2.430000e-01,-3.170178e-11
2.431000e-01,-9.155296e-11
2.432000e-01,-3.181241e-12
2.433000e-01,-6.303242e-11
2.434000e-01,2.533930e-11
2.435000e-01,-3.451188e-11
2.436000e-01,-9.436306e-11
2.437000e-01,-5.991339e-12
2.438000e-01,-6.584252e-11
2.439000e-01,2.252920e-11
2.440000e-01,-3.732198e-11
2.441000e-01,-9.717316e-11
2.442000e-01,-8.801438e-12
2.443000e-01,-6.865262e-11
2.444000e-01,1.971910e-11
2.445000e-01,-4.013208e-11
2.446000e-01,4.823964e-11
2.447000e-01,-1.161154e-11
2.448000e-01,-7.146272e-11
2.449000e-01,1.690900e-11
2.450000e-01,-4.294218e-11
2.451000e-01,4.542955e-11
2.452000e-01,-1.442163e-11
2.453000e-01,7.395009e-11
2.454000e-01,1.409891e-11
2.455000e-01,-4.575227e-11
2.456000e-01,4.261945e-11
2.457000e-01,-1.723173e-11
2.458000e-01,7.113999e-11
2.459000e-01,1.128881e-11
2.460000e-01,9.966053e-11
2.461000e-01,3.980935e-11
2.462000e-01,-2.004183e-11
2.463000e-01,6.832989e-11
2.464000e-01,8.478709e-12
2.465000e-01,9.685043e-11
2.466000e-01,3.699925e-11
2.467000e-01,-2.285193e-11
2.468000e-01,6.551979e-11
2.469000e-01,5.668610e-12
2.470000e-01,9.404033e-11
2.471000e-01,3.418915e-11
2.472000e-01,-2.566203e-11
2.473000e-01,6.270969e-11
2.474000e-01,2.858512e-12
2.475000e-01,9.123023e-11
2.476000e-01,3.137905e-11
2.477000e-01,-2.847213e-11
2.478000e-01,5.989959e-11
2.479000e-01,4.841322e-14
2.480000e-01,-5.980277e-11
2.481000e-01,2.856895e-11
2.482000e-01,-3.128223e-11
2.483000e-01,5.708950e-11
2.484000e-01,-2.761685e-12
2.485000e-01,-6.261287e-11
2.486000e-01,2.575886e-11
2.487000e-01,-3.409232e-11
2.488000e-01,5.427940e-11
2.489000e-01,-5.571784e-12
2.490000e-01,-6.542296e-11
2.491000e-01,2.294876e-11
2.492000e-01,-3.690242e-11
2.493000e-01,5.146930e-11
2.494000e-01,-8.381882e-12
2.495000e-01,-6.823306e-11
2.496000e-01,2.013866e-11
2.497000e-01,-3.971252e-11
2.498000e-01,4.865920e-11
2.499000e-01,-1.119198e-11
2.500000e-01,-7.104316e-11
2.501000e-01,-1.308943e-10
2.502000e-01,1.057003e-10
2.503000e-01,4.584910e-11
2.504000e-01,-1.400208e-11
2.505000e-01,-7.385326e-11
2.506000e-01,-1.337044e-10
2.507000e-01,1.028902e-10
2.508000e-01,4.303900e-11
2.509000e-01,-1.681218e-11
2.510000e-01,-7.666336e-11
2.511000e-01,-1.365145e-10
2.512000e-01,1.000801e-10
2.513000e-01,4.022890e-11
2.514000e-01,-1.962228e-11
2.515000e-01,-7.947346e-11
2.516000e-01,-1.393246e-10
2.517000e-01,9.726999e-11
2.518000e-01,3.741881e-11
2.519000e-01,-2.243238e-11
2.520000e-01,-8.228356e-11
2.521000e-01,-1.421347e-10
2.522000e-01,9.445989e-11
2.523000e-01,3.460871e-11
2.524000e-01,-2.524247e-11
2.525000e-01,-8.509365e-11
2.526000e-01,-1.449448e-10
2.527000e-01,9.164979e-11
2.528000e-01,3.179861e-11
2.529000e-01,-2.805257e-11
2.530000e-01,-8.790375e-11
2.531000e-01,-1.477549e-10
2.532000e-01,8.883969e-11
2.533000e-01,2.898851e-11
2.534000e-01,-3.086267e-11
2.535000e-01,-9.071385e-11
2.536000e-01,-1.505650e-10
2.537000e-01,8.602959e-11
2.538000e-01,2.617841e-11
2.539000e-01,-3.367277e-11
2.540000e-01,-9.352395e-11
2.541000e-01,-1.533751e-10
2.542000e-01,8.321949e-11
2.543000e-01,2.336831e-11
2.544000e-01,-3.648287e-11
2.545000e-01,-9.633405e-11
2.546000e-01,-1.561852e-10
2.547000e-01,8.040939e-11
2.548000e-01,2.055821e-11
2.549000e-01,-3.929297e-11
2.550000e-01,-9.914415e-11
2.551000e-01,-1.589953e-10
2.552000e-01,7.759930e-11
2.553000e-01,1.774812e-11
2.554000e-01,-4.210307e-11
2.555000e-01,-1.019542e-10
2.556000e-01,-1.618054e-10
2.557000e-01,7.478920e-11
2.558000e-01,1.493802e-11
2.559000e-01,-4.491316e-11
2.560000e-01,-1.047643e-10
2.561000e-01,-1.646155e-10
2.562000e-01,7.197910e-11
2.563000e-01,1.212792e-11
2.564000e-01,-4.772326e-11
2.565000e-01,-1.075744e-10
2.566000e-01,-1.674256e-10
2.567000e-01,6.916900e-11
2.568000e-01,9.317820e-12
2.569000e-01,-5.053336e-11
2.570000e-01,-1.103845e-10
2.571000e-01,-2.201282e-11
2.572000e-01,6.635890e-11
2.573000e-01,6.507721e-12
2.574000e-01,-5.334346e-11
2.575000e-01,-1.131946e-10
2.576000e-01,-2.482292e-11
2.577000e-01,-8.467410e-11
2.578000e-01,3.697623e-12
2.579000e-01,-5.615356e-11
2.580000e-01,-1.160047e-10
2.581000e-01,-2.763302e-11
2.582000e-01,-8.748420e-11
2.583000e-01,8.875240e-13
2.584000e-01,-5.896366e-11
2.585000e-01,2.940806e-11
2.586000e-01,-3.044312e-11
2.587000e-01,-9.029430e-11
2.588000e-01,-1.922575e-12
2.589000e-01,-6.177376e-11
2.590000e-01,2.659797e-11
2.591000e-01,-3.325321e-11
2.592000e-01,-9.310439e-11
2.593000e-01,-4.732673e-12
2.594000e-01,-6.458385e-11
2.595000e-01,2.378787e-11
2.596000e-01,-3.606331e-11
2.597000e-01,-9.591449e-11
2.598000e-01,-7.542772e-12
2.599000e-01,-6.739395e-11
2.600000e-01,2.097777e-11
2.601000e-01,-3.887341e-11
2.602000e-01,-9.872459e-11
2.603000e-01,-1.035287e-11
2.604000e-01,7.801885e-11
2.605000e-01,1.816767e-11
2.606000e-01,-4.168351e-11
2.607000e-01,-1.015347e-10
2.608000e-01,-1.316297e-11
2.609000e-01,7.520875e-11
2.610000e-01,1.535757e-11
2.611000e-01,-4.449361e-11
2.612000e-01,-1.043448e-10
2.613000e-01,-1.597307e-11
2.614000e-01,7.239865e-11
2.615000e-01,1.254747e-11
2.616000e-01,-4.730371e-11
2.617000e-01,-1.071549e-10
2.618000e-01,1.294397e-10
2.619000e-01,6.958856e-11
2.620000e-01,9.737375e-12
2.621000e-01,-5.011381e-11
2.622000e-01,-1.099650e-10
2.623000e-01,1.266296e-10
2.624000e-01,6.677846e-11
2.625000e-01,6.927276e-12
2.626000e-01,-5.292390e-11
2.627000e-01,-1.127751e-10
2.628000e-01,1.238195e-10
2.629000e-01,6.396836e-11
2.630000e-01,4.117178e-12
2.631000e-01,-5.573400e-11
2.632000e-01,-1.155852e-10
2.633000e-01,1.210094e-10
2.634000e-01,6.115826e-11
2.635000e-01,1.307079e-12
2.636000e-01,-5.854410e-11
2.637000e-01,-1.183953e-10
2.638000e-01,1.181993e-10
2.639000e-01,5.834816e-11
2.640000e-01,-1.503019e-12
2.641000e-01,-6.135420e-11
2.642000e-01,-1.212054e-10
2.643000e-01,1.153892e-10
2.644000e-01,5.553806e-11
2.645000e-01,-4.313118e-12
2.646000e-01,-6.416430e-11
2.647000e-01,-1.240155e-10
2.648000e-01,1.125791e-10
2.649000e-01,5.272796e-11
2.650000e-01,-7.123216e-12
2.651000e-01,-6.697440e-11
2.652000e-01,-1.268256e-10
2.653000e-01,1.097690e-10
2.654000e-01,4.991787e-11
2.655000e-01,-9.933315e-12
2.656000e-01,-6.978450e-11
2.657000e-01,-1.296357e-10
2.658000e-01,1.069589e-10
2.659000e-01,4.710777e-11
2.660000e-01,-1.274341e-11
2.661000e-01,-7.259459e-11
2.662000e-01,-1.324458e-10
2.663000e-01,1.041488e-10
2.664000e-01,4.429767e-11
2.665000e-01,-1.555351e-11
2.666000e-01,-7.540469e-11
2.667000e-01,-1.352559e-10
2.668000e-01,1.013388e-10
2.669000e-01,4.148757e-11
2.670000e-01,-1.836361e-11
2.671000e-01,-7.821479e-11
2.672000e-01,-1.380660e-10
2.673000e-01,9.852865e-11
2.674000e-01,3.867747e-11
2.675000e-01,-2.117371e-11
2.676000e-01,-8.102489e-11
2.677000e-01,-1.408761e-10
2.678000e-01,9.571855e-11
2.679000e-01,3.586737e-11
2.680000e-01,-2.398381e-11
2.681000e-01,-8.383499e-11
2.682000e-01,-1.436862e-10
2.683000e-01,9.290845e-11
2.684000e-01,3.305727e-11
2.685000e-01,-2.679391e-11
2.686000e-01,-8.664509e-11
2.687000e-01,-1.464963e-10
2.688000e-01,9.009836e-11
2.689000e-01,3.024718e-11
2.690000e-01,-2.960400e-11
2.691000e-01,-8.945519e-11
2.692000e-01,-1.493064e-10
2.693000e-01,8.728826e-11
2.694000e-01,2.743708e-11
2.695000e-01,-3.241410e-11
2.696000e-01,-9.226528e-11
2.697000e-01,-1.521165e-10
2.698000e-01,8.447816e-11
2.699000e-01,2.462698e-11
2.700000e-01,-3.522420e-11
2.701000e-01,-9.507538e-11
2.702000e-01,-1.549266e-10
2.703000e-01,8.166806e-11
2.704000e-01,2.181688e-11
2.705000e-01,-3.803430e-11
2.706000e-01,-9.788548e-11
2.707000e-01,-1.577367e-10
2.708000e-01,7.885796e-11
2.709000e-01,1.900678e-11
2.710000e-01,-4.084440e-11
2.711000e-01,-1.006956e-10
2.712000e-01,-1.605468e-10
2.713000e-01,-7.217504e-11
2.714000e-01,1.619668e-11
2.715000e-01,-4.365450e-11
2.716000e-01,-1.035057e-10
2.717000e-01,-1.513396e-11
2.718000e-01,-7.498514e-11
2.719000e-01,1.338658e-11
2.720000e-01,-4.646460e-11
2.721000e-01,-1.063158e-10
2.722000e-01,-1.794406e-11
2.723000e-01,-7.779524e-11
2.724000e-01,1.057649e-11
2.725000e-01,-4.927469e-11
2.726000e-01,-1.091259e-10
2.727000e-01,-2.075415e-11
2.728000e-01,-8.060533e-11
2.729000e-01,7.766387e-12
2.730000e-01,-5.208479e-11
2.731000e-01,-1.119360e-10
2.732000e-01,-2.356425e-11
2.733000e-01,-8.341543e-11
2.734000e-01,4.956289e-12
2.735000e-01,-5.489489e-11
2.736000e-01,3.347683e-11
2.737000e-01,-2.637435e-11
2.738000e-01,-8.622553e-11
2.739000e-01,2.146190e-12
2.740000e-01,-5.770499e-11
2.741000e-01,3.066673e-11
2.742000e-01,-2.918445e-11
2.743000e-01,-8.903563e-11
2.744000e-01,-6.639084e-13
2.745000e-01,-6.051509e-11
2.746000e-01,2.785663e-11
2.747000e-01,-3.199455e-11
2.748000e-01,-9.184573e-11
2.749000e-01,-3.474007e-12
2.750000e-01,-6.332519e-11
2.751000e-01,2.504653e-11
2.752000e-01,-3.480465e-11
2.753000e-01,-9.465583e-11
2.754000e-01,-6.284106e-12
2.755000e-01,8.208762e-11
2.756000e-01,2.223644e-11
2.757000e-01,-3.761475e-11
2.758000e-01,-9.746593e-11
2.759000e-01,-9.094204e-12
2.760000e-01,7.927752e-11
2.761000e-01,1.942634e-11
2.762000e-01,-4.042484e-11
2.763000e-01,-1.002760e-10
2.764000e-01,-1.190430e-11
2.765000e-01,7.646742e-11
2.766000e-01,1.661624e-11
2.767000e-01,-4.323494e-11
2.768000e-01,-1.030861e-10
2.769000e-01,1.335085e-10
2.770000e-01,7.365732e-11
2.771000e-01,1.380614e-11
2.772000e-01,-4.604504e-11
2.773000e-01,-1.058962e-10
2.774000e-01,1.306984e-10
2.775000e-01,7.084722e-11
2.776000e-01,1.099604e-11
2.777000e-01,-4.885514e-11
2.778000e-01,-1.087063e-10
2.779000e-01,1.278883e-10
2.780000e-01,6.803712e-11
2.781000e-01,8.185943e-12
2.782000e-01,-5.166524e-11
2.783000e-01,-1.115164e-10
2.784000e-01,1.250782e-10
2.785000e-01,6.522702e-11
2.786000e-01,5.375844e-12
2.787000e-01,-5.447534e-11
2.788000e-01,-1.143265e-10
2.789000e-01,1.222681e-10
2.790000e-01,6.241693e-11
2.791000e-01,2.565746e-12
2.792000e-01,-5.728543e-11
2.793000e-01,-1.171366e-10
2.794000e-01,1.194580e-10
2.795000e-01,5.960683e-11
2.796000e-01,-2.443530e-13
2.797000e-01,-6.009553e-11
2.798000e-01,-1.199467e-10
2.799000e-01,1.166479e-10
2.800000e-01,5.679673e-11
2.801000e-01,-3.054452e-12
2.802000e-01,-6.290563e-11
2.803000e-01,-1.227568e-10
2.804000e-01,1.138378e-10
2.805000e-01,5.398663e-11
2.806000e-01,-5.864550e-12
2.807000e-01,-6.571573e-11
2.808000e-01,-1.255669e-10
2.809000e-01,1.110277e-10
2.810000e-01,5.117653e-11
2.811000e-01,-8.674649e-12
2.812000e-01,-6.852583e-11
2.813000e-01,-1.283770e-10
2.814000e-01,1.082176e-10
2.815000e-01,4.836643e-11
2.816000e-01,-1.148475e-11
2.817000e-01,-7.133593e-11
2.818000e-01,-1.311871e-10
2.819000e-01,1.054075e-10
2.820000e-01,4.555633e-11
2.821000e-01,-1.429485e-11
2.822000e-01,-7.414603e-11
2.823000e-01,-1.339972e-10
2.824000e-01,1.025974e-10
2.825000e-01,4.274624e-11
2.826000e-01,-1.710494e-11
2.827000e-01,-7.695612e-11
2.828000e-01,-1.368073e-10
2.829000e-01,9.978732e-11
2.830000e-01,3.993614e-11
2.831000e-01,-1.991504e-11
2.832000e-01,-7.976622e-11
2.833000e-01,-1.396174e-10
2.834000e-01,9.697722e-11
2.835000e-01,3.712604e-11
2.836000e-01,-2.272514e-11
2.837000e-01,-8.257632e-11
2.838000e-01,-1.424275e-10
2.839000e-01,9.416712e-11
2.840000e-01,3.431594e-11
2.841000e-01,-2.553524e-11
2.842000e-01,-8.538642e-11
2.843000e-01,-1.452376e-10
2.844000e-01,-2.050888e-10
2.845000e-01,3.150584e-11
2.846000e-01,-2.834534e-11
2.847000e-01,-8.819652e-11
2.848000e-01,-1.480477e-10
2.849000e-01,-2.078989e-10
2.850000e-01,2.869574e-11
2.851000e-01,-3.115544e-11
2.852000e-01,-9.100662e-11
2.853000e-01,-1.508578e-10
2.854000e-01,-6.248608e-11
2.855000e-01,2.588564e-11
2.856000e-01,-3.396554e-11
2.857000e-01,-9.381672e-11
2.858000e-01,-1.536679e-10
2.859000e-01,-6.529618e-11
2.860000e-01,2.307555e-11
2.861000e-01,-3.677563e-11
2.862000e-01,-9.662681e-11
2.863000e-01,-1.564780e-10
2.864000e-01,-6.810627e-11
2.865000e-01,2.026545e-11
2.866000e-01,-3.958573e-11
2.867000e-01,-9.943691e-11
2.868000e-01,-1.106519e-11
2.869000e-01,-7.091637e-11
2.870000e-01,1.745535e-11
2.871000e-01,-4.239583e-11
2.872000e-01,-1.022470e-10
2.873000e-01,-1.387529e-11
2.874000e-01,-7.372647e-11
2.875000e-01,1.464525e-11
2.876000e-01,-4.520593e-11
2.877000e-01,-1.050571e-10
2.878000e-01,-1.668539e-11
2.879000e-01,-7.653657e-11
2.880000e-01,1.183515e-11
2.881000e-01,-4.801603e-11
2.882000e-01,-1.078672e-10
2.883000e-01,-1.949549e-11
2.884000e-01,-7.934667e-11
2.885000e-01,9.025053e-12
2.886000e-01,-5.082613e-11
2.887000e-01,3.754559e-11
2.888000e-01,-2.230559e-11
2.889000e-01,-8.215677e-11
2.890000e-01,6.214955e-12
2.891000e-01,-5.363623e-11
2.892000e-01,3.473550e-11
2.893000e-01,-2.511568e-11
2.894000e-01,-8.496687e-11
2.895000e-01,3.404856e-12
2.896000e-01,-5.644632e-11
2.897000e-01,3.192540e-11
2.898000e-01,-2.792578e-11
2.899000e-01,-8.777696e-11
2.900000e-01,5.947577e-13
2.901000e-01,8.896648e-11
2.902000e-01,2.911530e-11
2.903000e-01,-3.073588e-11
2.904000e-01,-9.058706e-11
2.905000e-01,-2.215341e-12
2.906000e-01,8.615638e-11
2.907000e-01,2.630520e-11
2.908000e-01,-3.354598e-11
2.909000e-01,-9.339716e-11
2.910000e-01,-5.025439e-12
2.911000e-01,8.334628e-11
2.912000e-01,2.349510e-11
2.913000e-01,-3.635608e-11
2.914000e-01,-9.620726e-11
2.915000e-01,-7.835538e-12
2.916000e-01,8.053618e-11
2.917000e-01,2.068500e-11
2.918000e-01,-3.916618e-11
2.919000e-01,-9.901736e-11
2.920000e-01,1.375773e-10
2.921000e-01,7.772608e-11
2.922000e-01,1.787490e-11
2.923000e-01,-4.197628e-11
2.924000e-01,-1.018275e-10
2.925000e-01,1.347672e-10
2.926000e-01,7.491599e-11
2.927000e-01,1.506481e-11
2.928000e-01,-4.478637e-11
2.929000e-01,-1.046376e-10
2.930000e-01,1.319571e-10
2.931000e-01,7.210589e-11
2.932000e-01,1.225471e-11
2.933000e-01,-4.759647e-11
2.934000e-01,-1.074477e-10
2.935000e-01,1.291470e-10
2.936000e-01,6.929579e-11
2.937000e-01,9.444609e-12
2.938000e-01,-5.040657e-11
2.939000e-01,-1.102578e-10
2.940000e-01,1.263369e-10
2.941000e-01,6.648569e-11
2.942000e-01,6.634510e-12
2.943000e-01,-5.321667e-11
2.944000e-01,-1.130679e-10
2.945000e-01,1.235268e-10
2.946000e-01,6.367559e-11
2.947000e-01,3.824412e-12
2.948000e-01,-5.602677e-11
2.949000e-01,-1.158779e-10
2.950000e-01,1.207167e-10
2.951000e-01,6.086549e-11
2.952000e-01,1.014313e-12
2.953000e-01,-5.883687e-11
2.954000e-01,-1.186880e-10
2.955000e-01,1.179066e-10
2.956000e-01,5.805540e-11
2.957000e-01,-1.795785e-12
2.958000e-01,-6.164697e-11
2.959000e-01,-1.214981e-10
2.960000e-01,1.150965e-10
2.961000e-01,5.524530e-11
2.962000e-01,-4.605884e-12
2.963000e-01,-6.445706e-11
2.964000e-01,-1.243082e-10
2.965000e-01,1.122864e-10
2.966000e-01,5.243520e-11
2.967000e-01,-7.415983e-12
2.968000e-01,-6.726716e-11
2.969000e-01,-1.271183e-10
2.970000e-01,1.094763e-10
2.971000e-01,4.962510e-11
2.972000e-01,-1.022608e-11
2.973000e-01,-7.007726e-11
2.974000e-01,-1.299284e-10
2.975000e-01,-1.897796e-10
2.976000e-01,4.681500e-11
2.977000e-01,-1.303618e-11
2.978000e-01,-7.288736e-11
2.979000e-01,-1.327385e-10
2.980000e-01,-1.925897e-10
2.981000e-01,4.400490e-11
2.982000e-01,-1.584628e-11
2.983000e-01,-7.569746e-11
2.984000e-01,-1.355486e-10
2.985000e-01,-1.953998e-10
2.986000e-01,4.119480e-11
2.987000e-01,-1.865638e-11
2.988000e-01,-7.850756e-11
2.989000e-01,-1.383587e-10
2.990000e-01,-1.982099e-10
2.991000e-01,3.838471e-11
2.992000e-01,-2.146648e-11
2.993000e-01,-8.131766e-11
2.994000e-01,-1.411688e-10
2.995000e-01,-2.010200e-10
2.996000e-01,3.557461e-11
2.997000e-01,-2.427657e-11
2.998000e-01,-8.412775e-11
2.999000e-01,-1.439789e-10
3.000000e-01,-5.560721e-11
3.001000e-01,3.276451e-11
3.002000e-01,-2.708667e-11
3.003000e-01,-8.693785e-11
3.004000e-01,-1.467890e-10
3.005000e-01,-5.841731e-11
3.006000e-01,2.995441e-11
3.007000e-01,-2.989677e-11
3.008000e-01,-8.974795e-11
3.009000e-01,-1.495991e-10
3.010000e-01,-6.122741e-11
3.011000e-01,2.714431e-11
3.012000e-01,-3.270687e-11
3.013000e-01,-9.255805e-11
3.014000e-01,-1.524092e-10
3.015000e-01,-6.403751e-11
3.016000e-01,2.433421e-11
3.017000e-01,-3.551697e-11
3.018000e-01,-9.536815e-11
3.019000e-01,-6.996427e-12
3.020000e-01,-6.684761e-11
3.021000e-01,2.152411e-11
3.022000e-01,-3.832707e-11
3.023000e-01,-9.817825e-11
3.024000e-01,-9.806526e-12
3.025000e-01,-6.965771e-11
3.026000e-01,1.871402e-11
3.027000e-01,-4.113717e-11
3.028000e-01,-1.009883e-10
3.029000e-01,-1.261662e-11
3.030000e-01,-7.246780e-11
3.031000e-01,1.590392e-11
3.032000e-01,-4.394726e-11
3.033000e-01,-1.037984e-10
3.034000e-01,-1.542672e-11
3.035000e-01,-7.527790e-11
3.036000e-01,1.309382e-11
3.037000e-01,-4.675736e-11
3.038000e-01,4.161436e-11
3.039000e-01,-1.823682e-11
3.040000e-01,-7.808800e-11
3.041000e-01,1.028372e-11
3.042000e-01,-4.956746e-11
3.043000e-01,3.880426e-11
3.044000e-01,-2.104692e-11
3.045000e-01,-8.089810e-11
3.046000e-01,7.473621e-12
3.047000e-01,-5.237756e-11
3.048000e-01,3.599416e-11
3.049000e-01,-2.385702e-11
3.050000e-01,-8.370820e-11
3.051000e-01,4.663522e-12
3.052000e-01,9.303524e-11
3.053000e-01,3.318406e-11
3.054000e-01,-2.666712e-11
3.055000e-01,-8.651830e-11
3.056000e-01,1.853424e-12
3.057000e-01,9.022515e-11
3.058000e-01,3.037396e-11
3.059000e-01,-2.947722e-11
3.060000e-01,-8.932840e-11
3.061000e-01,-9.566747e-13
3.062000e-01,8.741505e-11
3.063000e-01,2.756387e-11
3.064000e-01,-3.228731e-11
3.065000e-01,-9.213849e-11
3.066000e-01,-3.766773e-12
3.067000e-01,8.460495e-11
3.068000e-01,2.475377e-11
3.069000e-01,-3.509741e-11
3.070000e-01,-9.494859e-11
3.071000e-01,1.416460e-10
3.072000e-01,8.179485e-11
3.073000e-01,2.194367e-11
3.074000e-01,-3.790751e-11
3.075000e-01,-9.775869e-11
3.076000e-01,1.388359e-10
3.077000e-01,7.898475e-11
3.078000e-01,1.913357e-11
3.079000e-01,-4.071761e-11
3.080000e-01,-1.005688e-10
3.081000e-01,1.360258e-10
3.082000e-01,7.617465e-11
3.083000e-01,1.632347e-11
3.084000e-01,-4.352771e-11
3.085000e-01,-1.033789e-10
3.086000e-01,1.332157e-10
3.087000e-01,7.336455e-11
3.088000e-01,1.351337e-11
3.089000e-01,-4.633781e-11
3.090000e-01,-1.061890e-10
3.091000e-01,1.304056e-10
3.092000e-01,7.055446e-11
3.093000e-01,1.070327e-11
3.094000e-01,-4.914791e-11
3.095000e-01,-1.089991e-10
3.096000e-01,1.275955e-10
3.097000e-01,6.774436e-11
3.098000e-01,7.893176e-12
3.099000e-01,-5.195800e-11
3.100000e-01,-1.118092e-10
3.101000e-01,1.247854e-10
3.102000e-01,6.493426e-11
3.103000e-01,5.083078e-12
3.104000e-01,-5.476810e-11
3.105000e-01,-1.146193e-10
3.106000e-01,-1.744705e-10
3.107000e-01,6.212416e-11
3.108000e-01,2.272979e-12
3.109000e-01,-5.757820e-11
3.110000e-01,-1.174294e-10
3.111000e-01,-1.772806e-10
3.112000e-01,5.931406e-11
3.113000e-01,-5.371193e-13
3.114000e-01,-6.038830e-11
3.115000e-01,-1.202395e-10
3.116000e-01,-1.800907e-10
3.117000e-01,5.650396e-11
3.118000e-01,-3.347218e-12
3.119000e-01,-6.319840e-11
3.120000e-01,-1.230496e-10
3.121000e-01,-1.829008e-10
3.122000e-01,5.369386e-11
3.123000e-01,-6.157316e-12
3.124000e-01,-6.600850e-11
3.125000e-01,-1.258597e-10
3.126000e-01,-1.857109e-10
3.127000e-01,5.088377e-11
3.128000e-01,-8.967415e-12
3.129000e-01,-6.881860e-11
3.130000e-01,-1.286698e-10
3.131000e-01,-1.885210e-10
3.132000e-01,4.807367e-11
3.133000e-01,-1.177751e-11
3.134000e-01,-7.162869e-11
3.135000e-01,-1.314799e-10
3.136000e-01,-1.913311e-10
3.137000e-01,4.526357e-11
3.138000e-01,-1.458761e-11
3.139000e-01,-7.443879e-11
3.140000e-01,-1.342900e-10
3.141000e-01,-1.941412e-10
3.142000e-01,4.245347e-11
3.143000e-01,-1.739771e-11
3.144000e-01,-7.724889e-11
3.145000e-01,-1.371001e-10
3.146000e-01,-1.969513e-10
3.147000e-01,3.964337e-11
3.148000e-01,-2.020781e-11
3.149000e-01,-8.005899e-11
3.150000e-01,-1.399102e-10
3.151000e-01,-5.153845e-11
3.152000e-01,3.683327e-11
3.153000e-01,-2.301791e-11
3.154000e-01,-8.286909e-11
3.155000e-01,-1.427203e-10
3.156000e-01,-5.434855e-11
3.157000e-01,3.402317e-11
3.158000e-01,-2.582801e-11
3.159000e-01,-8.567919e-11
3.160000e-01,-1.455304e-10
3.161000e-01,-5.715865e-11
3.162000e-01,3.121308e-11
3.163000e-01,-2.863810e-11
3.164000e-01,-8.848929e-11
3.165000e-01,-1.483405e-10
3.166000e-01,-5.996874e-11
3.167000e-01,2.840298e-11
3.168000e-01,-3.144820e-11
3.169000e-01,-9.129938e-11
3.170000e-01,-2.927662e-12
3.171000e-01,-6.277884e-11
3.172000e-01,2.559288e-11
3.173000e-01,-3.425830e-11
3.174000e-01,-9.410948e-11
3.175000e-01,-5.737761e-12
3.176000e-01,-6.558894e-11
3.177000e-01,2.278278e-11
3.178000e-01,-3.706840e-11
3.179000e-01,-9.691958e-11
3.180000e-01,-8.547860e-12
3.181000e-01,-6.839904e-11
3.182000e-01,1.997268e-11
3.183000e-01,-3.987850e-11
3.184000e-01,4.849322e-11
3.185000e-01,-1.135796e-11
3.186000e-01,-7.120914e-11
3.187000e-01,1.716258e-11
3.188000e-01,-4.268860e-11
3.189000e-01,4.568312e-11
3.190000e-01,-1.416806e-11
3.191000e-01,-7.401924e-11
3.192000e-01,1.435248e-11
3.193000e-01,-4.549870e-11
3.194000e-01,4.287303e-11
3.195000e-01,-1.697816e-11
3.196000e-01,-7.682934e-11
3.197000e-01,1.154239e-11
3.198000e-01,-4.830879e-11
3.199000e-01,4.006293e-11
3.200000e-01,-1.978825e-11
3.201000e-01,-7.963943e-11
3.202000e-01,8.732287e-12
3.203000e-01,9.710401e-11
3.204000e-01,3.725283e-11
3.205000e-01,-2.259835e-11
3.206000e-01,-8.244953e-11
3.207000e-01,5.922189e-12
3.208000e-01,9.429391e-11
3.209000e-01,3.444273e-11
3.210000e-01,-2.540845e-11
3.211000e-01,-8.525963e-11
3.212000e-01,3.112090e-12
3.213000e-01,9.148381e-11
3.214000e-01,3.163263e-11
3.215000e-01,-2.821855e-11
3.216000e-01,-8.806973e-11
3.217000e-01,1.485249e-10
3.218000e-01,8.867371e-11
3.219000e-01,2.882253e-11
3.220000e-01,-3.102865e-11
3.221000e-01,-9.087983e-11
3.222000e-01,1.457148e-10
3.223000e-01,8.586361e-11
3.224000e-01,2.601243e-11
3.225000e-01,-3.383875e-11
3.226000e-01,-9.368993e-11
3.227000e-01,1.429047e-10
3.228000e-01,8.305352e-11
3.229000e-01,2.320234e-11
3.230000e-01,-3.664885e-11
3.231000e-01,-9.650003e-11
3.232000e-01,1.400946e-10
3.233000e-01,8.024342e-11
3.234000e-01,2.039224e-11
3.235000e-01,-3.945894e-11
3.236000e-01,-9.931012e-11
3.237000e-01,1.372845e-10
3.238000e-01,7.743332e-11
3.239000e-01,1.758214e-11
3.240000e-01,-4.226904e-11
3.241000e-01,-1.021202e-10
3.242000e-01,-1.619714e-10
3.243000e-01,7.462322e-11
3.244000e-01,1.477204e-11
3.245000e-01,-4.507914e-11
3.246000e-01,-1.049303e-10
3.247000e-01,-1.647815e-10
3.248000e-01,7.181312e-11
3.249000e-01,1.196194e-11
3.250000e-01,-4.788924e-11
3.251000e-01,-1.077404e-10
3.252000e-01,-1.675916e-10
3.253000e-01,6.900302e-11
3.254000e-01,9.151843e-12
3.255000e-01,-5.069934e-11
3.256000e-01,-1.105505e-10
3.257000e-01,-1.704017e-10
3.258000e-01,6.619292e-11
3.259000e-01,6.341744e-12
3.260000e-01,-5.350944e-11
3.261000e-01,-1.133606e-10
3.262000e-01,-1.732118e-10
3.263000e-01,6.338283e-11
3.264000e-01,3.531645e-12
3.265000e-01,-5.631954e-11
3.266000e-01,-1.161707e-10
3.267000e-01,-1.760219e-10
3.268000e-01,6.057273e-11
3.269000e-01,7.215469e-13
3.270000e-01,-5.912963e-11
3.271000e-01,-1.189808e-10
3.272000e-01,-1.788320e-10
3.273000e-01,5.776263e-11
3.274000e-01,-2.088552e-12
3.275000e-01,-6.193973e-11
3.276000e-01,-1.217909e-10
3.277000e-01,-1.816421e-10
3.278000e-01,5.495253e-11
3.279000e-01,-4.898650e-12
3.280000e-01,-6.474983e-11
3.281000e-01,-1.246010e-10
3.282000e-01,-1.844522e-10
3.283000e-01,5.214243e-11
3.284000e-01,-7.708749e-12
3.285000e-01,-6.755993e-11
3.286000e-01,-1.274111e-10
3.287000e-01,-1.872623e-10
3.288000e-01,4.933233e-11
3.289000e-01,-1.051885e-11
3.290000e-01,-7.037003e-11
3.291000e-01,-1.302212e-10
3.292000e-01,-1.900724e-10
3.293000e-01,4.652223e-11
3.294000e-01,-1.332895e-11
3.295000e-01,-7.318013e-11
3.296000e-01,-1.330313e-10
3.297000e-01,-1.928825e-10
3.298000e-01,4.371214e-11
3.299000e-01,-1.613904e-11
3.300000e-01,-7.599022e-11
3.301000e-01,-1.358414e-10
3.302000e-01,-4.746968e-11
3.303000e-01,4.090204e-11
3.304000e-01,-1.894914e-11
3.305000e-01,-7.880032e-11
3.306000e-01,-1.386515e-10
3.307000e-01,-5.027978e-11
3.308000e-01,3.809194e-11
3.309000e-01,-2.175924e-11
3.310000e-01,-8.161042e-11
3.311000e-01,-1.414616e-10
3.312000e-01,-5.308988e-11
3.313000e-01,3.528184e-11
3.314000e-01,-2.456934e-11
3.315000e-01,-8.442052e-11
3.316000e-01,-1.442717e-10
3.317000e-01,-5.589998e-11
3.318000e-01,3.247174e-11
3.319000e-01,-2.737944e-11
3.320000e-01,-8.723062e-11
3.321000e-01,1.141102e-12
3.322000e-01,-5.871008e-11
3.323000e-01,2.966164e-11
3.324000e-01,-3.018954e-11
3.325000e-01,-9.004072e-11
3.326000e-01,-1.668996e-12
3.327000e-01,-6.152018e-11
3.328000e-01,2.685154e-11
3.329000e-01,-3.299964e-11
3.330000e-01,-9.285082e-11
3.331000e-01,-4.479095e-12
3.332000e-01,-6.433028e-11
3.333000e-01,2.404145e-11
3.334000e-01,-3.580973e-11
3.335000e-01,5.256199e-11
3.336000e-01,-7.289193e-12
3.337000e-01,-6.714037e-11
3.338000e-01,2.123135e-11
3.339000e-01,-3.861983e-11
3.340000e-01,-9.847101e-11
3.341000e-01,-1.583222e-10
3.342000e-01,-2.181734e-10
3.343000e-01,1.842125e-11
3.344000e-01,-4.142993e-11
3.345000e-01,-1.012811e-10
3.346000e-01,-1.611323e-10
3.347000e-01,-2.209835e-10
3.348000e-01,1.561115e-11
3.349000e-01,-4.424003e-11
3.350000e-01,-1.040912e-10
3.351000e-01,-1.639424e-10
3.352000e-01,-2.237936e-10
3.353000e-01,1.280105e-11
3.354000e-01,-4.705013e-11
3.355000e-01,-1.069013e-10
3.356000e-01,-1.667525e-10
3.357000e-01,-2.266037e-10
3.358000e-01,9.990953e-12
3.359000e-01,-4.986023e-11
3.360000e-01,-1.097114e-10
3.361000e-01,-1.695626e-10
3.362000e-01,-2.294138e-10
3.363000e-01,7.180855e-12
3.364000e-01,-5.267033e-11
3.365000e-01,-1.125215e-10
3.366000e-01,-1.723727e-10
3.367000e-01,-2.322239e-10
3.368000e-01,4.370756e-12
3.369000e-01,-5.548042e-11
3.370000e-01,-1.153316e-10
3.371000e-01,-1.751828e-10
3.372000e-01,-2.350340e-10
3.373000e-01,1.560658e-12
3.374000e-01,-5.829052e-11
3.375000e-01,-1.181417e-10
3.376000e-01,-1.779929e-10
3.377000e-01,-2.378441e-10
3.378000e-01,-1.249441e-12
3.379000e-01,-6.110062e-11
3.380000e-01,-1.209518e-10
3.381000e-01,-1.808030e-10
3.382000e-01,-2.406542e-10
3.383000e-01,-4.059539e-12
3.384000e-01,-6.391072e-11
3.385000e-01,-1.237619e-10
3.386000e-01,-1.836131e-10
3.387000e-01,5.298154e-11
3.388000e-01,-6.869638e-12
3.389000e-01,-6.672082e-11
3.390000e-01,-1.265720e-10
3.391000e-01,-1.864232e-10
3.392000e-01,5.017144e-11
3.393000e-01,-9.679737e-12
3.394000e-01,-6.953092e-11
3.395000e-01,-1.293821e-10
3.396000e-01,-1.892333e-10
3.397000e-01,4.736135e-11
3.398000e-01,-1.248984e-11
3.399000e-01,-7.234102e-11
3.400000e-01,-1.321922e-10
3.401000e-01,1.044024e-10
3.402000e-01,4.455125e-11
3.403000e-01,-1.529993e-11
3.404000e-01,-7.515111e-11
3.405000e-01,-1.350023e-10
3.406000e-01,1.015923e-10
3.407000e-01,4.174115e-11
3.408000e-01,-1.811003e-11
3.409000e-01,-7.796121e-11
3.410000e-01,-1.378124e-10
3.411000e-01,9.878223e-11
3.412000e-01,3.893105e-11
3.413000e-01,-2.092013e-11
3.414000e-01,-8.077131e-11
3.415000e-01,-1.406225e-10
3.416000e-01,9.597213e-11
3.417000e-01,3.612095e-11
3.418000e-01,-2.373023e-11
3.419000e-01,-8.358141e-11
3.420000e-01,1.530132e-10
3.421000e-01,9.316203e-11
3.422000e-01,3.331085e-11
3.423000e-01,-2.654033e-11
3.424000e-01,-8.639151e-11
3.425000e-01,1.502031e-10
3.426000e-01,9.035193e-11
3.427000e-01,3.050075e-11
3.428000e-01,-2.935043e-11
3.429000e-01,-8.920161e-11
3.430000e-01,1.473930e-10
3.431000e-01,8.754184e-11
3.432000e-01,2.769066e-11
3.433000e-01,-3.216053e-11
3.434000e-01,2.044341e-10
3.435000e-01,1.445829e-10
3.436000e-01,8.473174e-11
3.437000e-01,2.488056e-11
3.438000e-01,-3.497062e-11
3.439000e-01,2.016240e-10
3.440000e-01,1.417728e-10
3.441000e-01,8.192164e-11
3.442000e-01,2.207046e-11
3.443000e-01,-3.778072e-11
3.444000e-01,1.988139e-10
3.445000e-01,1.389627e-10
3.446000e-01,7.911154e-11
3.447000e-01,1.926036e-11
3.448000e-01,-4.059082e-11
3.449000e-01,1.960038e-10
3.450000e-01,1.361526e-10
3.451000e-01,7.630144e-11
3.452000e-01,1.645026e-11
3.453000e-01,-4.340092e-11
3.454000e-01,1.931937e-10
3.455000e-01,1.333425e-10
3.456000e-01,7.349134e-11
3.457000e-01,1.364016e-11
3.458000e-01,-4.621102e-11
3.459000e-01,1.903836e-10
3.460000e-01,1.305324e-10
3.461000e-01,7.068124e-11
3.462000e-01,1.083006e-11
3.463000e-01,-4.902112e-11
3.464000e-01,1.875735e-10
3.465000e-01,1.277223e-10
3.466000e-01,6.787115e-11
3.467000e-01,8.019966e-12
3.468000e-01,-5.183121e-11
3.469000e-01,1.847634e-10
3.470000e-01,1.249122e-10
3.471000e-01,6.506105e-11
3.472000e-01,5.209867e-12
3.473000e-01,-5.464131e-11
3.474000e-01,1.819533e-10
3.475000e-01,1.221021e-10
3.476000e-01,6.225095e-11
3.477000e-01,2.399768e-12
3.478000e-01,-5.745141e-11
3.479000e-01,1.791432e-10
3.480000e-01,1.192920e-10
3.481000e-01,5.944085e-11
3.482000e-01,-4.103301e-13
3.483000e-01,-6.026151e-11
3.484000e-01,1.763331e-10
3.485000e-01,1.164819e-10
3.486000e-01,5.663075e-11
3.487000e-01,-3.220429e-12
3.488000e-01,-6.307161e-11
3.489000e-01,1.735230e-10
3.490000e-01,1.136718e-10
3.491000e-01,5.382065e-11
3.492000e-01,-6.030527e-12
3.493000e-01,-6.588171e-11
3.494000e-01,1.707129e-10
3.495000e-01,1.108617e-10
3.496000e-01,5.101055e-11
3.497000e-01,-8.840626e-12
3.498000e-01,-6.869181e-11
3.499000e-01,1.679028e-10
3.500000e-01,1.080516e-10
3.501000e-01,4.820046e-11
3.502000e-01,-1.165072e-11
3.503000e-01,-7.150190e-11
3.504000e-01,-1.313531e-10
3.505000e-01,1.052415e-10
3.506000e-01,4.539036e-11
3.507000e-01,-1.446082e-11
3.508000e-01,-7.431200e-11
3.509000e-01,-1.341632e-10
3.510000e-01,1.024314e-10
3.511000e-01,4.258026e-11
3.512000e-01,-1.727092e-11
3.513000e-01,-7.712210e-11
3.514000e-01,-1.369733e-10
3.515000e-01,9.962134e-11
3.516000e-01,3.977016e-11
3.517000e-01,-2.008102e-11
3.518000e-01,-7.993220e-11
3.519000e-01,-1.397834e-10
3.520000e-01,9.681124e-11
3.521000e-01,3.696006e-11
3.522000e-01,-2.289112e-11
3.523000e-01,-8.274230e-11
3.524000e-01,-1.425935e-10
3.525000e-01,9.400114e-11
3.526000e-01,3.414996e-11
3.527000e-01,-2.570122e-11
3.528000e-01,-8.555240e-11
3.529000e-01,-1.454036e-10
3.530000e-01,9.119105e-11
3.531000e-01,3.133986e-11
3.532000e-01,-2.851132e-11
3.533000e-01,-8.836250e-11
3.534000e-01,-1.482137e-10
3.535000e-01,8.838095e-11
3.536000e-01,2.852977e-11
3.537000e-01,-3.132141e-11
3.538000e-01,-9.117259e-11
3.539000e-01,-1.510238e-10
3.540000e-01,8.557085e-11
3.541000e-01,2.571967e-11
3.542000e-01,-3.413151e-11
3.543000e-01,-9.398269e-11
3.544000e-01,-1.538339e-10
3.545000e-01,8.276075e-11
3.546000e-01,2.290957e-11
3.547000e-01,-3.694161e-11
3.548000e-01,-9.679279e-11
3.549000e-01,-1.566440e-10
3.550000e-01,7.995065e-11
3.551000e-01,2.009947e-11
3.552000e-01,-3.975171e-11
3.553000e-01,-9.960289e-11
3.554000e-01,-1.594541e-10
3.555000e-01,7.714055e-11
3.556000e-01,1.728937e-11
3.557000e-01,-4.256181e-11
3.558000e-01,-1.024130e-10
3.559000e-01,-1.622642e-10
3.560000e-01,7.433045e-11
3.561000e-01,1.447927e-11
3.562000e-01,-4.537191e-11
3.563000e-01,-1.052231e-10
3.564000e-01,-1.650743e-10
3.565000e-01,7.152036e-11
3.566000e-01,1.166917e-11
3.567000e-01,-4.818201e-11
3.568000e-01,-1.080332e-10
3.569000e-01,-1.678844e-10
3.570000e-01,6.871026e-11
3.571000e-01,8.859076e-12
3.572000e-01,-5.099210e-11
3.573000e-01,-1.108433e-10
3.574000e-01,-1.706945e-10
3.575000e-01,6.590016e-11
3.576000e-01,6.048978e-12
3.577000e-01,-5.380220e-11
3.578000e-01,-1.136534e-10
3.579000e-01,-1.735046e-10
3.580000e-01,6.309006e-11
3.581000e-01,3.238879e-12
3.582000e-01,-5.661230e-11
3.583000e-01,-1.164635e-10
3.584000e-01,-1.763147e-10
3.585000e-01,6.027996e-11
3.586000e-01,4.287806e-13
3.587000e-01,-5.942240e-11
3.588000e-01,-1.192736e-10
3.589000e-01,-1.791248e-10
3.590000e-01,5.746986e-11
3.591000e-01,-2.381318e-12
3.592000e-01,-6.223250e-11
3.593000e-01,-1.220837e-10
3.594000e-01,-1.819349e-10
3.595000e-01,5.465976e-11
3.596000e-01,-5.191416e-12
3.597000e-01,-6.504260e-11
3.598000e-01,-1.248938e-10
3.599000e-01,-1.847450e-10
3.600000e-01,5.184967e-11
3.601000e-01,-8.001515e-12
3.602000e-01,-6.785270e-11
3.603000e-01,-1.277039e-10
3.604000e-01,-1.875551e-10
3.605000e-01,4.903957e-11
3.606000e-01,-1.081161e-11
3.607000e-01,-7.066279e-11
3.608000e-01,-1.305140e-10
3.609000e-01,-1.903652e-10
3.610000e-01,4.622947e-11
3.611000e-01,-1.362171e-11
3.612000e-01,-7.347289e-11
3.613000e-01,-1.333241e-10
3.614000e-01,-1.931753e-10
3.615000e-01,4.341937e-11
3.616000e-01,-1.643181e-11
3.617000e-01,-7.628299e-11
3.618000e-01,-1.361342e-10
3.619000e-01,-1.959854e-10
3.620000e-01,4.060927e-11
3.621000e-01,-1.924191e-11
3.622000e-01,-7.909309e-11
3.623000e-01,-1.389443e-10
3.624000e-01,-1.987955e-10
3.625000e-01,3.779917e-11
3.626000e-01,-2.205201e-11
3.627000e-01,-8.190319e-11
3.628000e-01,-1.417544e-10
3.629000e-01,-2.016055e-10
3.630000e-01,3.498907e-11
3.631000e-01,-2.486211e-11
3.632000e-01,-8.471329e-11
3.633000e-01,-1.445645e-10
3.634000e-01,-2.044156e-10
3.635000e-01,-2.642668e-10
3.636000e-01,-2.767220e-11
3.637000e-01,-8.752339e-11
3.638000e-01,-1.473746e-10
3.639000e-01,-2.072257e-10
3.640000e-01,-2.670769e-10
3.641000e-01,-3.048230e-11
3.642000e-01,-9.033348e-11
3.643000e-01,-1.501847e-10
3.644000e-01,-2.100358e-10
3.645000e-01,-2.698870e-10
3.646000e-01,-3.329240e-11
3.647000e-01,-9.314358e-11
3.648000e-01,-1.529948e-10
3.649000e-01,-2.128459e-10
3.650000e-01,-2.726971e-10
3.651000e-01,-3.610250e-11
3.652000e-01,-9.595368e-11
3.653000e-01,-1.558049e-10
3.654000e-01,-2.156560e-10
3.655000e-01,-2.755072e-10
3.656000e-01,-3.891260e-11
3.657000e-01,-9.876378e-11
3.658000e-01,-1.586150e-10
3.659000e-01,-2.184661e-10
3.660000e-01,-2.783173e-10
3.661000e-01,-4.172270e-11
3.662000e-01,-1.015739e-10
3.663000e-01,-1.614251e-10
3.664000e-01,-2.212762e-10
3.665000e-01,-2.811274e-10
3.666000e-01,-4.453280e-11
3.667000e-01,-1.043840e-10
3.668000e-01,-1.642352e-10
3.669000e-01,-2.240863e-10
3.670000e-01,1.250829e-11
3.671000e-01,-4.734289e-11
3.672000e-01,-1.071941e-10
3.673000e-01,-1.670453e-10
3.674000e-01,-2.268964e-10
3.675000e-01,9.698187e-12
3.676000e-01,-5.015299e-11
3.677000e-01,-1.100042e-10
3.678000e-01,-1.698554e-10
3.679000e-01,-2.297065e-10
3.680000e-01,6.888089e-12
3.681000e-01,-5.296309e-11
3.682000e-01,-1.128143e-10
3.683000e-01,-1.726655e-10
3.684000e-01,6.392917e-11
3.685000e-01,4.077990e-12
3.686000e-01,-5.577319e-11
3.687000e-01,-1.156244e-10
3.688000e-01,-1.754756e-10
3.689000e-01,6.111907e-11
3.690000e-01,1.267891e-12
3.691000e-01,-5.858329e-11
3.692000e-01,-1.184345e-10
3.693000e-01,-1.782856e-10
3.694000e-01,5.830897e-11
3.695000e-01,-1.542207e-12
3.696000e-01,-6.139339e-11
3.697000e-01,-1.212446e-10
3.698000e-01,-1.810957e-10
3.699000e-01,5.549887e-11
3.700000e-01,-4.352306e-12
3.701000e-01,-6.420349e-11
3.702000e-01,-1.240547e-10
3.703000e-01,1.125400e-10
3.704000e-01,5.268878e-11
3.705000e-01,-7.162404e-12
3.706000e-01,-6.701358e-11
3.707000e-01,-1.268648e-10
3.708000e-01,1.097299e-10
3.709000e-01,4.987868e-11
3.710000e-01,-9.972503e-12
3.711000e-01,-6.982368e-11
3.712000e-01,-1.296749e-10
3.713000e-01,1.069198e-10
3.714000e-01,4.706858e-11
3.715000e-01,-1.278260e-11
3.716000e-01,-7.263378e-11
3.717000e-01,1.639608e-10
3.718000e-01,1.041097e-10
3.719000e-01,4.425848e-11
3.720000e-01,-1.559270e-11
3.721000e-01,-7.544388e-11
3.722000e-01,1.611507e-10
3.723000e-01,1.012996e-10
3.724000e-01,4.144838e-11
3.725000e-01,-1.840280e-11
3.726000e-01,-7.825398e-11
3.727000e-01,1.583406e-10
3.728000e-01,9.848946e-11
3.729000e-01,3.863828e-11
3.730000e-01,-2.121290e-11
3.731000e-01,-8.106408e-11
3.732000e-01,1.555305e-10
3.733000e-01,9.567937e-11
3.734000e-01,3.582818e-11
3.735000e-01,-2.402300e-11
3.736000e-01,2.125716e-10
3.737000e-01,1.527204e-10
3.738000e-01,9.286927e-11
3.739000e-01,3.301809e-11
3.740000e-01,-2.683309e-11
3.741000e-01,2.097615e-10
3.742000e-01,1.499103e-10
3.743000e-01,9.005917e-11
3.744000e-01,3.020799e-11
3.745000e-01,-2.964319e-11
3.746000e-01,2.069514e-10
3.747000e-01,1.471003e-10
3.748000e-01,8.724907e-11
3.749000e-01,2.739789e-11
3.750000e-01,-3.245329e-11
3.751000e-01,2.041413e-10
3.752000e-01,1.442902e-10
3.753000e-01,8.443897e-11
3.754000e-01,2.458779e-11
3.755000e-01,-3.526339e-11
3.756000e-01,2.013312e-10
3.757000e-01,1.414801e-10
3.758000e-01,8.162887e-11
3.759000e-01,2.177769e-11
3.760000e-01,-3.807349e-11
3.761000e-01,1.985211e-10
3.762000e-01,1.386700e-10
3.763000e-01,7.881877e-11
3.764000e-01,1.896759e-11
3.765000e-01,-4.088359e-11
3.766000e-01,-1.007348e-10
3.767000e-01,1.358599e-10
3.768000e-01,7.600868e-11
3.769000e-01,1.615749e-11
3.770000e-01,-4.369369e-11
3.771000e-01,-1.035449e-10
3.772000e-01,1.330498e-10
3.773000e-01,7.319858e-11
3.774000e-01,1.334740e-11
3.775000e-01,-4.650378e-11
3.776000e-01,-1.063550e-10
3.777000e-01,1.302397e-10
3.778000e-01,7.038848e-11
3.779000e-01,1.053730e-11
3.780000e-01,-4.931388e-11
3.781000e-01,-1.091651e-10
3.782000e-01,1.274296e-10
3.783000e-01,6.757838e-11
3.784000e-01,7.727199e-12
3.785000e-01,-5.212398e-11
3.786000e-01,-1.119752e-10
3.787000e-01,1.246195e-10
3.788000e-01,6.476828e-11
3.789000e-01,4.917101e-12
3.790000e-01,-5.493408e-11
3.791000e-01,-1.147853e-10
3.792000e-01,1.218094e-10
3.793000e-01,6.195818e-11
3.794000e-01,2.107002e-12
3.795000e-01,-5.774418e-11
3.796000e-01,-1.175954e-10
3.797000e-01,1.189993e-10
3.798000e-01,5.914808e-11
3.799000e-01,-7.030964e-13
3.800000e-01,-6.055428e-11
3.801000e-01,-1.204055e-10
3.802000e-01,1.161892e-10
3.803000e-01,5.633799e-11
3.804000e-01,-3.513195e-12
3.805000e-01,-6.336438e-11
3.806000e-01,-1.232156e-10
3.807000e-01,1.133791e-10
3.808000e-01,5.352789e-11
3.809000e-01,-6.323293e-12
3.810000e-01,-6.617447e-11
3.811000e-01,-1.260257e-10
3.812000e-01,1.105690e-10
3.813000e-01,5.071779e-11
3.814000e-01,-9.133392e-12
3.815000e-01,-6.898457e-11
3.816000e-01,-1.288358e-10
3.817000e-01,1.077589e-10
3.818000e-01,4.790769e-11
3.819000e-01,-1.194349e-11
3.820000e-01,-7.179467e-11
3.821000e-01,-1.316459e-10
3.822000e-01,1.049488e-10
3.823000e-01,4.509759e-11
3.824000e-01,-1.475359e-11
3.825000e-01,-7.460477e-11
3.826000e-01,-1.344560e-10
3.827000e-01,1.021387e-10
3.828000e-01,4.228749e-11
3.829000e-01,-1.756369e-11
3.830000e-01,-7.741487e-11
3.831000e-01,-1.372660e-10
3.832000e-01,9.932857e-11
3.833000e-01,3.947739e-11
3.834000e-01,-2.037379e-11
3.835000e-01,-8.022497e-11
3.836000e-01,-1.400761e-10
3.837000e-01,9.651848e-11
3.838000e-01,3.666730e-11
3.839000e-01,-2.318388e-11
3.840000e-01,-8.303507e-11
3.841000e-01,-1.428862e-10
3.842000e-01,9.370838e-11
3.843000e-01,3.385720e-11
3.844000e-01,-2.599398e-11
3.845000e-01,-8.584516e-11
3.846000e-01,-1.456963e-10
3.847000e-01,9.089828e-11
3.848000e-01,3.104710e-11
3.849000e-01,-2.880408e-11
3.850000e-01,-8.865526e-11
3.851000e-01,-1.485064e-10
3.852000e-01,8.808818e-11
3.853000e-01,2.823700e-11
3.854000e-01,-3.161418e-11
3.855000e-01,-9.146536e-11
3.856000e-01,-1.513165e-10
3.857000e-01,8.527808e-11
3.858000e-01,2.542690e-11
3.859000e-01,-3.442428e-11
3.860000e-01,-9.427546e-11
3.861000e-01,-1.541266e-10
3.862000e-01,8.246798e-11
3.863000e-01,2.261680e-11
3.864000e-01,-3.723438e-11
3.865000e-01,-9.708556e-11
3.866000e-01,-1.569367e-10
3.867000e-01,7.965788e-11
3.868000e-01,1.980670e-11
3.869000e-01,-4.004448e-11
3.870000e-01,-9.989566e-11
3.871000e-01,-1.597468e-10
3.872000e-01,7.684779e-11
3.873000e-01,1.699661e-11
3.874000e-01,-4.285457e-11
3.875000e-01,-1.027058e-10
3.876000e-01,-1.625569e-10
3.877000e-01,7.403769e-11
3.878000e-01,1.418651e-11
3.879000e-01,-4.566467e-11
3.880000e-01,-1.055159e-10
3.881000e-01,-1.653670e-10
3.882000e-01,7.122759e-11
3.883000e-01,1.137641e-11
3.884000e-01,-4.847477e-11
3.885000e-01,-1.083260e-10
3.886000e-01,-1.681771e-10
3.887000e-01,6.841749e-11
3.888000e-01,8.566310e-12
3.889000e-01,-5.128487e-11
3.890000e-01,-1.111361e-10
3.891000e-01,-1.709872e-10
3.892000e-01,6.560739e-11
3.893000e-01,5.756212e-12
3.894000e-01,-5.409497e-11
3.895000e-01,-1.139461e-10
3.896000e-01,-1.737973e-10
3.897000e-01,6.279729e-11
3.898000e-01,2.946113e-12
3.899000e-01,-5.690507e-11
3.900000e-01,-1.167562e-10
3.901000e-01,-1.766074e-10
3.902000e-01,-2.364586e-10
3.903000e-01,1.360144e-13
3.904000e-01,-5.971517e-11
3.905000e-01,-1.195663e-10
3.906000e-01,-1.794175e-10
3.907000e-01,-2.392687e-10
3.908000e-01,-2.674084e-12
3.909000e-01,-6.252526e-11
3.910000e-01,-1.223764e-10
3.911000e-01,-1.822276e-10
3.912000e-01,-2.420788e-10
3.913000e-01,-5.484183e-12
3.914000e-01,-6.533536e-11
3.915000e-01,-1.251865e-10
3.916000e-01,-1.850377e-10
3.917000e-01,-2.448889e-10
3.918000e-01,-8.294281e-12
3.919000e-01,-6.814546e-11
3.920000e-01,-1.279966e-10
3.921000e-01,-1.878478e-10
3.922000e-01,-2.476990e-10
3.923000e-01,-1.110438e-11
3.924000e-01,-7.095556e-11
3.925000e-01,-1.308067e-10
3.926000e-01,-1.906579e-10
3.927000e-01,-2.505091e-10
3.928000e-01,-1.391448e-11
3.929000e-01,-7.376566e-11
3.930000e-01,-1.336168e-10
3.931000e-01,-1.934680e-10
3.932000e-01,-2.533192e-10
3.933000e-01,-1.672458e-11
3.934000e-01,-7.657576e-11
3.935000e-01,-1.364269e-10
3.936000e-01,-1.962781e-10
3.937000e-01,-2.561293e-10
3.938000e-01,-1.953468e-11
3.939000e-01,-7.938586e-11
3.940000e-01,-1.392370e-10
3.941000e-01,-1.990882e-10
3.942000e-01,-2.589394e-10
3.943000e-01,-2.234477e-11
3.944000e-01,-8.219595e-11
3.945000e-01,-1.420471e-10
3.946000e-01,-2.018983e-10
3.947000e-01,-2.617495e-10
3.948000e-01,-2.515487e-11
3.949000e-01,-8.500605e-11
3.950000e-01,-1.448572e-10
3.951000e-01,-2.047084e-10
3.952000e-01,-2.645596e-10
3.953000e-01,-2.796497e-11
3.954000e-01,-8.781615e-11
3.955000e-01,-1.476673e-10
3.956000e-01,-2.075185e-10
3.957000e-01,-2.673697e-10
3.958000e-01,-3.077507e-11
3.959000e-01,-9.062625e-11
3.960000e-01,-1.504774e-10
3.961000e-01,-2.103286e-10
3.962000e-01,-2.701798e-10
3.963000e-01,-3.358517e-11
3.964000e-01,-9.343635e-11
3.965000e-01,-1.532875e-10
3.966000e-01,-2.131387e-10
3.967000e-01,2.345591e-11
3.968000e-01,-3.639527e-11
3.969000e-01,-9.624645e-11
3.970000e-01,-1.560976e-10
3.971000e-01,-2.159488e-10
3.972000e-01,2.064582e-11
3.973000e-01,-3.920537e-11
3.974000e-01,-9.905655e-11
3.975000e-01,-1.589077e-10
3.976000e-01,-2.187589e-10
3.977000e-01,1.783572e-11
3.978000e-01,-4.201546e-11
3.979000e-01,-1.018666e-10
3.980000e-01,-1.617178e-10
3.981000e-01,-2.215690e-10
3.982000e-01,1.502562e-11
3.983000e-01,-4.482556e-11
3.984000e-01,-1.046767e-10
3.985000e-01,-1.645279e-10
3.986000e-01,7.206670e-11
3.987000e-01,1.221552e-11
3.988000e-01,-4.763566e-11
3.989000e-01,-1.074868e-10
3.990000e-01,-1.673380e-10
3.991000e-01,6.925660e-11
3.992000e-01,9.405421e-12
3.993000e-01,-5.044576e-11
3.994000e-01,-1.102969e-10
3.995000e-01,-1.701481e-10
3.996000e-01,6.644650e-11
3.997000e-01,6.595322e-12
3.998000e-01,-5.325586e-11
3.999000e-01,-1.131070e-10
4.000000e-01,-1.729582e-10
4.001000e-01,6.363640e-11
4.002000e-01,3.785224e-12
4.003000e-01,-5.606596e-11
4.004000e-01,-1.159171e-10
4.005000e-01,1.206775e-10
4.006000e-01,6.082631e-11
4.007000e-01,9.751252e-13
4.008000e-01,-5.887606e-11
4.009000e-01,-1.187272e-10
4.010000e-01,1.178674e-10
4.011000e-01,5.801621e-11
4.012000e-01,-1.834973e-12
4.013000e-01,-6.168615e-11
4.014000e-01,-1.215373e-10
4.015000e-01,1.150573e-10
4.016000e-01,5.520611e-11
4.017000e-01,-4.645072e-12
4.018000e-01,-6.449625e-11
4.019000e-01,1.720984e-10
4.020000e-01,1.122472e-10
4.021000e-01,5.239601e-11
4.022000e-01,-7.455171e-12
4.023000e-01,-6.730635e-11
4.024000e-01,1.692883e-10
4.025000e-01,1.094371e-10
4.026000e-01,4.958591e-11
4.027000e-01,-1.026527e-11
4.028000e-01,-7.011645e-11
4.029000e-01,1.664782e-10
4.030000e-01,1.066270e-10
4.031000e-01,4.677581e-11
4.032000e-01,-1.307537e-11
4.033000e-01,-7.292655e-11
4.034000e-01,1.636681e-10
4.035000e-01,1.038169e-10
4.036000e-01,4.396571e-11
4.037000e-01,-1.588547e-11
4.038000e-01,-7.573665e-11
4.039000e-01,1.608580e-10
4.040000e-01,1.010068e-10
4.041000e-01,4.115562e-11
4.042000e-01,-1.869556e-11
4.043000e-01,-7.854675e-11
4.044000e-01,1.580479e-10
4.045000e-01,9.819670e-11
4.046000e-01,3.834552e-11
4.047000e-01,-2.150566e-11
4.048000e-01,-8.135684e-11
4.049000e-01,1.552378e-10
4.050000e-01,9.538660e-11
4.051000e-01,3.553542e-11
4.052000e-01,-2.431576e-11
4.053000e-01,-8.416694e-11
4.054000e-01,1.524277e-10
4.055000e-01,9.257650e-11
4.056000e-01,3.272532e-11
4.057000e-01,-2.712586e-11
4.058000e-01,-8.697704e-11
4.059000e-01,1.496176e-10
4.060000e-01,8.976640e-11
4.061000e-01,2.991522e-11
4.062000e-01,-2.993596e-11
4.063000e-01,-8.978714e-11
4.064000e-01,1.468075e-10
4.065000e-01,8.695630e-11
4.066000e-01,2.710512e-11
4.067000e-01,-3.274606e-11
4.068000e-01,-9.259724e-11
4.069000e-01,1.439974e-10
4.070000e-01,8.414620e-11
4.071000e-01,2.429502e-11
4.072000e-01,-3.555616e-11
4.073000e-01,-9.540734e-11
4.074000e-01,1.411873e-10
4.075000e-01,8.133611e-11
4.076000e-01,2.148493e-11
4.077000e-01,-3.836625e-11
4.078000e-01,-9.821744e-11
4.079000e-01,1.383772e-10
4.080000e-01,7.852601e-11
4.081000e-01,1.867483e-11
4.082000e-01,-4.117635e-11
4.083000e-01,-1.010275e-10
4.084000e-01,1.355671e-10
4.085000e-01,7.571591e-11
4.086000e-01,1.586473e-11
4.087000e-01,-4.398645e-11
4.088000e-01,-1.038376e-10
4.089000e-01,1.327570e-10
4.090000e-01,7.290581e-11
4.091000e-01,1.305463e-11
4.092000e-01,-4.679655e-11
4.093000e-01,-1.066477e-10
4.094000e-01,1.299469e-10
4.095000e-01,7.009571e-11
4.096000e-01,1.024453e-11
4.097000e-01,-4.960665e-11
4.098000e-01,-1.094578e-10
4.099000e-01,1.271368e-10
4.100000e-01,6.728561e-11
4.101000e-01,7.434433e-12
4.102000e-01,-5.241675e-11
4.103000e-01,-1.122679e-10
4.104000e-01,1.243267e-10
4.105000e-01,6.447551e-11
4.106000e-01,4.624334e-12
4.107000e-01,-5.522685e-11
4.108000e-01,-1.150780e-10
4.109000e-01,1.215166e-10
4.110000e-01,6.166542e-11
4.111000e-01,1.814236e-12
4.112000e-01,-5.803694e-11
4.113000e-01,-1.178881e-10
4.114000e-01,1.187065e-10
4.115000e-01,5.885532e-11
4.116000e-01,-9.958626e-13
4.117000e-01,-6.084704e-11
4.118000e-01,-1.206982e-10
4.119000e-01,1.158964e-10
4.120000e-01,5.604522e-11
4.121000e-01,-3.805961e-12
4.122000e-01,-6.365714e-11
4.123000e-01,-1.235083e-10
4.124000e-01,1.130863e-10
4.125000e-01,5.323512e-11
4.126000e-01,-6.616060e-12
4.127000e-01,-6.646724e-11
4.128000e-01,-1.263184e-10
4.129000e-01,1.102762e-10
4.130000e-01,5.042502e-11
4.131000e-01,-9.426158e-12
4.132000e-01,-6.927734e-11
4.133000e-01,-1.291285e-10
4.134000e-01,1.074661e-10
4.135000e-01,4.761492e-11
4.136000e-01,-1.223626e-11
4.137000e-01,-7.208744e-11
4.138000e-01,-1.319386e-10
4.139000e-01,1.046560e-10
4.140000e-01,4.480483e-11
4.141000e-01,-1.504636e-11
4.142000e-01,-7.489754e-11
4.143000e-01,-1.347487e-10
4.144000e-01,1.018459e-10
4.145000e-01,4.199473e-11
4.146000e-01,-1.785645e-11
4.147000e-01,-7.770763e-11
4.148000e-01,-1.375588e-10
4.149000e-01,9.903581e-11
4.150000e-01,3.918463e-11
4.151000e-01,-2.066655e-11
4.152000e-01,-8.051773e-11
4.153000e-01,-1.403689e-10
4.154000e-01,9.622571e-11
4.155000e-01,3.637453e-11
4.156000e-01,-2.347665e-11
4.157000e-01,-8.332783e-11
4.158000e-01,-1.431790e-10
4.159000e-01,9.341561e-11
4.160000e-01,3.356443e-11
4.161000e-01,-2.628675e-11
4.162000e-01,-8.613793e-11
4.163000e-01,-1.459891e-10
4.164000e-01,-2.058403e-10
4.165000e-01,3.075433e-11
4.166000e-01,-2.909685e-11
4.167000e-01,-8.894803e-11
4.168000e-01,-1.487992e-10
4.169000e-01,-2.086504e-10
4.170000e-01,2.794423e-11
4.171000e-01,-3.190695e-11
4.172000e-01,-9.175813e-11
4.173000e-01,-1.516093e-10
4.174000e-01,-2.114605e-10
4.175000e-01,2.513414e-11
4.176000e-01,-3.471705e-11
4.177000e-01,-9.456823e-11
4.178000e-01,-1.544194e-10
4.179000e-01,-2.142706e-10
4.180000e-01,2.232404e-11
4.181000e-01,-3.752714e-11
4.182000e-01,-9.737832e-11
4.183000e-01,-1.572295e-10
4.184000e-01,-2.170807e-10
4.185000e-01,1.951394e-11
4.186000e-01,-4.033724e-11
4.187000e-01,-1.001884e-10
4.188000e-01,-1.600396e-10
4.189000e-01,-2.198908e-10
4.190000e-01,1.670384e-11
4.191000e-01,-4.314734e-11
4.192000e-01,-1.029985e-10
4.193000e-01,-1.628497e-10
4.194000e-01,-2.227009e-10
4.195000e-01,1.389374e-11
4.196000e-01,-4.595744e-11
4.197000e-01,-1.058086e-10
4.198000e-01,-1.656598e-10
4.199000e-01,-2.255110e-10
4.200000e-01,1.108364e-11
4.201000e-01,-4.876754e-11
4.202000e-01,-1.086187e-10
4.203000e-01,-1.684699e-10
4.204000e-01,-2.283211e-10
4.205000e-01,8.273544e-12
4.206000e-01,-5.157764e-11
4.207000e-01,-1.114288e-10
4.208000e-01,-1.712800e-10
4.209000e-01,-2.311312e-10
4.210000e-01,5.463445e-12
4.211000e-01,-5.438774e-11
4.212000e-01,-1.142389e-10
4.213000e-01,-1.740901e-10
4.214000e-01,-2.339413e-10
4.215000e-01,2.653347e-12
4.216000e-01,-5.719783e-11
4.217000e-01,-1.170490e-10
4.218000e-01,-1.769002e-10
4.219000e-01,-2.367514e-10
4.220000e-01,-1.567518e-13
4.221000e-01,-6.000793e-11
4.222000e-01,-1.198591e-10
4.223000e-01,-1.797103e-10
4.224000e-01,-2.395615e-10
4.225000e-01,-2.966850e-12
4.226000e-01,-6.281803e-11
4.227000e-01,-1.226692e-10
4.228000e-01,-1.825204e-10
4.229000e-01,-2.423716e-10
4.230000e-01,-5.776949e-12
4.231000e-01,-6.562813e-11
4.232000e-01,-1.254793e-10
4.233000e-01,-1.853305e-10
4.234000e-01,-2.451817e-10
4.235000e-01,-8.587048e-12
4.236000e-01,-6.843823e-11
4.237000e-01,-1.282894e-10
4.238000e-01,-1.881406e-10
4.239000e-01,-2.479918e-10
4.240000e-01,-1.139715e-11
4.241000e-01,-7.124833e-11
4.242000e-01,-1.310995e-10
4.243000e-01,-1.909507e-10
4.244000e-01,-2.508019e-10
4.245000e-01,-1.420724e-11
4.246000e-01,-7.405843e-11
4.247000e-01,-1.339096e-10
4.248000e-01,-1.937608e-10
4.249000e-01,-2.536120e-10
4.250000e-01,-1.701734e-11
4.251000e-01,-7.686852e-11
4.252000e-01,-1.367197e-10
4.253000e-01,-1.965709e-10
4.254000e-01,-2.564221e-10
4.255000e-01,-1.982744e-11
4.256000e-01,-7.967862e-11
4.257000e-01,-1.395298e-10
4.258000e-01,-1.993810e-10
4.259000e-01,-2.592322e-10
4.260000e-01,-2.263754e-11
4.261000e-01,-8.248872e-11
4.262000e-01,-1.423399e-10
4.263000e-01,-2.021911e-10
4.264000e-01,-2.620423e-10
4.265000e-01,-2.544764e-11
4.266000e-01,-8.529882e-11
4.267000e-01,-1.451500e-10
4.268000e-01,-2.050012e-10
4.269000e-01,3.159344e-11
4.270000e-01,-2.825774e-11
4.271000e-01,-8.810892e-11
4.272000e-01,-1.479601e-10
4.273000e-01,-2.078113e-10
4.274000e-01,2.878334e-11
4.275000e-01,-3.106784e-11
4.276000e-01,-9.091902e-11
4.277000e-01,-1.507702e-10
4.278000e-01,-2.106214e-10
4.279000e-01,2.597325e-11
4.280000e-01,-3.387793e-11
4.281000e-01,-9.372911e-11
4.282000e-01,-1.535803e-10
4.283000e-01,-2.134315e-10
4.284000e-01,2.316315e-11
4.285000e-01,-3.668803e-11
4.286000e-01,-9.653921e-11
4.287000e-01,-1.563904e-10
4.288000e-01,8.020423e-11
4.289000e-01,2.035305e-11
4.290000e-01,-3.949813e-11
4.291000e-01,-9.934931e-11
4.292000e-01,-1.592005e-10
4.293000e-01,7.739413e-11
4.294000e-01,1.754295e-11
4.295000e-01,-4.230823e-11
4.296000e-01,-1.021594e-10
4.297000e-01,-1.620106e-10
4.298000e-01,7.458403e-11
4.299000e-01,1.473285e-11
4.300000e-01,-4.511833e-11
4.301000e-01,-1.049695e-10
4.302000e-01,1.316251e-10
4.303000e-01,7.177393e-11
4.304000e-01,1.192275e-11
4.305000e-01,-4.792843e-11
4.306000e-01,-1.077796e-10
4.307000e-01,1.288150e-10
4.308000e-01,6.896384e-11
4.309000e-01,9.112655e-12
4.310000e-01,-5.073853e-11
4.311000e-01,-1.105897e-10
4.312000e-01,1.260049e-10
4.313000e-01,6.615374e-11
4.314000e-01,6.302556e-12
4.315000e-01,-5.354862e-11
4.316000e-01,-1.133998e-10
4.317000e-01,1.231948e-10
4.318000e-01,6.334364e-11
4.319000e-01,3.492457e-12
4.320000e-01,-5.635872e-11
4.321000e-01,1.802359e-10
4.322000e-01,1.203847e-10
4.323000e-01,6.053354e-11
4.324000e-01,6.823589e-13
4.325000e-01,-5.916882e-11
4.326000e-01,1.774258e-10
4.327000e-01,1.175746e-10
4.328000e-01,5.772344e-11
4.329000e-01,-2.127740e-12
4.330000e-01,-6.197892e-11
4.331000e-01,1.746157e-10
4.332000e-01,1.147645e-10
4.333000e-01,5.491334e-11
4.334000e-01,-4.937838e-12
4.335000e-01,-6.478902e-11
4.336000e-01,1.718056e-10
4.337000e-01,1.119544e-10
4.338000e-01,5.210324e-11
4.339000e-01,-7.747937e-12
4.340000e-01,-6.759912e-11
4.341000e-01,1.689955e-10
4.342000e-01,1.091443e-10
4.343000e-01,4.929315e-11
4.344000e-01,-1.055804e-11
4.345000e-01,-7.040922e-11
4.346000e-01,1.661854e-10
4.347000e-01,1.063342e-10
4.348000e-01,4.648305e-11
4.349000e-01,-1.336813e-11
4.350000e-01,-7.321931e-11
4.351000e-01,1.633753e-10
4.352000e-01,1.035241e-10
4.353000e-01,4.367295e-11
4.354000e-01,-1.617823e-11
4.355000e-01,-7.602941e-11
4.356000e-01,1.605652e-10
4.357000e-01,1.007140e-10
4.358000e-01,4.086285e-11
4.359000e-01,-1.898833e-11
4.360000e-01,-7.883951e-11
4.361000e-01,1.577551e-10
4.362000e-01,9.790393e-11
4.363000e-01,3.805275e-11
4.364000e-01,-2.179843e-11
4.365000e-01,-8.164961e-11
4.366000e-01,1.549450e-10
4.367000e-01,9.509383e-11
4.368000e-01,3.524265e-11
4.369000e-01,-2.460853e-11
4.370000e-01,-8.445971e-11
4.371000e-01,1.521349e-10
4.372000e-01,9.228373e-11
4.373000e-01,3.243255e-11
4.374000e-01,-2.741863e-11
4.375000e-01,-8.726981e-11
4.376000e-01,1.493248e-10
4.377000e-01,8.947364e-11
4.378000e-01,2.962246e-11
4.379000e-01,-3.022873e-11
4.380000e-01,-9.007991e-11
4.381000e-01,1.465147e-10
4.382000e-01,8.666354e-11
4.383000e-01,2.681236e-11
4.384000e-01,-3.303882e-11
4.385000e-01,-9.289000e-11
4.386000e-01,1.437046e-10
4.387000e-01,8.385344e-11
4.388000e-01,2.400226e-11
4.389000e-01,-3.584892e-11
4.390000e-01,-9.570010e-11
4.391000e-01,1.408945e-10
4.392000e-01,8.104334e-11
4.393000e-01,2.119216e-11
4.394000e-01,-3.865902e-11
4.395000e-01,-9.851020e-11
4.396000e-01,1.380844e-10
4.397000e-01,7.823324e-11
4.398000e-01,1.838206e-11
4.399000e-01,-4.146912e-11
4.400000e-01,-1.013203e-10
4.401000e-01,1.352743e-10
4.402000e-01,7.542314e-11
4.403000e-01,1.557196e-11
4.404000e-01,-4.427922e-11
4.405000e-01,-1.041304e-10
4.406000e-01,1.324642e-10
4.407000e-01,7.261304e-11
4.408000e-01,1.276186e-11
4.409000e-01,-4.708932e-11
4.410000e-01,-1.069405e-10
4.411000e-01,1.296541e-10
4.412000e-01,6.980295e-11
4.413000e-01,9.951765e-12
4.414000e-01,-4.989942e-11
4.415000e-01,-1.097506e-10
4.416000e-01,1.268440e-10
4.417000e-01,6.699285e-11
4.418000e-01,7.141667e-12
4.419000e-01,-5.270951e-11
4.420000e-01,-1.125607e-10
4.421000e-01,1.240339e-10
4.422000e-01,6.418275e-11
4.423000e-01,4.331568e-12
4.424000e-01,-5.551961e-11
4.425000e-01,-1.153708e-10
4.426000e-01,1.212238e-10
4.427000e-01,6.137265e-11
4.428000e-01,1.521470e-12
4.429000e-01,-5.832971e-11
4.430000e-01,-1.181809e-10
4.431000e-01,-1.780321e-10
4.432000e-01,5.856255e-11
4.433000e-01,-1.288629e-12
4.434000e-01,-6.113981e-11
4.435000e-01,-1.209910e-10
4.436000e-01,-1.808422e-10
4.437000e-01,5.575245e-11
4.438000e-01,-4.098727e-12
4.439000e-01,-6.394991e-11
4.440000e-01,-1.238011e-10
4.441000e-01,-1.836523e-10
4.442000e-01,5.294235e-11
4.443000e-01,-6.908826e-12
4.444000e-01,-6.676001e-11
4.445000e-01,-1.266112e-10
4.446000e-01,-1.864624e-10
4.447000e-01,5.013226e-11
4.448000e-01,-9.718925e-12
4.449000e-01,-6.957010e-11
4.450000e-01,-1.294213e-10
4.451000e-01,-1.892725e-10
4.452000e-01,4.732216e-11
4.453000e-01,-1.252902e-11
4.454000e-01,-7.238020e-11
4.455000e-01,-1.322314e-10
4.456000e-01,-1.920826e-10
4.457000e-01,4.451206e-11
4.458000e-01,-1.533912e-11
4.459000e-01,-7.519030e-11
4.460000e-01,-1.350415e-10
4.461000e-01,-1.948927e-10
4.462000e-01,4.170196e-11
4.463000e-01,-1.814922e-11
4.464000e-01,-7.800040e-11
4.465000e-01,-1.378516e-10
4.466000e-01,-1.977028e-10
4.467000e-01,3.889186e-11
4.468000e-01,-2.095932e-11
4.469000e-01,-8.081050e-11
4.470000e-01,-1.406617e-10
4.471000e-01,-2.005129e-10
4.472000e-01,3.608176e-11
4.473000e-01,-2.376942e-11
4.474000e-01,-8.362060e-11
4.475000e-01,-1.434718e-10
4.476000e-01,-2.033230e-10
4.477000e-01,3.327166e-11
4.478000e-01,-2.657952e-11
4.479000e-01,-8.643070e-11
4.480000e-01,-1.462819e-10
4.481000e-01,-2.061331e-10
4.482000e-01,3.046157e-11
4.483000e-01,-2.938961e-11
4.484000e-01,-8.924079e-11
4.485000e-01,-1.490920e-10
4.486000e-01,-2.089432e-10
4.487000e-01,2.765147e-11
4.488000e-01,-3.219971e-11
4.489000e-01,-9.205089e-11
4.490000e-01,-1.519021e-10
4.491000e-01,-2.117533e-10
4.492000e-01,2.484137e-11
4.493000e-01,-3.500981e-11
4.494000e-01,-9.486099e-11
4.495000e-01,-1.547122e-10
4.496000e-01,-2.145634e-10
4.497000e-01,2.203127e-11
4.498000e-01,-3.781991e-11
4.499000e-01,-9.767109e-11
4.500000e-01,-1.575223e-10
4.501000e-01,-2.173735e-10
4.502000e-01,1.922117e-11
4.503000e-01,-4.063001e-11
4.504000e-01,-1.004812e-10
4.505000e-01,-1.603324e-10
4.506000e-01,-2.201835e-10
4.507000e-01,1.641107e-11
4.508000e-01,-4.344011e-11
4.509000e-01,-1.032913e-10
4.510000e-01,-1.631425e-10
4.511000e-01,-2.229936e-10
4.512000e-01,1.360097e-11
4.513000e-01,-4.625021e-11
4.514000e-01,-1.061014e-10
4.515000e-01,-1.659526e-10
4.516000e-01,-2.258037e-10
4.517000e-01,1.079088e-11
4.518000e-01,-4.906030e-11
4.519000e-01,-1.089115e-10
4.520000e-01,-1.687627e-10
4.521000e-01,-2.286138e-10
4.522000e-01,7.980778e-12
4.523000e-01,-5.187040e-11
4.524000e-01,-1.117216e-10
4.525000e-01,-1.715728e-10
4.526000e-01,-2.314239e-10
4.527000e-01,5.170679e-12
4.528000e-01,-5.468050e-11
4.529000e-01,-1.145317e-10
4.530000e-01,-1.743829e-10
4.531000e-01,-2.342340e-10
4.532000e-01,2.360580e-12
4.533000e-01,-5.749060e-11
4.534000e-01,-1.173418e-10
4.535000e-01,-1.771930e-10
4.536000e-01,-2.370441e-10
4.537000e-01,-4.495181e-13
4.538000e-01,-6.030070e-11
4.539000e-01,-1.201519e-10
4.540000e-01,-1.800031e-10
4.541000e-01,-2.398542e-10
4.542000e-01,-3.259617e-12
4.543000e-01,-6.311080e-11
4.544000e-01,-1.229620e-10
4.545000e-01,-1.828132e-10
4.546000e-01,-2.426643e-10
4.547000e-01,-6.069715e-12
4.548000e-01,-6.592090e-11
4.549000e-01,-1.257721e-10
4.550000e-01,-1.856233e-10
4.551000e-01,-2.454744e-10
4.552000e-01,-8.879814e-12
4.553000e-01,-6.873099e-11
4.554000e-01,-1.285822e-10
4.555000e-01,-1.884334e-10
4.556000e-01,-2.482845e-10
4.557000e-01,-1.168991e-11
4.558000e-01,-7.154109e-11
4.559000e-01,-1.313923e-10
4.560000e-01,-1.912435e-10
4.561000e-01,-2.510946e-10
4.562000e-01,-1.450001e-11
4.563000e-01,-7.435119e-11
4.564000e-01,-1.342024e-10
4.565000e-01,-1.940536e-10
4.566000e-01,-2.539047e-10
4.567000e-01,-1.731011e-11
4.568000e-01,-7.716129e-11
4.569000e-01,-1.370125e-10
4.570000e-01,-1.968637e-10
4.571000e-01,3.973097e-11
4.572000e-01,-2.012021e-11
4.573000e-01,-7.997139e-11
4.574000e-01,-1.398226e-10
4.575000e-01,-1.996737e-10
4.576000e-01,3.692087e-11
4.577000e-01,-2.293031e-11
4.578000e-01,-8.278149e-11
4.579000e-01,-1.426327e-10
4.580000e-01,-2.024838e-10
4.581000e-01,3.411078e-11
4.582000e-01,-2.574041e-11
4.583000e-01,-8.559159e-11
4.584000e-01,-1.454428e-10
4.585000e-01,9.115186e-11
4.586000e-01,3.130068e-11
4.587000e-01,-2.855050e-11
4.588000e-01,-8.840168e-11
4.589000e-01,-1.482529e-10
4.590000e-01,8.834176e-11
4.591000e-01,2.849058e-11
4.592000e-01,-3.136060e-11
4.593000e-01,-9.121178e-11
4.594000e-01,-1.510630e-10
4.595000e-01,8.553166e-11
4.596000e-01,2.568048e-11
4.597000e-01,-3.417070e-11
4.598000e-01,-9.402188e-11
4.599000e-01,-1.538731e-10
4.600000e-01,8.272156e-11
4.601000e-01,2.287038e-11
4.602000e-01,-3.698080e-11
4.603000e-01,-9.683198e-11
4.604000e-01,1.397626e-10
4.605000e-01,7.991146e-11
4.606000e-01,2.006028e-11
4.607000e-01,-3.979090e-11
4.608000e-01,-9.964208e-11
4.609000e-01,1.369525e-10
4.610000e-01,7.710136e-11
4.611000e-01,1.725018e-11
4.612000e-01,-4.260100e-11
4.613000e-01,-1.024522e-10
4.614000e-01,1.341424e-10
4.615000e-01,7.429127e-11
4.616000e-01,1.444009e-11
4.617000e-01,-4.541109e-11
4.618000e-01,1.911835e-10
4.619000e-01,1.313323e-10
4.620000e-01,7.148117e-11
4.621000e-01,1.162999e-11
4.622000e-01,-4.822119e-11
4.623000e-01,1.883734e-10
4.624000e-01,1.285222e-10
4.625000e-01,6.867107e-11
4.626000e-01,8.819888e-12
4.627000e-01,-5.103129e-11
4.628000e-01,1.855633e-10
4.629000e-01,1.257122e-10
4.630000e-01,6.586097e-11
4.631000e-01,6.009790e-12
4.632000e-01,-5.384139e-11
4.633000e-01,1.827532e-10
4.634000e-01,1.229021e-10
4.635000e-01,6.305087e-11
4.636000e-01,3.199691e-12
4.637000e-01,-5.665149e-11
4.638000e-01,1.799431e-10
4.639000e-01,1.200920e-10
4.640000e-01,6.024077e-11
4.641000e-01,3.895927e-13
4.642000e-01,-5.946159e-11
4.643000e-01,1.771330e-10
4.644000e-01,1.172819e-10
4.645000e-01,5.743067e-11
4.646000e-01,-2.420506e-12
4.647000e-01,-6.227169e-11
4.648000e-01,1.743229e-10
4.649000e-01,1.144718e-10
4.650000e-01,5.462058e-11
4.651000e-01,-5.230604e-12
4.652000e-01,-6.508178e-11
4.653000e-01,1.715128e-10
4.654000e-01,1.116617e-10
4.655000e-01,5.181048e-11
4.656000e-01,-8.040703e-12
4.657000e-01,-6.789188e-11
4.658000e-01,1.687027e-10
4.659000e-01,1.088516e-10
4.660000e-01,4.900038e-11
4.661000e-01,-1.085080e-11
4.662000e-01,-7.070198e-11
4.663000e-01,1.658926e-10
4.664000e-01,1.060415e-10
4.665000e-01,4.619028e-11
4.666000e-01,-1.366090e-11
4.667000e-01,-7.351208e-11
4.668000e-01,1.630825e-10
4.669000e-01,1.032314e-10
4.670000e-01,4.338018e-11
4.671000e-01,-1.647100e-11
4.672000e-01,-7.632218e-11
4.673000e-01,1.602724e-10
4.674000e-01,1.004213e-10
4.675000e-01,4.057008e-11
4.676000e-01,-1.928110e-11
4.677000e-01,-7.913228e-11
4.678000e-01,1.574623e-10
4.679000e-01,9.761117e-11
4.680000e-01,3.775998e-11
4.681000e-01,-2.209120e-11
4.682000e-01,-8.194238e-11
4.683000e-01,1.546522e-10
4.684000e-01,9.480107e-11
4.685000e-01,3.494989e-11
4.686000e-01,-2.490129e-11
4.687000e-01,-8.475247e-11
4.688000e-01,1.518421e-10
4.689000e-01,9.199097e-11
4.690000e-01,3.213979e-11
4.691000e-01,-2.771139e-11
4.692000e-01,-8.756257e-11
4.693000e-01,-1.474138e-10
4.694000e-01,8.918087e-11
4.695000e-01,2.932969e-11
4.696000e-01,-3.052149e-11
4.697000e-01,-9.037267e-11
4.698000e-01,-1.502239e-10
4.699000e-01,8.637077e-11
4.700000e-01,2.651959e-11
4.701000e-01,-3.333159e-11
4.702000e-01,-9.318277e-11
4.703000e-01,-1.530340e-10
4.704000e-01,8.356067e-11
4.705000e-01,2.370949e-11
4.706000e-01,-3.614169e-11
4.707000e-01,-9.599287e-11
4.708000e-01,-1.558440e-10
4.709000e-01,8.075057e-11
4.710000e-01,2.089939e-11
4.711000e-01,-3.895179e-11
4.712000e-01,-9.880297e-11
4.713000e-01,-1.586541e-10
4.714000e-01,7.794048e-11
4.715000e-01,1.808929e-11
4.716000e-01,-4.176189e-11
4.717000e-01,-1.016131e-10
4.718000e-01,-1.614642e-10
4.719000e-01,7.513038e-11
4.720000e-01,1.527920e-11
4.721000e-01,-4.457198e-11
4.722000e-01,-1.044232e-10
4.723000e-01,-1.642743e-10
4.724000e-01,7.232028e-11
4.725000e-01,1.246910e-11
4.726000e-01,-4.738208e-11
4.727000e-01,-1.072333e-10
4.728000e-01,-1.670844e-10
4.729000e-01,6.951018e-11
4.730000e-01,9.658999e-12
4.731000e-01,-5.019218e-11
4.732000e-01,-1.100434e-10
4.733000e-01,-1.698945e-10
4.734000e-01,6.670008e-11
4.735000e-01,6.848901e-12
4.736000e-01,-5.300228e-11
4.737000e-01,-1.128535e-10
4.738000e-01,-1.727046e-10
4.739000e-01,6.388998e-11
4.740000e-01,4.038802e-12
4.741000e-01,-5.581238e-11
4.742000e-01,-1.156636e-10
4.743000e-01,-1.755147e-10
4.744000e-01,6.107988e-11
4.745000e-01,1.228703e-12
4.746000e-01,-5.862248e-11
4.747000e-01,-1.184737e-10
4.748000e-01,-1.783248e-10
4.749000e-01,5.826979e-11
4.750000e-01,-1.581395e-12
4.751000e-01,-6.143258e-11
4.752000e-01,-1.212838e-10
4.753000e-01,-1.811349e-10
4.754000e-01,5.545969e-11
4.755000e-01,-4.391494e-12
4.756000e-01,-6.424267e-11
4.757000e-01,-1.240939e-10
4.758000e-01,-1.839450e-10
4.759000e-01,5.264959e-11
4.760000e-01,-7.201592e-12
4.761000e-01,-6.705277e-11
4.762000e-01,-1.269040e-10
4.763000e-01,-1.867551e-10
4.764000e-01,4.983949e-11
4.765000e-01,-1.001169e-11
4.766000e-01,-6.986287e-11
4.767000e-01,-1.297141e-10
4.768000e-01,-1.895652e-10
4.769000e-01,4.702939e-11
4.770000e-01,-1.282179e-11
4.771000e-01,-7.267297e-11
4.772000e-01,-1.325242e-10
4.773000e-01,-1.923753e-10
4.774000e-01,4.421929e-11
4.775000e-01,-1.563189e-11
4.776000e-01,-7.548307e-11
4.777000e-01,-1.353342e-10
4.778000e-01,-1.951854e-10
4.779000e-01,4.140919e-11
4.780000e-01,-1.844199e-11
4.781000e-01,-7.829317e-11
4.782000e-01,-1.381443e-10
4.783000e-01,-1.979955e-10
4.784000e-01,3.859910e-11
4.785000e-01,-2.125208e-11
4.786000e-01,-8.110327e-11
4.787000e-01,-1.409544e-10
4.788000e-01,-2.008056e-10
4.789000e-01,3.578900e-11
4.790000e-01,-2.406218e-11
4.791000e-01,-8.391336e-11
4.792000e-01,-1.437645e-10
4.793000e-01,-2.036157e-10
4.794000e-01,3.297890e-11
4.795000e-01,-2.687228e-11
4.796000e-01,-8.672346e-11
4.797000e-01,-1.465746e-10
4.798000e-01,-2.064258e-10
4.799000e-01,3.016880e-11
4.800000e-01,-2.968238e-11
4.801000e-01,-8.953356e-11
4.802000e-01,-1.493847e-10
4.803000e-01,-2.092359e-10
4.804000e-01,2.735870e-11
4.805000e-01,-3.249248e-11
4.806000e-01,-9.234366e-11
4.807000e-01,-1.521948e-10
4.808000e-01,-2.120460e-10
4.809000e-01,2.454860e-11
4.810000e-01,-3.530258e-11
4.811000e-01,-9.515376e-11
4.812000e-01,-1.550049e-10
4.813000e-01,-2.148561e-10
4.814000e-01,2.173850e-11
4.815000e-01,-3.811268e-11
4.816000e-01,-9.796386e-11
4.817000e-01,-1.578150e-10
4.818000e-01,-2.176662e-10
4.819000e-01,1.892841e-11
4.820000e-01,-4.092277e-11
4.821000e-01,-1.007740e-10
4.822000e-01,-1.606251e-10
4.823000e-01,-2.204763e-10
4.824000e-01,-2.803275e-10
4.825000e-01,-4.373287e-11
4.826000e-01,-1.035841e-10
4.827000e-01,-1.634352e-10
4.828000e-01,-2.232864e-10
4.829000e-01,-2.831376e-10
4.830000e-01,-4.654297e-11
4.831000e-01,-1.063942e-10
4.832000e-01,-1.662453e-10
4.833000e-01,-2.260965e-10
4.834000e-01,-2.859477e-10
4.835000e-01,-4.935307e-11
4.836000e-01,-1.092043e-10
4.837000e-01,-1.690554e-10
4.838000e-01,-2.289066e-10
4.839000e-01,-2.887578e-10
4.840000e-01,-5.216317e-11
4.841000e-01,-1.120143e-10
4.842000e-01,-1.718655e-10
4.843000e-01,-2.317167e-10
4.844000e-01,-2.915679e-10
4.845000e-01,-5.497327e-11
4.846000e-01,-1.148244e-10
4.847000e-01,-1.746756e-10
4.848000e-01,-2.345268e-10
4.849000e-01,-2.943780e-10
4.850000e-01,-5.778337e-11
4.851000e-01,-1.176345e-10
4.852000e-01,-1.774857e-10
4.853000e-01,-2.373369e-10
4.854000e-01,-7.422843e-13
4.855000e-01,-6.059346e-11
4.856000e-01,-1.204446e-10
4.857000e-01,-1.802958e-10
4.858000e-01,-2.401470e-10
4.859000e-01,-3.552383e-12
4.860000e-01,-6.340356e-11
4.861000e-01,-1.232547e-10
4.862000e-01,-1.831059e-10
4.863000e-01,-2.429571e-10
4.864000e-01,-6.362481e-12
4.865000e-01,-6.621366e-11
4.866000e-01,-1.260648e-10
4.867000e-01,-1.859160e-10
4.868000e-01,5.067860e-11
4.869000e-01,-9.172580e-12
4.870000e-01,-6.902376e-11
4.871000e-01,-1.288749e-10
4.872000e-01,-1.887261e-10
4.873000e-01,4.786850e-11
4.874000e-01,-1.198268e-11
4.875000e-01,-7.183386e-11
4.876000e-01,-1.316850e-10
4.877000e-01,-1.915362e-10
4.878000e-01,4.505840e-11
4.879000e-01,-1.479278e-11
4.880000e-01,-7.464396e-11
4.881000e-01,-1.344951e-10
4.882000e-01,-1.943463e-10
4.883000e-01,4.224830e-11
4.884000e-01,-1.760288e-11
4.885000e-01,-7.745406e-11
4.886000e-01,-1.373052e-10
4.887000e-01,9.928939e-11
4.888000e-01,3.943821e-11
4.889000e-01,-2.041297e-11
4.890000e-01,-8.026415e-11
4.891000e-01,-1.401153e-10
4.892000e-01,9.647929e-11
4.893000e-01,3.662811e-11
4.894000e-01,-2.322307e-11
4.895000e-01,-8.307425e-11
4.896000e-01,-1.429254e-10
4.897000e-01,9.366919e-11
4.898000e-01,3.381801e-11
4.899000e-01,-2.603317e-11
4.900000e-01,-8.588435e-11
4.901000e-01,1.507103e-10
4.902000e-01,9.085909e-11
4.903000e-01,3.100791e-11
4.904000e-01,-2.884327e-11
4.905000e-01,-8.869445e-11
4.906000e-01,1.479002e-10
4.907000e-01,8.804899e-11
4.908000e-01,2.819781e-11
4.909000e-01,-3.165337e-11
4.910000e-01,-9.150455e-11
4.911000e-01,1.450901e-10
4.912000e-01,8.523889e-11
4.913000e-01,2.538771e-11
4.914000e-01,-3.446347e-11
4.915000e-01,-9.431465e-11
4.916000e-01,1.422800e-10
4.917000e-01,8.242880e-11
4.918000e-01,2.257761e-11
4.919000e-01,-3.727357e-11
4.920000e-01,1.993211e-10
4.921000e-01,1.394699e-10
4.922000e-01,7.961870e-11
4.923000e-01,1.976752e-11
4.924000e-01,-4.008366e-11
4.925000e-01,1.965110e-10
4.926000e-01,1.366598e-10
4.927000e-01,7.680860e-11
4.928000e-01,1.695742e-11
4.929000e-01,-4.289376e-11
4.930000e-01,1.937009e-10
4.931000e-01,1.338497e-10
4.932000e-01,7.399850e-11
4.933000e-01,1.414732e-11
4.934000e-01,-4.570386e-11
4.935000e-01,1.908908e-10
4.936000e-01,1.310396e-10
4.937000e-01,7.118840e-11
4.938000e-01,1.133722e-11
4.939000e-01,-4.851396e-11
4.940000e-01,1.880807e-10
4.941000e-01,1.282295e-10
4.942000e-01,6.837830e-11
4.943000e-01,8.527122e-12
4.944000e-01,-5.132406e-11
4.945000e-01,1.852706e-10
4.946000e-01,1.254194e-10
4.947000e-01,6.556820e-11
4.948000e-01,5.717024e-12
4.949000e-01,-5.413416e-11
4.950000e-01,1.824605e-10
4.951000e-01,1.226093e-10
4.952000e-01,6.275811e-11
4.953000e-01,2.906925e-12
4.954000e-01,-5.694426e-11
4.955000e-01,-1.167954e-10
4.956000e-01,1.197992e-10
4.957000e-01,5.994801e-11
4.958000e-01,9.682643e-14
4.959000e-01,-5.975435e-11
4.960000e-01,-1.196055e-10
4.961000e-01,1.169891e-10
4.962000e-01,5.713791e-11
4.963000e-01,-2.713272e-12
4.964000e-01,-6.256445e-11
4.965000e-01,-1.224156e-10
4.966000e-01,1.141790e-10
4.967000e-01,5.432781e-11
4.968000e-01,-5.523371e-12
4.969000e-01,-6.537455e-11
4.970000e-01,-1.252257e-10
4.971000e-01,1.113689e-10
4.972000e-01,5.151771e-11
4.973000e-01,-8.333469e-12
4.974000e-01,-6.818465e-11
4.975000e-01,-1.280358e-10
4.976000e-01,1.085588e-10
4.977000e-01,4.870761e-11
4.978000e-01,-1.114357e-11
4.979000e-01,-7.099475e-11
4.980000e-01,-1.308459e-10
4.981000e-01,1.057487e-10
4.982000e-01,4.589751e-11
4.983000e-01,-1.395367e-11
4.984000e-01,-7.380485e-11
4.985000e-01,-1.336560e-10
4.986000e-01,1.029386e-10
4.987000e-01,4.308742e-11
4.988000e-01,-1.676376e-11
4.989000e-01,-7.661495e-11
4.990000e-01,-1.364661e-10
4.991000e-01,1.001285e-10
4.992000e-01,4.027732e-11
4.993000e-01,-1.957386e-11
4.994000e-01,-7.942504e-11
4.995000e-01,-1.392762e-10
4.996000e-01,9.731840e-11
4.997000e-01,3.746722e-11
4.998000e-01,-2.238396e-11
4.999000e-01,-8.223514e-11
5.000000e-01,-1.420863e-10
5.001000e-01,-2.019375e-10
5.002000e-01,-2.617887e-10
5.003000e-01,2.712517e-10
5.004000e-01,2.114006e-10
5.005000e-01,1.515494e-10
5.006000e-01,9.169820e-11
5.007000e-01,3.184702e-11
5.008000e-01,-2.800416e-11
5.009000e-01,-8.785534e-11
5.010000e-01,-1.477065e-10
5.011000e-01,-2.075577e-10
5.012000e-01,-2.674089e-10
5.013000e-01,2.656315e-10
5.014000e-01,2.057804e-10
5.015000e-01,1.459292e-10
5.016000e-01,8.607800e-11
5.017000e-01,2.622682e-11
5.018000e-01,-3.362436e-11
5.019000e-01,-9.347554e-11
5.020000e-01,-1.533267e-10
5.021000e-01,-2.131779e-10
5.022000e-01,-2.730291e-10
5.023000e-01,-3.328803e-10
5.024000e-01,2.001602e-10
5.025000e-01,1.403090e-10
5.026000e-01,8.045781e-11
5.027000e-01,2.060663e-11
5.028000e-01,-3.924455e-11
5.029000e-01,-9.909573e-11
5.030000e-01,-1.589469e-10
5.031000e-01,-2.187981e-10
5.032000e-01,-2.786493e-10
5.033000e-01,-3.385005e-10
5.034000e-01,1.945400e-10
5.035000e-01,1.346888e-10
5.036000e-01,7.483761e-11
5.037000e-01,1.498643e-11
5.038000e-01,-4.486475e-11
5.039000e-01,-1.047159e-10
5.040000e-01,-1.645671e-10
5.041000e-01,-2.244183e-10
5.042000e-01,-2.842695e-10
5.043000e-01,-3.441207e-10
5.044000e-01,1.889198e-10
5.045000e-01,1.290686e-10
5.046000e-01,6.921741e-11
5.047000e-01,9.366233e-12
5.048000e-01,-5.048495e-11
5.049000e-01,-1.103361e-10
5.050000e-01,-1.701873e-10
5.051000e-01,-2.300385e-10
5.052000e-01,-2.898897e-10
5.053000e-01,-3.497408e-10
5.054000e-01,1.832996e-10
5.055000e-01,1.234484e-10
5.056000e-01,6.359722e-11
5.057000e-01,3.746036e-12
5.058000e-01,-5.610514e-11
5.059000e-01,-1.159563e-10
5.060000e-01,-1.758075e-10
5.061000e-01,-2.356587e-10
5.062000e-01,-2.955099e-10
5.063000e-01,-3.553610e-10
5.064000e-01,1.776794e-10
5.065000e-01,1.178282e-10
5.066000e-01,5.797702e-11
5.067000e-01,-1.874161e-12
5.068000e-01,-6.172534e-11
5.069000e-01,-1.215765e-10
5.070000e-01,-1.814277e-10
5.071000e-01,-2.412789e-10
5.072000e-01,-3.011301e-10
5.073000e-01,-3.609812e-10
5.074000e-01,1.720592e-10
5.075000e-01,1.122080e-10
5.076000e-01,5.235682e-11
5.077000e-01,-7.494358e-12
5.078000e-01,-6.734554e-11
5.079000e-01,-1.271967e-10
5.080000e-01,-1.870479e-10
5.081000e-01,-2.468991e-10
5.082000e-01,-3.067503e-10
5.083000e-01,-3.666014e-10
5.084000e-01,1.664390e-10
5.085000e-01,1.065878e-10
5.086000e-01,4.673662e-11
5.087000e-01,-1.311456e-11
5.088000e-01,-7.296574e-11
5.089000e-01,-1.328169e-10
5.090000e-01,-1.926681e-10
5.091000e-01,-2.525193e-10
5.092000e-01,-3.123705e-10
5.093000e-01,-3.722216e-10
5.094000e-01,1.608188e-10
5.095000e-01,1.009676e-10
5.096000e-01,4.111643e-11
5.097000e-01,-1.873475e-11
5.098000e-01,-7.858593e-11
5.099000e-01,-1.384371e-10
5.100000e-01,-1.982883e-10
5.101000e-01,-2.581395e-10
5.102000e-01,-3.179907e-10
5.103000e-01,-3.778418e-10
5.104000e-01,1.551986e-10
5.105000e-01,9.534741e-11
5.106000e-01,3.549623e-11
5.107000e-01,-2.435495e-11
5.108000e-01,-8.420613e-11
5.109000e-01,-1.440573e-10
5.110000e-01,-2.039085e-10
5.111000e-01,-2.637597e-10
5.112000e-01,-3.236109e-10
5.113000e-01,-3.834620e-10
5.114000e-01,1.495784e-10
5.115000e-01,8.972721e-11
5.116000e-01,2.987603e-11
5.117000e-01,-2.997515e-11
5.118000e-01,-8.982633e-11
5.119000e-01,-1.496775e-10
5.120000e-01,-2.095287e-10
5.121000e-01,-2.693799e-10
5.122000e-01,-3.292310e-10
5.123000e-01,-9.263643e-11
5.124000e-01,1.439582e-10
5.125000e-01,8.410702e-11
5.126000e-01,2.425584e-11
5.127000e-01,-3.559534e-11
5.128000e-01,-9.544652e-11
5.129000e-01,-1.552977e-10
5.130000e-01,-2.151489e-10
5.131000e-01,-2.750001e-10
5.132000e-01,-3.348512e-10
5.133000e-01,-9.825662e-11
5.134000e-01,1.383380e-10
5.135000e-01,7.848682e-11
5.136000e-01,1.863564e-11
5.137000e-01,-4.121554e-11
5.138000e-01,-1.010667e-10
5.139000e-01,-1.609179e-10
5.140000e-01,-2.207691e-10
5.141000e-01,-2.806203e-10
5.142000e-01,-4.402564e-11
5.143000e-01,-1.038768e-10
5.144000e-01,1.327178e-10
5.145000e-01,7.286662e-11
5.146000e-01,1.301544e-11
5.147000e-01,-4.683574e-11
5.148000e-01,-1.066869e-10
5.149000e-01,-1.665381e-10
5.150000e-01,-2.263893e-10
5.151000e-01,1.020534e-11
5.152000e-01,-4.964584e-11
5.153000e-01,-1.094970e-10
5.154000e-01,-1.693482e-10
5.155000e-01,6.724643e-11
5.156000e-01,7.395245e-12
5.157000e-01,-5.245594e-11
5.158000e-01,-1.123071e-10
5.159000e-01,-1.721583e-10
5.160000e-01,-2.320095e-10
5.161000e-01,4.585147e-12
5.162000e-01,-5.526603e-11
5.163000e-01,-1.151172e-10
5.164000e-01,-1.749684e-10
5.165000e-01,6.162623e-11
5.166000e-01,1.775048e-12
5.167000e-01,-5.807613e-11
5.168000e-01,-1.179273e-10
5.169000e-01,-1.777785e-10
5.170000e-01,5.881613e-11
5.171000e-01,-1.035051e-12
5.172000e-01,-6.088623e-11
5.173000e-01,-1.207374e-10
5.174000e-01,-1.805886e-10
5.175000e-01,5.600603e-11
5.176000e-01,-3.845149e-12
5.177000e-01,-6.369633e-11
5.178000e-01,-1.235475e-10
5.179000e-01,-1.833987e-10
5.180000e-01,5.319593e-11
5.181000e-01,-6.655248e-12
5.182000e-01,-6.650643e-11
5.183000e-01,-1.263576e-10
5.184000e-01,-1.862088e-10
5.185000e-01,5.038583e-11
5.186000e-01,-9.465346e-12
5.187000e-01,-6.931653e-11
5.188000e-01,-1.291677e-10
5.189000e-01,1.074269e-10
5.190000e-01,4.757574e-11
5.191000e-01,-1.227544e-11
5.192000e-01,-7.212663e-11
5.193000e-01,-1.319778e-10
5.194000e-01,-1.918290e-10
5.195000e-01,4.476564e-11
5.196000e-01,-1.508554e-11
5.197000e-01,-7.493672e-11
5.198000e-01,-1.347879e-10
5.199000e-01,1.018067e-10
5.200000e-01,4.195554e-11
5.201000e-01,-1.789564e-11
5.202000e-01,-7.774682e-11
5.203000e-01,-1.375980e-10
5.204000e-01,-1.974492e-10
5.205000e-01,3.914544e-11
5.206000e-01,-2.070574e-11
5.207000e-01,-8.055692e-11
5.208000e-01,1.560377e-10
5.209000e-01,9.618652e-11
5.210000e-01,3.633534e-11
5.211000e-01,-2.351584e-11
5.212000e-01,-8.336702e-11
5.213000e-01,-1.432182e-10
5.214000e-01,-2.030694e-10
5.215000e-01,3.352524e-11
5.216000e-01,-2.632594e-11
5.217000e-01,2.102687e-10
5.218000e-01,1.504175e-10
5.219000e-01,9.056632e-11
5.220000e-01,3.071514e-11
5.221000e-01,-2.913604e-11
5.222000e-01,-8.898722e-11
5.223000e-01,-1.488384e-10
5.224000e-01,-2.086896e-10
5.225000e-01,2.790505e-11
5.226000e-01,-3.194613e-11
5.227000e-01,2.046485e-10
5.228000e-01,1.447973e-10
5.229000e-01,8.494613e-11
5.230000e-01,2.509495e-11
5.231000e-01,-3.475623e-11
5.232000e-01,-9.460741e-11
5.233000e-01,-1.544586e-10
5.234000e-01,-2.143098e-10
5.235000e-01,2.228485e-11
5.236000e-01,2.588795e-10
5.237000e-01,1.990283e-10
5.238000e-01,1.391771e-10
5.239000e-01,7.932593e-11
5.240000e-01,1.947475e-11
5.241000e-01,-4.037643e-11
5.242000e-01,-1.002276e-10
5.243000e-01,-1.600788e-10
5.244000e-01,-2.199300e-10
5.245000e-01,1.666465e-11
5.246000e-01,2.532593e-10
5.247000e-01,1.934081e-10
5.248000e-01,1.335569e-10
5.249000e-01,7.370573e-11
5.250000e-01,1.385455e-11
5.251000e-01,-4.599663e-11
5.252000e-01,-1.058478e-10
5.253000e-01,-1.656990e-10
5.254000e-01,-2.255502e-10
5.255000e-01,3.074903e-10
5.256000e-01,2.476391e-10
5.257000e-01,1.877879e-10
5.258000e-01,1.279367e-10
5.259000e-01,6.808554e-11
5.260000e-01,8.234356e-12
5.261000e-01,-5.161682e-11
5.262000e-01,-1.114680e-10
5.263000e-01,-1.713192e-10
5.264000e-01,-2.311704e-10
5.265000e-01,3.018701e-10
5.266000e-01,2.420189e-10
5.267000e-01,1.821677e-10
5.268000e-01,1.223165e-10
5.269000e-01,6.246534e-11
5.270000e-01,2.614159e-12
5.271000e-01,-5.723702e-11
5.272000e-01,-1.170882e-10
5.273000e-01,-1.769394e-10
5.274000e-01,-2.367906e-10
5.275000e-01,2.962499e-10
5.276000e-01,2.363987e-10
5.277000e-01,1.765475e-10
5.278000e-01,1.166963e-10
5.279000e-01,5.684514e-11
5.280000e-01,-3.006038e-12
5.281000e-01,-6.285722e-11
5.282000e-01,-1.227084e-10
5.283000e-01,-1.825596e-10
5.284000e-01,-2.424108e-10
5.285000e-01,2.906297e-10
5.286000e-01,2.307785e-10
5.287000e-01,1.709273e-10
5.288000e-01,1.110761e-10
5.289000e-01,5.122494e-11
5.290000e-01,-8.626235e-12
5.291000e-01,-6.847742e-11
5.292000e-01,-1.283286e-10
5.293000e-01,-1.881798e-10
5.294000e-01,-2.480310e-10
5.295000e-01,-3.078821e-10
5.296000e-01,2.251583e-10
5.297000e-01,1.653071e-10
5.298000e-01,1.054559e-10
5.299000e-01,4.560475e-11
5.300000e-01,-1.424643e-11
5.301000e-01,-7.409761e-11
5.302000e-01,-1.339488e-10
5.303000e-01,-1.938000e-10
5.304000e-01,-2.536512e-10
5.305000e-01,-3.135023e-10
5.306000e-01,2.195381e-10
5.307000e-01,1.596869e-10
5.308000e-01,9.983573e-11
5.309000e-01,3.998455e-11
5.310000e-01,-1.986663e-11
5.311000e-01,-7.971781e-11
5.312000e-01,-1.395690e-10
5.313000e-01,-1.994202e-10
5.314000e-01,-2.592714e-10
5.315000e-01,-3.191225e-10
5.316000e-01,2.139179e-10
5.317000e-01,1.540667e-10
5.318000e-01,9.421553e-11
5.319000e-01,3.436435e-11
5.320000e-01,-2.548683e-11
5.321000e-01,-8.533801e-11
5.322000e-01,-1.451892e-10
5.323000e-01,-2.050404e-10
5.324000e-01,-2.648915e-10
5.325000e-01,-3.247427e-10
5.326000e-01,2.082977e-10
5.327000e-01,1.484465e-10
5.328000e-01,8.859534e-11
5.329000e-01,2.874416e-11
5.330000e-01,-3.110702e-11
5.331000e-01,-9.095820e-11
5.332000e-01,-1.508094e-10
5.333000e-01,-2.106606e-10
5.334000e-01,-2.705117e-10
5.335000e-01,-3.303629e-10
5.336000e-01,2.026775e-10
5.337000e-01,1.428263e-10
5.338000e-01,8.297514e-11
5.339000e-01,2.312396e-11
5.340000e-01,-3.672722e-11
5.341000e-01,-9.657840e-11
5.342000e-01,-1.564296e-10
5.343000e-01,-2.162808e-10
5.344000e-01,-2.761319e-10
5.345000e-01,-3.359831e-10
5.346000e-01,1.970573e-10
5.347000e-01,1.372061e-10
5.348000e-01,7.735494e-11
5.349000e-01,1.750376e-11
5.350000e-01,-4.234742e-11
5.351000e-01,-1.021986e-10
5.352000e-01,-1.620498e-10
5.353000e-01,-2.219010e-10
5.354000e-01,-2.817521e-10
5.355000e-01,-3.416033e-10
5.356000e-01,1.914371e-10
5.357000e-01,1.315859e-10
5.358000e-01,7.173475e-11
5.359000e-01,1.188357e-11
5.360000e-01,-4.796762e-11
5.361000e-01,-1.078188e-10
5.362000e-01,-1.676700e-10
5.363000e-01,-2.275212e-10
5.364000e-01,-2.873723e-10
5.365000e-01,-3.472235e-10
5.366000e-01,1.858169e-10
5.367000e-01,1.259657e-10
5.368000e-01,6.611455e-11
5.369000e-01,6.263368e-12
5.370000e-01,-5.358781e-11
5.371000e-01,-1.134390e-10
5.372000e-01,-1.732902e-10
5.373000e-01,-2.331414e-10
5.374000e-01,-2.929925e-10
5.375000e-01,-3.528437e-10
5.376000e-01,1.801967e-10
5.377000e-01,1.203455e-10
5.378000e-01,6.049435e-11
5.379000e-01,6.431710e-13
5.380000e-01,-5.920801e-11
5.381000e-01,-1.190592e-10
5.382000e-01,-1.789104e-10
5.383000e-01,-2.387616e-10
5.384000e-01,-2.986127e-10
5.385000e-01,-3.584639e-10
5.386000e-01,1.745765e-10
5.387000e-01,1.147253e-10
5.388000e-01,5.487415e-11
5.389000e-01,-4.977026e-12
5.390000e-01,-6.482821e-11
5.391000e-01,-1.246794e-10
5.392000e-01,-1.845306e-10
5.393000e-01,-2.443817e-10
5.394000e-01,-3.042329e-10
5.395000e-01,-3.640841e-10
5.396000e-01,1.689563e-10
5.397000e-01,1.091051e-10
5.398000e-01,4.925396e-11
5.399000e-01,-1.059722e-11
5.400000e-01,-7.044840e-11
5.401000e-01,-1.302996e-10
5.402000e-01,-1.901508e-10
5.403000e-01,-2.500019e-10
5.404000e-01,-3.098531e-10
5.405000e-01,-3.697043e-10
5.406000e-01,1.633361e-10
5.407000e-01,1.034849e-10
5.408000e-01,4.363376e-11
5.409000e-01,-1.621742e-11
5.410000e-01,-7.606860e-11
5.411000e-01,-1.359198e-10
5.412000e-01,-1.957710e-10
5.413000e-01,-2.556221e-10
5.414000e-01,-3.154733e-10
5.415000e-01,-3.753245e-10
5.416000e-01,1.577159e-10
5.417000e-01,9.786474e-11
5.418000e-01,3.801356e-11
5.419000e-01,-2.183762e-11
5.420000e-01,-8.168880e-11
5.421000e-01,-1.415400e-10
5.422000e-01,-2.013912e-10
5.423000e-01,-2.612423e-10
5.424000e-01,-3.210935e-10
5.425000e-01,-8.449890e-11
5.426000e-01,-1.443501e-10
5.427000e-01,9.224455e-11
5.428000e-01,3.239337e-11
5.429000e-01,-2.745781e-11
5.430000e-01,-8.730900e-11
5.431000e-01,-1.471602e-10
5.432000e-01,-2.070114e-10
5.433000e-01,-2.668625e-10
5.434000e-01,-3.026791e-11
5.435000e-01,-9.011909e-11
5.436000e-01,-1.499703e-10
5.437000e-01,8.662435e-11
5.438000e-01,2.677317e-11
5.439000e-01,-3.307801e-11
5.440000e-01,-9.292919e-11
5.441000e-01,-1.527804e-10
5.442000e-01,-2.126316e-10
5.443000e-01,-2.724827e-10
5.444000e-01,-3.588811e-11
5.445000e-01,-9.573929e-11
5.446000e-01,-1.555905e-10
5.447000e-01,8.100415e-11
5.448000e-01,2.115297e-11
5.449000e-01,-3.869821e-11
5.450000e-01,-9.854939e-11
5.451000e-01,-1.584006e-10
5.452000e-01,-2.182518e-10
5.453000e-01,1.834287e-11
5.454000e-01,-4.150831e-11
5.455000e-01,-1.013595e-10
5.456000e-01,-1.612107e-10
5.457000e-01,7.538395e-11
5.458000e-01,1.553277e-11
5.459000e-01,-4.431841e-11
5.460000e-01,-1.041696e-10
5.461000e-01,-1.640208e-10
5.462000e-01,-2.238719e-10
5.463000e-01,1.272268e-11
5.464000e-01,-4.712850e-11
5.465000e-01,-1.069797e-10
5.466000e-01,-1.668309e-10
5.467000e-01,6.976376e-11
5.468000e-01,9.912577e-12
5.469000e-01,-4.993860e-11
5.470000e-01,-1.097898e-10
5.471000e-01,-1.696410e-10
5.472000e-01,6.695366e-11
5.473000e-01,7.102479e-12
5.474000e-01,-5.274870e-11
5.475000e-01,-1.125999e-10
5.476000e-01,-1.724511e-10
5.477000e-01,6.414356e-11
5.478000e-01,4.292380e-12
5.479000e-01,-5.555880e-11
5.480000e-01,-1.154100e-10
5.481000e-01,-1.752612e-10
5.482000e-01,6.133346e-11
5.483000e-01,1.482282e-12
5.484000e-01,-5.836890e-11
5.485000e-01,-1.182201e-10
5.486000e-01,-1.780713e-10
5.487000e-01,5.852336e-11
5.488000e-01,-1.327817e-12
5.489000e-01,-6.117900e-11
5.490000e-01,-1.210302e-10
5.491000e-01,1.155644e-10
5.492000e-01,5.571327e-11
5.493000e-01,-4.137915e-12
5.494000e-01,-6.398910e-11
5.495000e-01,-1.238403e-10
5.496000e-01,-1.836915e-10
5.497000e-01,5.290317e-11
5.498000e-01,-6.948014e-12
5.499000e-01,-6.679919e-11
5.500000e-01,-1.266504e-10
5.501000e-01,1.099442e-10
5.502000e-01,5.009307e-11
5.503000e-01,-9.758112e-12
5.504000e-01,-6.960929e-11
5.505000e-01,-1.294605e-10
5.506000e-01,-1.893117e-10
5.507000e-01,4.728297e-11
5.508000e-01,-1.256821e-11
5.509000e-01,-7.241939e-11
5.510000e-01,1.641752e-10
5.511000e-01,1.043241e-10
5.512000e-01,4.447287e-11
5.513000e-01,-1.537831e-11
5.514000e-01,-7.522949e-11
5.515000e-01,-1.350807e-10
5.516000e-01,-1.949319e-10
5.517000e-01,4.166277e-11
5.518000e-01,-1.818841e-11
5.519000e-01,2.184062e-10
5.520000e-01,1.585550e-10
5.521000e-01,9.870385e-11
5.522000e-01,3.885267e-11
5.523000e-01,-2.099851e-11
5.524000e-01,-8.084969e-11
5.525000e-01,-1.407009e-10
5.526000e-01,-2.005520e-10
5.527000e-01,3.604258e-11
5.528000e-01,-2.380861e-11
5.529000e-01,2.127860e-10
5.530000e-01,1.529348e-10
5.531000e-01,9.308366e-11
5.532000e-01,3.323248e-11
5.533000e-01,-2.661870e-11
5.534000e-01,-8.646988e-11
5.535000e-01,-1.463211e-10
5.536000e-01,-2.061722e-10
5.537000e-01,3.042238e-11
5.538000e-01,2.670170e-10
5.539000e-01,2.071658e-10
5.540000e-01,1.473146e-10
5.541000e-01,8.746346e-11
5.542000e-01,2.761228e-11
5.543000e-01,-3.223890e-11
5.544000e-01,-9.209008e-11
5.545000e-01,-1.519413e-10
5.546000e-01,-2.117924e-10
5.547000e-01,2.480218e-11
5.548000e-01,2.613968e-10
5.549000e-01,2.015456e-10
5.550000e-01,1.416944e-10
5.551000e-01,8.184326e-11
5.552000e-01,2.199208e-11
5.553000e-01,-3.785910e-11
5.554000e-01,-9.771028e-11
5.555000e-01,-1.575615e-10
5.556000e-01,-2.174126e-10
5.557000e-01,-2.772638e-10
5.558000e-01,2.557766e-10
5.559000e-01,1.959254e-10
5.560000e-01,1.360742e-10
5.561000e-01,7.622307e-11
5.562000e-01,1.637189e-11
5.563000e-01,-4.347930e-11
5.564000e-01,-1.033305e-10
5.565000e-01,-1.631817e-10
5.566000e-01,-2.230328e-10
5.567000e-01,-2.828840e-10
5.568000e-01,2.501564e-10
5.569000e-01,1.903052e-10
5.570000e-01,1.304540e-10
5.571000e-01,7.060287e-11
5.572000e-01,1.075169e-11
5.573000e-01,-4.909949e-11
5.574000e-01,-1.089507e-10
5.575000e-01,-1.688019e-10
5.576000e-01,-2.286530e-10
5.577000e-01,-2.885042e-10
5.578000e-01,2.445362e-10
5.579000e-01,1.846850e-10
5.580000e-01,1.248339e-10
5.581000e-01,6.498267e-11
5.582000e-01,5.131491e-12
5.583000e-01,-5.471969e-11
5.584000e-01,-1.145709e-10
5.585000e-01,-1.744221e-10
5.586000e-01,-2.342732e-10
5.587000e-01,-2.941244e-10
5.588000e-01,2.389160e-10
5.589000e-01,1.790648e-10
5.590000e-01,1.192137e-10
5.591000e-01,5.936247e-11
5.592000e-01,-4.887061e-13
5.593000e-01,-6.033989e-11
5.594000e-01,-1.201911e-10
5.595000e-01,-1.800422e-10
5.596000e-01,-2.398934e-10
5.597000e-01,-2.997446e-10
5.598000e-01,2.332958e-10
5.599000e-01,1.734446e-10
5.600000e-01,1.135935e-10
5.601000e-01,5.374228e-11
5.602000e-01,-6.108903e-12
5.603000e-01,-6.596008e-11
5.604000e-01,-1.258113e-10
5.605000e-01,-1.856624e-10
5.606000e-01,-2.455136e-10
5.607000e-01,-3.053648e-10
5.608000e-01,2.276756e-10
5.609000e-01,1.678244e-10
5.610000e-01,1.079733e-10
5.611000e-01,4.812208e-11
5.612000e-01,-1.172910e-11
5.613000e-01,-7.158028e-11
5.614000e-01,-1.314315e-10
5.615000e-01,-1.912826e-10
5.616000e-01,-2.511338e-10
5.617000e-01,-3.109850e-10
5.618000e-01,2.220554e-10
5.619000e-01,1.622042e-10
5.620000e-01,1.023531e-10
5.621000e-01,4.250188e-11
5.622000e-01,-1.734930e-11
5.623000e-01,-7.720048e-11
5.624000e-01,-1.370517e-10
5.625000e-01,-1.969028e-10
5.626000e-01,-2.567540e-10
5.627000e-01,-3.166052e-10
5.628000e-01,2.164352e-10
5.629000e-01,1.565840e-10
5.630000e-01,9.673287e-11
5.631000e-01,3.688169e-11
5.632000e-01,-2.296949e-11
5.633000e-01,-8.282067e-11
5.634000e-01,-1.426719e-10
5.635000e-01,-2.025230e-10
5.636000e-01,-2.623742e-10
5.637000e-01,-3.222254e-10
5.638000e-01,2.108150e-10
5.639000e-01,1.509638e-10
5.640000e-01,9.111267e-11
5.641000e-01,3.126149e-11
5.642000e-01,-2.858969e-11
5.643000e-01,-8.844087e-11
5.644000e-01,-1.482921e-10
5.645000e-01,-2.081432e-10
5.646000e-01,-2.679944e-10
5.647000e-01,-3.278456e-10
5.648000e-01,2.051948e-10
5.649000e-01,1.453437e-10
5.650000e-01,8.549247e-11
5.651000e-01,2.564129e-11
5.652000e-01,-3.420989e-11
5.653000e-01,-9.406107e-11
5.654000e-01,-1.539122e-10
5.655000e-01,-2.137634e-10
5.656000e-01,-2.736146e-10
5.657000e-01,-3.334658e-10
5.658000e-01,1.995746e-10
5.659000e-01,1.397235e-10
5.660000e-01,7.987228e-11
5.661000e-01,2.002109e-11
5.662000e-01,-3.983009e-11
5.663000e-01,-9.968127e-11
5.664000e-01,-1.595324e-10
5.665000e-01,-2.193836e-10
5.666000e-01,-2.792348e-10
5.667000e-01,-3.390860e-10
5.668000e-01,1.939544e-10
5.669000e-01,1.341033e-10
5.670000e-01,7.425208e-11
5.671000e-01,1.440090e-11
5.672000e-01,-4.545028e-11
5.673000e-01,-1.053015e-10
5.674000e-01,-1.651526e-10
5.675000e-01,-2.250038e-10
5.676000e-01,-2.848550e-10
5.677000e-01,-3.447062e-10
5.678000e-01,1.883342e-10
5.679000e-01,1.284831e-10
5.680000e-01,6.863188e-11
5.681000e-01,8.780700e-12
5.682000e-01,-5.107048e-11
5.683000e-01,-1.109217e-10
5.684000e-01,-1.707728e-10
5.685000e-01,-2.306240e-10
5.686000e-01,-2.904752e-10
5.687000e-01,-3.503264e-10
5.688000e-01,-4.101776e-10
5.689000e-01,1.228629e-10
5.690000e-01,6.301168e-11
5.691000e-01,3.160503e-12
5.692000e-01,-5.669068e-11
5.693000e-01,-1.165419e-10
5.694000e-01,-1.763930e-10
5.695000e-01,-2.362442e-10
5.696000e-01,-2.960954e-10
5.697000e-01,-3.559466e-10
5.698000e-01,-4.157978e-10
5.699000e-01,1.172427e-10
5.700000e-01,5.739149e-11
5.701000e-01,-2.459694e-12
5.702000e-01,-6.231087e-11
5.703000e-01,-1.221621e-10
5.704000e-01,-1.820132e-10
5.705000e-01,-2.418644e-10
5.706000e-01,-3.017156e-10
5.707000e-01,-3.615668e-10
5.708000e-01,-1.249722e-10
5.709000e-01,1.116225e-10
5.710000e-01,5.177129e-11
5.711000e-01,-8.079891e-12
5.712000e-01,-6.793107e-11
5.713000e-01,-1.277823e-10
5.714000e-01,-1.876334e-10
5.715000e-01,-2.474846e-10
5.716000e-01,-3.073358e-10
5.717000e-01,-7.074117e-11
5.718000e-01,-1.305924e-10
5.719000e-01,1.060023e-10
5.720000e-01,4.615109e-11
5.721000e-01,-1.370009e-11
5.722000e-01,-7.355127e-11
5.723000e-01,-1.334024e-10
5.724000e-01,-1.932536e-10
5.725000e-01,-2.531048e-10
5.726000e-01,-3.129560e-10
5.727000e-01,-7.636137e-11
5.728000e-01,-1.362125e-10
5.729000e-01,1.003821e-10
5.730000e-01,4.053090e-11
5.731000e-01,-1.932029e-11
5.732000e-01,-7.917147e-11
5.733000e-01,-1.390226e-10
5.734000e-01,-1.988738e-10
5.735000e-01,-2.587250e-10
5.736000e-01,-2.213038e-11
5.737000e-01,-8.198156e-11
5.738000e-01,-1.418327e-10
5.739000e-01,9.476188e-11
5.740000e-01,3.491070e-11
5.741000e-01,-2.494048e-11
5.742000e-01,-8.479166e-11
5.743000e-01,-1.446428e-10
5.744000e-01,-2.044940e-10
5.745000e-01,-2.643452e-10
5.746000e-01,-2.775058e-11
5.747000e-01,-8.760176e-11
5.748000e-01,-1.474529e-10
5.749000e-01,8.914168e-11
5.750000e-01,2.929050e-11
5.751000e-01,-3.056068e-11
5.752000e-01,-9.041186e-11
5.753000e-01,-1.502630e-10
5.754000e-01,-2.101142e-10
5.755000e-01,2.648040e-11
5.756000e-01,-3.337078e-11
5.757000e-01,-9.322196e-11
5.758000e-01,-1.530731e-10
5.759000e-01,8.352148e-11
5.760000e-01,2.367030e-11
5.761000e-01,-3.618088e-11
5.762000e-01,-9.603206e-11
5.763000e-01,-1.558832e-10
5.764000e-01,-2.157344e-10
5.765000e-01,2.086021e-11
5.766000e-01,-3.899098e-11
5.767000e-01,-9.884216e-11
5.768000e-01,-1.586933e-10
5.769000e-01,7.790129e-11
5.770000e-01,1.805011e-11
5.771000e-01,-4.180107e-11
5.772000e-01,-1.016523e-10
5.773000e-01,-1.615034e-10
5.774000e-01,7.509119e-11
5.775000e-01,1.524001e-11
5.776000e-01,-4.461117e-11
5.777000e-01,-1.044624e-10
5.778000e-01,-1.643135e-10
5.779000e-01,7.228109e-11
5.780000e-01,1.242991e-11
5.781000e-01,-4.742127e-11
5.782000e-01,-1.072725e-10
5.783000e-01,-1.671236e-10
5.784000e-01,6.947099e-11
5.785000e-01,9.619811e-12
5.786000e-01,-5.023137e-11
5.787000e-01,-1.100825e-10
5.788000e-01,-1.699337e-10
5.789000e-01,6.666089e-11
5.790000e-01,6.809713e-12
5.791000e-01,-5.304147e-11
5.792000e-01,-1.128926e-10
5.793000e-01,1.237020e-10
5.794000e-01,6.385079e-11
5.795000e-01,3.999614e-12
5.796000e-01,-5.585157e-11
5.797000e-01,-1.157027e-10
5.798000e-01,-1.755539e-10
5.799000e-01,6.104070e-11
5.800000e-01,1.189515e-12
5.801000e-01,-5.866166e-11
5.802000e-01,1.779330e-10
5.803000e-01,1.180818e-10
5.804000e-01,5.823060e-11
5.805000e-01,-1.620583e-12
5.806000e-01,-6.147176e-11
5.807000e-01,-1.213229e-10
5.808000e-01,-1.811741e-10
5.809000e-01,5.542050e-11
5.810000e-01,-4.430682e-12
5.811000e-01,-6.428186e-11
5.812000e-01,1.723128e-10
5.813000e-01,1.124616e-10
5.814000e-01,5.261040e-11
5.815000e-01,-7.240780e-12
5.816000e-01,-6.709196e-11
5.817000e-01,-1.269431e-10
5.818000e-01,-1.867943e-10
5.819000e-01,-2.466455e-10
5.820000e-01,-1.005088e-11
5.821000e-01,2.265437e-10
5.822000e-01,1.666926e-10
5.823000e-01,1.068414e-10
5.824000e-01,4.699020e-11
5.825000e-01,-1.286098e-11
5.826000e-01,-7.271216e-11
5.827000e-01,-1.325633e-10
5.828000e-01,-1.924145e-10
5.829000e-01,-2.522657e-10
5.830000e-01,-1.567108e-11
5.831000e-01,2.209235e-10
5.832000e-01,1.610724e-10
5.833000e-01,1.012212e-10
5.834000e-01,4.137001e-11
5.835000e-01,-1.848117e-11
5.836000e-01,-7.833235e-11
5.837000e-01,-1.381835e-10
5.838000e-01,-1.980347e-10
5.839000e-01,-2.578859e-10
5.840000e-01,2.751545e-10
5.841000e-01,2.153034e-10
5.842000e-01,1.554522e-10
5.843000e-01,9.560099e-11
5.844000e-01,3.574981e-11
5.845000e-01,-2.410137e-11
5.846000e-01,-8.395255e-11
5.847000e-01,-1.438037e-10
5.848000e-01,-2.036549e-10
5.849000e-01,-2.635061e-10
5.850000e-01,2.695343e-10
5.851000e-01,2.096832e-10
5.852000e-01,1.498320e-10
5.853000e-01,8.998079e-11
5.854000e-01,3.012961e-11
5.855000e-01,-2.972157e-11
5.856000e-01,-8.957275e-11
5.857000e-01,-1.494239e-10
5.858000e-01,-2.092751e-10
5.859000e-01,-2.691263e-10
5.860000e-01,2.639141e-10
5.861000e-01,2.040630e-10
5.862000e-01,1.442118e-10
5.863000e-01,8.436060e-11
5.864000e-01,2.450941e-11
5.865000e-01,-3.534177e-11
5.866000e-01,-9.519295e-11
5.867000e-01,-1.550441e-10
5.868000e-01,-2.148953e-10
5.869000e-01,-2.747465e-10
5.870000e-01,2.582939e-10
5.871000e-01,1.984428e-10
5.872000e-01,1.385916e-10
5.873000e-01,7.874040e-11
5.874000e-01,1.888922e-11
5.875000e-01,-4.096196e-11
5.876000e-01,-1.008131e-10
5.877000e-01,-1.606643e-10
5.878000e-01,-2.205155e-10
5.879000e-01,-2.803667e-10
5.880000e-01,2.526737e-10
5.881000e-01,1.928226e-10
5.882000e-01,1.329714e-10
5.883000e-01,7.312020e-11
5.884000e-01,1.326902e-11
5.885000e-01,-4.658216e-11
5.886000e-01,-1.064333e-10
5.887000e-01,-1.662845e-10
5.888000e-01,-2.261357e-10
5.889000e-01,-2.859869e-10
5.890000e-01,2.470535e-10
5.891000e-01,1.872024e-10
5.892000e-01,1.273512e-10
5.893000e-01,6.750000e-11
5.894000e-01,7.648823e-12
5.895000e-01,-5.220236e-11
5.896000e-01,-1.120535e-10
5.897000e-01,-1.719047e-10
5.898000e-01,-2.317559e-10
5.899000e-01,-2.916071e-10
5.900000e-01,2.414333e-10
5.901000e-01,1.815822e-10
5.902000e-01,1.217310e-10
5.903000e-01,6.187981e-11
5.904000e-01,2.028626e-12
5.905000e-01,-5.782255e-11
5.906000e-01,-1.176737e-10
5.907000e-01,-1.775249e-10
5.908000e-01,-2.373761e-10
5.909000e-01,-2.972273e-10
5.910000e-01,2.358132e-10
5.911000e-01,1.759620e-10
5.912000e-01,1.161108e-10
5.913000e-01,5.625961e-11
5.914000e-01,-3.591571e-12
5.915000e-01,-6.344275e-11
5.916000e-01,-1.232939e-10
5.917000e-01,-1.831451e-10
5.918000e-01,-2.429963e-10
5.919000e-01,-3.028475e-10
5.920000e-01,2.301930e-10
5.921000e-01,1.703418e-10
5.922000e-01,1.104906e-10
5.923000e-01,5.063941e-11
5.924000e-01,-9.211768e-12
5.925000e-01,-6.906295e-11
5.926000e-01,-1.289141e-10
5.927000e-01,-1.887653e-10
5.928000e-01,-2.486165e-10
5.929000e-01,-3.084677e-10
5.930000e-01,2.245728e-10
5.931000e-01,1.647216e-10
5.932000e-01,1.048704e-10
5.933000e-01,4.501922e-11
5.934000e-01,-1.483197e-11
5.935000e-01,-7.468315e-11
5.936000e-01,-1.345343e-10
5.937000e-01,-1.943855e-10
5.938000e-01,-2.542367e-10
5.939000e-01,-3.140879e-10
5.940000e-01,2.189526e-10
5.941000e-01,1.591014e-10
5.942000e-01,9.925020e-11
5.943000e-01,3.939902e-11
5.944000e-01,-2.045216e-11
5.945000e-01,-8.030334e-11
5.946000e-01,-1.401545e-10
5.947000e-01,-2.000057e-10
5.948000e-01,-2.598569e-10
5.949000e-01,-3.197081e-10
5.950000e-01,-3.795592e-10
5.951000e-01,1.534812e-10
5.952000e-01,9.363000e-11
5.953000e-01,3.377882e-11
5.954000e-01,-2.607236e-11
5.955000e-01,-8.592354e-11
5.956000e-01,-1.457747e-10
5.957000e-01,-2.056259e-10
5.958000e-01,-2.654771e-10
5.959000e-01,-3.253283e-10
5.960000e-01,-3.851794e-10
5.961000e-01,1.478610e-10
5.962000e-01,8.800980e-11
5.963000e-01,2.815862e-11
5.964000e-01,-3.169256e-11
5.965000e-01,-9.154374e-11
5.966000e-01,-1.513949e-10
5.967000e-01,-2.112461e-10
5.968000e-01,-2.710973e-10
5.969000e-01,-3.309485e-10
5.970000e-01,-3.907996e-10
5.971000e-01,1.422408e-10
5.972000e-01,8.238961e-11
5.973000e-01,2.253843e-11
5.974000e-01,-3.731275e-11
5.975000e-01,-9.716393e-11
5.976000e-01,-1.570151e-10
5.977000e-01,-2.168663e-10
5.978000e-01,-2.767175e-10
5.979000e-01,-3.365687e-10
5.980000e-01,-3.964198e-10
5.981000e-01,1.366206e-10
5.982000e-01,7.676941e-11
5.983000e-01,1.691823e-11
5.984000e-01,-4.293295e-11
5.985000e-01,-1.027841e-10
5.986000e-01,-1.626353e-10
5.987000e-01,-2.224865e-10
5.988000e-01,-2.823377e-10
5.989000e-01,-3.421889e-10
5.990000e-01,-4.020400e-10
5.991000e-01,1.310004e-10
5.992000e-01,7.114921e-11
5.993000e-01,1.129803e-11
5.994000e-01,-4.855315e-11
5.995000e-01,-1.084043e-10
5.996000e-01,-1.682555e-10
5.997000e-01,-2.281067e-10
5.998000e-01,-2.879579e-10
5.999000e-01,-3.478090e-10
6.000000e-01,-1.112144e-10
6.001000e-01,1.253802e-10
6.002000e-01,6.552902e-11
6.003000e-01,5.677836e-12
6.004000e-01,-5.417334e-11
6.005000e-01,-1.140245e-10
6.006000e-01,-1.738757e-10
6.007000e-01,-2.337269e-10
6.008000e-01,-2.935781e-10
6.009000e-01,-3.534292e-10
6.010000e-01,-1.168346e-10
6.011000e-01,1.197600e-10
6.012000e-01,5.990882e-11
6.013000e-01,5.763847e-14
6.014000e-01,-5.979354e-11
6.015000e-01,-1.196447e-10
6.016000e-01,-1.794959e-10
6.017000e-01,-2.393471e-10
6.018000e-01,-2.991983e-10
6.019000e-01,-6.260364e-11
6.020000e-01,-1.224548e-10
6.021000e-01,1.141398e-10
6.022000e-01,5.428862e-11
6.023000e-01,-5.562559e-12
6.024000e-01,-6.541374e-11
6.025000e-01,-1.252649e-10
6.026000e-01,-1.851161e-10
6.027000e-01,-2.449673e-10
6.028000e-01,-3.048185e-10
6.029000e-01,-6.822384e-11
6.030000e-01,-1.280750e-10
6.031000e-01,1.085196e-10
6.032000e-01,4.866842e-11
6.033000e-01,-1.118276e-11
6.034000e-01,-7.103394e-11
6.035000e-01,-1.308851e-10
6.036000e-01,-1.907363e-10
6.037000e-01,-2.505875e-10
6.038000e-01,-1.399285e-11
6.039000e-01,-7.384403e-11
6.040000e-01,-1.336952e-10
6.041000e-01,1.028994e-10
6.042000e-01,4.304823e-11
6.043000e-01,-1.680295e-11
6.044000e-01,-7.665413e-11
6.045000e-01,-1.365053e-10
6.046000e-01,-1.963565e-10
6.047000e-01,-2.562077e-10
6.048000e-01,-1.961305e-11
6.049000e-01,-7.946423e-11
6.050000e-01,-1.393154e-10
6.051000e-01,9.727921e-11
6.052000e-01,3.742803e-11
6.053000e-01,-2.242315e-11
6.054000e-01,-8.227433e-11
6.055000e-01,-1.421255e-10
6.056000e-01,-2.019767e-10
6.057000e-01,3.461793e-11
6.058000e-01,-2.523325e-11
6.059000e-01,-8.508443e-11
6.060000e-01,-1.449356e-10
6.061000e-01,9.165901e-11
6.062000e-01,3.180783e-11
6.063000e-01,-2.804335e-11
6.064000e-01,-8.789453e-11
6.065000e-01,-1.477457e-10
6.066000e-01,-2.075969e-10
6.067000e-01,2.899773e-11
6.068000e-01,-3.085345e-11
6.069000e-01,-9.070463e-11
6.070000e-01,-1.505558e-10
6.071000e-01,8.603882e-11
6.072000e-01,2.618764e-11
6.073000e-01,-3.366354e-11
6.074000e-01,-9.351472e-11
6.075000e-01,-1.533659e-10
6.076000e-01,8.322872e-11
6.077000e-01,2.337754e-11
6.078000e-01,-3.647364e-11
6.079000e-01,-9.632482e-11
6.080000e-01,-1.561760e-10
6.081000e-01,-2.160272e-10
6.082000e-01,2.056744e-11
6.083000e-01,-3.928374e-11
6.084000e-01,-9.913492e-11
6.085000e-01,1.374597e-10
6.086000e-01,7.760852e-11
6.087000e-01,1.775734e-11
6.088000e-01,-4.209384e-11
6.089000e-01,-1.019450e-10
6.090000e-01,-1.617962e-10
6.091000e-01,-2.216474e-10
6.092000e-01,1.494724e-11
6.093000e-01,-4.490394e-11
6.094000e-01,-1.047551e-10
6.095000e-01,1.318395e-10
6.096000e-01,7.198832e-11
6.097000e-01,1.213714e-11
6.098000e-01,-4.771404e-11
6.099000e-01,-1.075652e-10
6.100000e-01,-1.674164e-10
6.101000e-01,-2.272676e-10
6.102000e-01,9.327045e-12
6.103000e-01,-5.052414e-11
6.104000e-01,1.860705e-10
6.105000e-01,1.262193e-10
6.106000e-01,6.636813e-11
6.107000e-01,6.516946e-12
6.108000e-01,-5.333423e-11
6.109000e-01,-1.131854e-10
6.110000e-01,-1.730366e-10
6.111000e-01,-2.328878e-10
6.112000e-01,3.706848e-12
6.113000e-01,-5.614433e-11
6.114000e-01,1.804503e-10
6.115000e-01,1.205991e-10
6.116000e-01,6.074793e-11
6.117000e-01,8.967492e-13
6.118000e-01,-5.895443e-11
6.119000e-01,-1.188056e-10
6.120000e-01,-1.786568e-10
6.121000e-01,-2.385080e-10
6.122000e-01,-1.913349e-12
6.123000e-01,2.346813e-10
6.124000e-01,1.748301e-10
6.125000e-01,1.149789e-10
6.126000e-01,5.512773e-11
6.127000e-01,-4.723448e-12
6.128000e-01,-6.457463e-11
6.129000e-01,-1.244258e-10
6.130000e-01,-1.842770e-10
6.131000e-01,-2.441282e-10
6.132000e-01,-7.533546e-12
6.133000e-01,2.290611e-10
6.134000e-01,1.692099e-10
6.135000e-01,1.093587e-10
6.136000e-01,4.950754e-11
6.137000e-01,-1.034364e-11
6.138000e-01,-7.019483e-11
6.139000e-01,-1.300460e-10
6.140000e-01,-1.898972e-10
6.141000e-01,-2.497484e-10
6.142000e-01,2.832921e-10
6.143000e-01,2.234409e-10
6.144000e-01,1.635897e-10
6.145000e-01,1.037385e-10
6.146000e-01,4.388734e-11
6.147000e-01,-1.596384e-11
6.148000e-01,-7.581502e-11
6.149000e-01,-1.356662e-10
6.150000e-01,-1.955174e-10
6.151000e-01,-2.553686e-10
6.152000e-01,2.776719e-10
6.153000e-01,2.178207e-10
6.154000e-01,1.579695e-10
6.155000e-01,9.811832e-11
6.156000e-01,3.826714e-11
6.157000e-01,-2.158404e-11
6.158000e-01,-8.143522e-11
6.159000e-01,-1.412864e-10
6.160000e-01,-2.011376e-10
6.161000e-01,-2.609888e-10
6.162000e-01,2.720517e-10
6.163000e-01,2.122005e-10
6.164000e-01,1.523493e-10
6.165000e-01,9.249812e-11
6.166000e-01,3.264694e-11
6.167000e-01,-2.720424e-11
6.168000e-01,-8.705542e-11
6.169000e-01,-1.469066e-10
6.170000e-01,-2.067578e-10
6.171000e-01,-2.666090e-10
6.172000e-01,2.664315e-10
6.173000e-01,2.065803e-10
6.174000e-01,1.467291e-10
6.175000e-01,8.687793e-11
6.176000e-01,2.702675e-11
6.177000e-01,-3.282443e-11
6.178000e-01,-9.267561e-11
6.179000e-01,-1.525268e-10
6.180000e-01,-2.123780e-10
6.181000e-01,-2.722292e-10
6.182000e-01,2.608113e-10
6.183000e-01,2.009601e-10
6.184000e-01,1.411089e-10
6.185000e-01,8.125773e-11
6.186000e-01,2.140655e-11
6.187000e-01,-3.844463e-11
6.188000e-01,-9.829581e-11
6.189000e-01,-1.581470e-10
6.190000e-01,-2.179982e-10
6.191000e-01,-2.778494e-10
6.192000e-01,2.551911e-10
6.193000e-01,1.953399e-10
6.194000e-01,1.354887e-10
6.195000e-01,7.563753e-11
6.196000e-01,1.578635e-11
6.197000e-01,-4.406483e-11
6.198000e-01,-1.039160e-10
6.199000e-01,-1.637672e-10
6.200000e-01,-2.236184e-10
6.201000e-01,-2.834695e-10
6.202000e-01,2.495709e-10
6.203000e-01,1.897197e-10
6.204000e-01,1.298685e-10
6.205000e-01,7.001734e-11
6.206000e-01,1.016616e-11
6.207000e-01,-4.968502e-11
6.208000e-01,-1.095362e-10
6.209000e-01,-1.693874e-10
6.210000e-01,-2.292386e-10
6.211000e-01,-2.890897e-10
6.212000e-01,-3.489409e-10
6.213000e-01,1.840995e-10
6.214000e-01,1.242483e-10
6.215000e-01,6.439714e-11
6.216000e-01,4.545959e-12
6.217000e-01,-5.530522e-11
6.218000e-01,-1.151564e-10
6.219000e-01,-1.750076e-10
6.220000e-01,-2.348588e-10
6.221000e-01,-2.947099e-10
6.222000e-01,-3.545611e-10
6.223000e-01,1.784793e-10
6.224000e-01,1.186281e-10
6.225000e-01,5.877694e-11
6.226000e-01,-1.074239e-12
6.227000e-01,-6.092542e-11
6.228000e-01,-1.207766e-10
6.229000e-01,-1.806278e-10
6.230000e-01,-2.404790e-10
6.231000e-01,-3.003301e-10
6.232000e-01,-3.601813e-10
6.233000e-01,1.728591e-10
6.234000e-01,1.130079e-10
6.235000e-01,5.315674e-11
6.236000e-01,-6.694436e-12
6.237000e-01,-6.654562e-11
6.238000e-01,-1.263968e-10
6.239000e-01,-1.862480e-10
6.240000e-01,-2.460992e-10
6.241000e-01,-3.059503e-10
6.242000e-01,-3.658015e-10
6.243000e-01,1.672389e-10
6.244000e-01,1.073877e-10
6.245000e-01,4.753655e-11
6.246000e-01,-1.231463e-11
6.247000e-01,-7.216581e-11
6.248000e-01,-1.320170e-10
6.249000e-01,-1.918682e-10
6.250000e-01,-2.517194e-10
6.251000e-01,-3.115705e-10
6.252000e-01,-3.714217e-10
6.253000e-01,1.616187e-10
6.254000e-01,1.017675e-10
6.255000e-01,4.191635e-11
6.256000e-01,-1.793483e-11
6.257000e-01,-7.778601e-11
6.258000e-01,-1.376372e-10
6.259000e-01,-1.974884e-10
6.260000e-01,-2.573396e-10
6.261000e-01,-3.171907e-10
6.262000e-01,-3.770419e-10
6.263000e-01,1.559985e-10
6.264000e-01,9.614733e-11
6.265000e-01,3.629615e-11
6.266000e-01,-2.355503e-11
6.267000e-01,-8.340621e-11
6.268000e-01,-1.432574e-10
6.269000e-01,-2.031086e-10
6.270000e-01,-2.629597e-10
6.271000e-01,-3.228109e-10
6.272000e-01,-3.826621e-10
6.273000e-01,1.503783e-10
6.274000e-01,9.052714e-11
6.275000e-01,3.067596e-11
6.276000e-01,-2.917522e-11
6.277000e-01,-8.902640e-11
6.278000e-01,-1.488776e-10
6.279000e-01,-2.087288e-10
6.280000e-01,-2.685799e-10
6.281000e-01,-3.284311e-10
6.282000e-01,-3.882823e-10
6.283000e-01,1.447581e-10
6.284000e-01,8.490694e-11
6.285000e-01,2.505576e-11
6.286000e-01,-3.479542e-11
6.287000e-01,-9.464660e-11
6.288000e-01,-1.544978e-10
6.289000e-01,-2.143490e-10
6.290000e-01,-2.742001e-10
6.291000e-01,-3.340513e-10
6.292000e-01,-3.939025e-10
6.293000e-01,1.391379e-10
6.294000e-01,7.928674e-11
6.295000e-01,1.943556e-11
6.296000e-01,-4.041562e-11
6.297000e-01,-1.002668e-10
6.298000e-01,-1.601180e-10
6.299000e-01,-2.199692e-10
6.300000e-01,-2.798203e-10
6.301000e-01,-3.396715e-10
6.302000e-01,-1.030769e-10
6.303000e-01,1.335177e-10
6.304000e-01,7.366655e-11
6.305000e-01,1.381537e-11
6.306000e-01,-4.603582e-11
6.307000e-01,-1.058870e-10
6.308000e-01,-1.657382e-10
6.309000e-01,-2.255894e-10
6.310000e-01,-2.854405e-10
6.311000e-01,-3.452917e-10
6.312000e-01,-1.086971e-10
6.313000e-01,1.278975e-10
6.314000e-01,6.804635e-11
6.315000e-01,8.195168e-12
6.316000e-01,-5.165601e-11
6.317000e-01,-1.115072e-10
6.318000e-01,-1.713584e-10
6.319000e-01,-2.312096e-10
6.320000e-01,-2.910607e-10
6.321000e-01,-5.446611e-11
6.322000e-01,-1.143173e-10
6.323000e-01,1.222773e-10
6.324000e-01,6.242615e-11
6.325000e-01,2.574971e-12
6.326000e-01,-5.727621e-11
6.327000e-01,-1.171274e-10
6.328000e-01,-1.769786e-10
6.329000e-01,-2.368298e-10
6.330000e-01,-2.966809e-10
6.331000e-01,-6.008631e-11
6.332000e-01,-1.199375e-10
6.333000e-01,1.166571e-10
6.334000e-01,5.680595e-11
6.335000e-01,-3.045226e-12
6.336000e-01,-6.289641e-11
6.337000e-01,-1.227476e-10
6.338000e-01,-1.825988e-10
6.339000e-01,-2.424499e-10
6.340000e-01,-5.855325e-12
6.341000e-01,-6.570651e-11
6.342000e-01,-1.255577e-10
6.343000e-01,-1.854089e-10
6.344000e-01,5.118576e-11
6.345000e-01,-8.665423e-12
6.346000e-01,-6.851660e-11
6.347000e-01,-1.283678e-10
6.348000e-01,-1.882190e-10
6.349000e-01,-2.480701e-10
6.350000e-01,-1.147552e-11
6.351000e-01,-7.132670e-11
6.352000e-01,-1.311779e-10
6.353000e-01,-1.910291e-10
6.354000e-01,4.556556e-11
6.355000e-01,-1.428562e-11
6.356000e-01,-7.413680e-11
6.357000e-01,-1.339880e-10
6.358000e-01,-1.938392e-10
6.359000e-01,4.275546e-11
6.360000e-01,-1.709572e-11
6.361000e-01,-7.694690e-11
6.362000e-01,-1.367981e-10
6.363000e-01,-1.966493e-10
6.364000e-01,3.994536e-11
6.365000e-01,-1.990582e-11
6.366000e-01,-7.975700e-11
6.367000e-01,-1.396082e-10
6.368000e-01,9.698644e-11
6.369000e-01,3.713526e-11
6.370000e-01,-2.271592e-11
6.371000e-01,-8.256710e-11
6.372000e-01,-1.424183e-10
6.373000e-01,-2.022695e-10
6.374000e-01,3.432517e-11
6.375000e-01,-2.552601e-11
6.376000e-01,-8.537720e-11
6.377000e-01,-1.452284e-10
6.378000e-01,9.136625e-11
6.379000e-01,3.151507e-11
6.380000e-01,-2.833611e-11
6.381000e-01,-8.818729e-11
6.382000e-01,-1.480385e-10
6.383000e-01,-2.078897e-10
6.384000e-01,2.870497e-11
6.385000e-01,-3.114621e-11
6.386000e-01,-9.099739e-11
6.387000e-01,1.455972e-10
6.388000e-01,8.574605e-11
6.389000e-01,2.589487e-11
6.390000e-01,-3.395631e-11
6.391000e-01,-9.380749e-11
6.392000e-01,-1.536587e-10
6.393000e-01,-2.135099e-10
6.394000e-01,2.308477e-11
6.395000e-01,-3.676641e-11
6.396000e-01,-9.661759e-11
6.397000e-01,1.399770e-10
6.398000e-01,8.012585e-11
6.399000e-01,2.027467e-11
6.400000e-01,-3.957651e-11
6.401000e-01,-9.942769e-11
6.402000e-01,-1.592789e-10
6.403000e-01,-2.191300e-10
6.404000e-01,1.746457e-11
6.405000e-01,-4.238661e-11
6.406000e-01,1.942080e-10
6.407000e-01,1.343568e-10
6.408000e-01,7.450566e-11
6.409000e-01,1.465448e-11
6.410000e-01,-4.519670e-11
6.411000e-01,-1.050479e-10
6.412000e-01,-1.648991e-10
6.413000e-01,-2.247502e-10
6.414000e-01,1.184438e-11
6.415000e-01,-4.800680e-11
6.416000e-01,1.885878e-10
6.417000e-01,1.287366e-10
6.418000e-01,6.888546e-11
6.419000e-01,9.034279e-12
6.420000e-01,-5.081690e-11
6.421000e-01,-1.106681e-10
6.422000e-01,-1.705193e-10
6.423000e-01,-2.303704e-10
6.424000e-01,6.224180e-12
6.425000e-01,2.428188e-10
6.426000e-01,1.829676e-10
6.427000e-01,1.231164e-10
6.428000e-01,6.326526e-11
6.429000e-01,3.414082e-12
6.430000e-01,-5.643710e-11
6.431000e-01,-1.162883e-10
6.432000e-01,-1.761395e-10
6.433000e-01,-2.359906e-10
6.434000e-01,2.970498e-10
6.435000e-01,2.371986e-10
6.436000e-01,1.773474e-10
6.437000e-01,1.174962e-10
6.438000e-01,5.764506e-11
6.439000e-01,-2.206116e-12
6.440000e-01,-6.205730e-11
6.441000e-01,-1.219085e-10
6.442000e-01,-1.817597e-10
6.443000e-01,-2.416108e-10
6.444000e-01,2.914296e-10
6.445000e-01,2.315784e-10
6.446000e-01,1.717272e-10
6.447000e-01,1.118760e-10
6.448000e-01,5.202487e-11
6.449000e-01,-7.826313e-12
6.450000e-01,-6.767749e-11
6.451000e-01,-1.275287e-10
6.452000e-01,-1.873799e-10
6.453000e-01,-2.472310e-10
6.454000e-01,2.858094e-10
6.455000e-01,2.259582e-10
6.456000e-01,1.661070e-10
6.457000e-01,1.062559e-10
6.458000e-01,4.640467e-11
6.459000e-01,-1.344651e-11
6.460000e-01,-7.329769e-11
6.461000e-01,-1.331489e-10
6.462000e-01,-1.930001e-10
6.463000e-01,-2.528512e-10
6.464000e-01,2.801892e-10
6.465000e-01,2.203380e-10
6.466000e-01,1.604868e-10
6.467000e-01,1.006357e-10
6.468000e-01,4.078447e-11
6.469000e-01,-1.906671e-11
6.470000e-01,-7.891789e-11
6.471000e-01,-1.387691e-10
6.472000e-01,-1.986202e-10
6.473000e-01,-2.584714e-10
6.474000e-01,2.745690e-10
6.475000e-01,2.147178e-10
6.476000e-01,1.548666e-10
6.477000e-01,9.501546e-11
6.478000e-01,3.516428e-11
6.479000e-01,-2.468690e-11
6.480000e-01,-8.453808e-11
6.481000e-01,-1.443893e-10
6.482000e-01,-2.042404e-10
6.483000e-01,-2.640916e-10
6.484000e-01,-3.239428e-10
6.485000e-01,2.090976e-10
6.486000e-01,1.492464e-10
6.487000e-01,8.939526e-11
6.488000e-01,2.954408e-11
6.489000e-01,-3.030710e-11
6.490000e-01,-9.015828e-11
6.491000e-01,-1.500095e-10
6.492000e-01,-2.098606e-10
6.493000e-01,-2.697118e-10
6.494000e-01,-3.295630e-10
6.495000e-01,2.034774e-10
6.496000e-01,1.436262e-10
6.497000e-01,8.377506e-11
6.498000e-01,2.392388e-11
6.499000e-01,-3.592730e-11
6.500000e-01,-9.577848e-11
6.501000e-01,-1.556297e-10
6.502000e-01,-2.154808e-10
6.503000e-01,-2.753320e-10
6.504000e-01,-3.351832e-10
6.505000e-01,1.978572e-10
6.506000e-01,1.380060e-10
6.507000e-01,7.815487e-11
6.508000e-01,1.830369e-11
6.509000e-01,-4.154750e-11
6.510000e-01,-1.013987e-10
6.511000e-01,-1.612499e-10
6.512000e-01,-2.211010e-10
6.513000e-01,-2.809522e-10
6.514000e-01,-3.408034e-10
6.515000e-01,1.922370e-10
6.516000e-01,1.323858e-10
6.517000e-01,7.253467e-11
6.518000e-01,1.268349e-11
6.519000e-01,-4.716769e-11
6.520000e-01,-1.070189e-10
6.521000e-01,-1.668701e-10
6.522000e-01,-2.267212e-10
6.523000e-01,-2.865724e-10
6.524000e-01,-3.464236e-10
6.525000e-01,1.866168e-10
6.526000e-01,1.267657e-10
6.527000e-01,6.691447e-11
6.528000e-01,7.063291e-12
6.529000e-01,-5.278789e-11
6.530000e-01,-1.126391e-10
6.531000e-01,-1.724903e-10
6.532000e-01,-2.323414e-10
6.533000e-01,-2.921926e-10
6.534000e-01,-3.520438e-10
6.535000e-01,1.809966e-10
6.536000e-01,1.211455e-10
6.537000e-01,6.129427e-11
6.538000e-01,1.443094e-12
6.539000e-01,-5.840809e-11
6.540000e-01,-1.182593e-10
6.541000e-01,-1.781104e-10
6.542000e-01,-2.379616e-10
6.543000e-01,-2.978128e-10
6.544000e-01,-3.576640e-10
6.545000e-01,1.753764e-10
6.546000e-01,1.155253e-10
6.547000e-01,5.567408e-11
6.548000e-01,-4.177103e-12
6.549000e-01,-6.402828e-11
6.550000e-01,-1.238795e-10
6.551000e-01,-1.837306e-10
6.552000e-01,-2.435818e-10
6.553000e-01,-3.034330e-10
6.554000e-01,-3.632842e-10
6.555000e-01,1.697562e-10
6.556000e-01,1.099051e-10
6.557000e-01,5.005388e-11
6.558000e-01,-9.797300e-12
6.559000e-01,-6.964848e-11
6.560000e-01,-1.294997e-10
6.561000e-01,-1.893508e-10
6.562000e-01,-2.492020e-10
6.563000e-01,-3.090532e-10
6.564000e-01,-3.689044e-10
6.565000e-01,1.641360e-10
6.566000e-01,1.042849e-10
6.567000e-01,4.443368e-11
6.568000e-01,-1.541750e-11
6.569000e-01,-7.526868e-11
6.570000e-01,-1.351199e-10
6.571000e-01,-1.949710e-10
6.572000e-01,-2.548222e-10
6.573000e-01,-3.146734e-10
6.574000e-01,-3.745246e-10
6.575000e-01,1.585158e-10
6.576000e-01,9.866467e-11
6.577000e-01,3.881349e-11
6.578000e-01,-2.103769e-11
6.579000e-01,-8.088888e-11
6.580000e-01,-1.407401e-10
6.581000e-01,-2.005912e-10
6.582000e-01,-2.604424e-10
6.583000e-01,-3.202936e-10
6.584000e-01,-3.801448e-10
6.585000e-01,1.528956e-10
6.586000e-01,9.304447e-11
6.587000e-01,3.319329e-11
6.588000e-01,-2.665789e-11
6.589000e-01,-8.650907e-11
6.590000e-01,-1.463603e-10
6.591000e-01,-2.062114e-10
6.592000e-01,-2.660626e-10
6.593000e-01,-3.259138e-10
6.594000e-01,-3.857650e-10
6.595000e-01,1.472755e-10
6.596000e-01,8.742427e-11
6.597000e-01,2.757309e-11
6.598000e-01,-3.227809e-11
6.599000e-01,-9.212927e-11
6.600000e-01,-1.519804e-10
6.601000e-01,-2.118316e-10
6.602000e-01,-2.716828e-10
6.603000e-01,-3.315340e-10
6.604000e-01,-9.493937e-11
6.605000e-01,1.416553e-10
6.606000e-01,8.180407e-11
6.607000e-01,2.195289e-11
6.608000e-01,-3.789829e-11
6.609000e-01,-9.774947e-11
6.610000e-01,-1.576006e-10
6.611000e-01,-2.174518e-10
6.612000e-01,-2.773030e-10
6.613000e-01,-3.371542e-10
6.614000e-01,-1.005596e-10
6.615000e-01,-1.604107e-10
6.616000e-01,7.618388e-11
6.617000e-01,1.633270e-11
6.618000e-01,-4.351848e-11
6.619000e-01,-1.033697e-10
6.620000e-01,-1.632208e-10
6.621000e-01,-2.230720e-10
6.622000e-01,-2.829232e-10
6.623000e-01,-4.632858e-11
6.624000e-01,-1.061798e-10
6.625000e-01,-1.660309e-10
6.626000e-01,7.056368e-11
6.627000e-01,1.071250e-11
6.628000e-01,-4.913868e-11
6.629000e-01,-1.089899e-10
6.630000e-01,-1.688410e-10
6.631000e-01,-2.286922e-10
6.632000e-01,-2.885434e-10
6.633000e-01,-5.194878e-11
6.634000e-01,-1.118000e-10
6.635000e-01,-1.716511e-10
6.636000e-01,6.494348e-11
6.637000e-01,5.092303e-12
6.638000e-01,-5.475888e-11
6.639000e-01,-1.146101e-10
6.640000e-01,-1.744612e-10
6.641000e-01,-2.343124e-10
6.642000e-01,2.282205e-12
6.643000e-01,-5.756898e-11
6.644000e-01,-1.174202e-10
6.645000e-01,-1.772713e-10
6.646000e-01,5.932329e-11
6.647000e-01,-5.278940e-13
6.648000e-01,-6.037907e-11
6.649000e-01,-1.202303e-10
6.650000e-01,-1.800814e-10
6.651000e-01,5.651319e-11
6.652000e-01,-3.337993e-12
6.653000e-01,-6.318917e-11
6.654000e-01,-1.230404e-10
6.655000e-01,-1.828915e-10
6.656000e-01,5.370309e-11
6.657000e-01,-6.148091e-12
6.658000e-01,-6.599927e-11
6.659000e-01,-1.258505e-10
6.660000e-01,-1.857016e-10
6.661000e-01,5.089299e-11
6.662000e-01,-8.958190e-12
6.663000e-01,-6.880937e-11
6.664000e-01,-1.286606e-10
6.665000e-01,-1.885117e-10
6.666000e-01,4.808289e-11
6.667000e-01,-1.176829e-11
6.668000e-01,-7.161947e-11
6.669000e-01,-1.314706e-10
6.670000e-01,1.051240e-10
6.671000e-01,4.527279e-11
6.672000e-01,-1.457839e-11
6.673000e-01,-7.442957e-11
6.674000e-01,-1.342807e-10
6.675000e-01,-1.941319e-10
6.676000e-01,4.246270e-11
6.677000e-01,-1.738849e-11
6.678000e-01,-7.723967e-11
6.679000e-01,-1.370908e-10
6.680000e-01,-1.969420e-10
6.681000e-01,-2.567932e-10
6.682000e-01,-3.166444e-10
6.683000e-01,-3.764956e-10
6.684000e-01,-4.363467e-10
6.685000e-01,-4.961979e-10
6.686000e-01,3.684250e-11
6.687000e-01,-2.300868e-11
6.688000e-01,-8.285986e-11
6.689000e-01,-1.427110e-10
6.690000e-01,-2.025622e-10
6.691000e-01,-2.624134e-10
6.692000e-01,-3.222646e-10
6.693000e-01,-3.821158e-10
6.694000e-01,-4.419669e-10
6.695000e-01,-5.018181e-10
6.696000e-01,3.122230e-11
6.697000e-01,-2.862888e-11
6.698000e-01,-8.848006e-11
6.699000e-01,-1.483312e-10
6.700000e-01,-2.081824e-10
6.701000e-01,-2.680336e-10
6.702000e-01,-3.278848e-10
6.703000e-01,-3.877360e-10
6.704000e-01,-4.475871e-10
6.705000e-01,-5.074383e-10
6.706000e-01,2.560210e-11
6.707000e-01,-3.424908e-11
6.708000e-01,-9.410026e-11
6.709000e-01,-1.539514e-10
6.710000e-01,-2.138026e-10
6.711000e-01,-2.736538e-10
6.712000e-01,-3.335050e-10
6.713000e-01,-3.933562e-10
6.714000e-01,-4.532073e-10
6.715000e-01,-5.130585e-10
6.716000e-01,1.998191e-11
6.717000e-01,-3.986927e-11
6.718000e-01,-9.972045e-11
6.719000e-01,-1.595716e-10
6.720000e-01,-2.194228e-10
6.721000e-01,-2.792740e-10
6.722000e-01,-3.391252e-10
6.723000e-01,-3.989764e-10
6.724000e-01,-4.588275e-10
6.725000e-01,-5.186787e-10
6.726000e-01,1.436171e-11
6.727000e-01,-4.548947e-11
6.728000e-01,-1.053407e-10
6.729000e-01,-1.651918e-10
6.730000e-01,-2.250430e-10
6.731000e-01,-2.848942e-10
6.732000e-01,-3.447454e-10
6.733000e-01,-4.045966e-10
6.734000e-01,-4.644477e-10
6.735000e-01,-5.242989e-10
6.736000e-01,8.741512e-12
6.737000e-01,-5.110967e-11
6.738000e-01,-1.109608e-10
6.739000e-01,-1.708120e-10
6.740000e-01,-2.306632e-10
6.741000e-01,-2.905144e-10
6.742000e-01,-3.503656e-10
6.743000e-01,-4.102168e-10
6.744000e-01,-4.700679e-10
6.745000e-01,-5.299191e-10
6.746000e-01,3.121315e-12
6.747000e-01,-5.672987e-11
6.748000e-01,-1.165810e-10
6.749000e-01,-1.764322e-10
6.750000e-01,-2.362834e-10
6.751000e-01,-2.961346e-10
6.752000e-01,-3.559858e-10
6.753000e-01,-4.158369e-10
6.754000e-01,-4.756881e-10
6.755000e-01,5.735230e-11
6.756000e-01,-2.498882e-12
6.757000e-01,-6.235006e-11
6.758000e-01,-1.222012e-10
6.759000e-01,-1.820524e-10
6.760000e-01,-2.419036e-10
6.761000e-01,-3.017548e-10
6.762000e-01,-3.616060e-10
6.763000e-01,-4.214571e-10
6.764000e-01,-4.813083e-10
6.765000e-01,5.173210e-11
6.766000e-01,-8.119079e-12
6.767000e-01,-6.797026e-11
6.768000e-01,-1.278214e-10
6.769000e-01,-1.876726e-10
6.770000e-01,-2.475238e-10
6.771000e-01,-3.073750e-10
6.772000e-01,-3.672262e-10
6.773000e-01,-4.270773e-10
6.774000e-01,1.059631e-10
6.775000e-01,4.611190e-11
6.776000e-01,-1.373928e-11
6.777000e-01,-7.359046e-11
6.778000e-01,-1.334416e-10
6.779000e-01,-1.932928e-10
6.780000e-01,-2.531440e-10
6.781000e-01,-3.129952e-10
6.782000e-01,-3.728464e-10
6.783000e-01,-4.326975e-10
6.784000e-01,1.003429e-10
6.785000e-01,4.049171e-11
6.786000e-01,-1.935947e-11
6.787000e-01,-7.921065e-11
6.788000e-01,-1.390618e-10
6.789000e-01,-1.989130e-10
6.790000e-01,-2.587642e-10
6.791000e-01,-3.186154e-10
6.792000e-01,-3.784666e-10
6.793000e-01,1.545739e-10
6.794000e-01,9.472269e-11
6.795000e-01,3.487151e-11
6.796000e-01,-2.497967e-11
6.797000e-01,-8.483085e-11
6.798000e-01,-1.446820e-10
6.799000e-01,-2.045332e-10
6.800000e-01,-2.643844e-10
6.801000e-01,-3.242356e-10
6.802000e-01,2.088049e-10
6.803000e-01,1.489537e-10
6.804000e-01,8.910249e-11
6.805000e-01,2.925131e-11
6.806000e-01,-3.059987e-11
6.807000e-01,-9.045105e-11
6.808000e-01,-1.503022e-10
6.809000e-01,-2.101534e-10
6.810000e-01,-2.700046e-10
6.811000e-01,-3.298558e-10
6.812000e-01,2.031847e-10
6.813000e-01,1.433335e-10
6.814000e-01,8.348230e-11
6.815000e-01,2.363112e-11
6.816000e-01,-3.622006e-11
6.817000e-01,-9.607124e-11
6.818000e-01,-1.559224e-10
6.819000e-01,-2.157736e-10
6.820000e-01,-2.756248e-10
6.821000e-01,2.574156e-10
6.822000e-01,1.975645e-10
6.823000e-01,1.377133e-10
6.824000e-01,7.786210e-11
6.825000e-01,1.801092e-11
6.826000e-01,-4.184026e-11
6.827000e-01,-1.016914e-10
6.828000e-01,-1.615426e-10
6.829000e-01,-2.213938e-10
6.830000e-01,-2.812450e-10
6.831000e-01,2.517954e-10
6.832000e-01,1.919443e-10
6.833000e-01,1.320931e-10
6.834000e-01,7.224190e-11
6.835000e-01,1.239072e-11
6.836000e-01,-4.746046e-11
6.837000e-01,-1.073116e-10
6.838000e-01,-1.671628e-10
6.839000e-01,-2.270140e-10
6.840000e-01,3.060264e-10
6.841000e-01,2.461752e-10
6.842000e-01,1.863241e-10
6.843000e-01,1.264729e-10
6.844000e-01,6.662171e-11
6.845000e-01,6.770525e-12
6.846000e-01,-5.308066e-11
6.847000e-01,-1.129318e-10
6.848000e-01,-1.727830e-10
6.849000e-01,-2.326342e-10
6.850000e-01,3.004062e-10
6.851000e-01,2.405550e-10
6.852000e-01,1.807039e-10
6.853000e-01,1.208527e-10
6.854000e-01,6.100151e-11
6.855000e-01,1.150328e-12
6.856000e-01,-5.870085e-11
6.857000e-01,-1.185520e-10
6.858000e-01,-1.784032e-10
6.859000e-01,3.546372e-10
6.860000e-01,2.947860e-10
6.861000e-01,2.349349e-10
6.862000e-01,1.750837e-10
6.863000e-01,1.152325e-10
6.864000e-01,5.538131e-11
6.865000e-01,-4.469870e-12
6.866000e-01,-6.432105e-11
6.867000e-01,-1.241722e-10
6.868000e-01,4.088682e-10
6.869000e-01,3.490170e-10
6.870000e-01,2.891658e-10
6.871000e-01,2.293147e-10
6.872000e-01,1.694635e-10
6.873000e-01,1.096123e-10
6.874000e-01,4.976111e-11
6.875000e-01,-1.009007e-11
6.876000e-01,-6.994125e-11
6.877000e-01,-1.297924e-10
6.878000e-01,4.032480e-10
6.879000e-01,3.433968e-10
6.880000e-01,2.835456e-10
6.881000e-01,2.236945e-10
6.882000e-01,1.638433e-10
6.883000e-01,1.039921e-10
6.884000e-01,4.414092e-11
6.885000e-01,-1.571026e-11
6.886000e-01,-7.556144e-11
6.887000e-01,-1.354126e-10
6.888000e-01,3.976278e-10
6.889000e-01,3.377766e-10
6.890000e-01,2.779254e-10
6.891000e-01,2.180743e-10
6.892000e-01,1.582231e-10
6.893000e-01,9.837190e-11
6.894000e-01,3.852072e-11
6.895000e-01,-2.133046e-11
6.896000e-01,-8.118164e-11
6.897000e-01,-1.410328e-10
6.898000e-01,3.920076e-10
6.899000e-01,3.321564e-10
6.900000e-01,2.723052e-10
6.901000e-01,2.124541e-10
6.902000e-01,1.526029e-10
6.903000e-01,9.275170e-11
6.904000e-01,3.290052e-11
6.905000e-01,-2.695066e-11
6.906000e-01,-8.680184e-11
6.907000e-01,-1.466530e-10
6.908000e-01,3.863874e-10
6.909000e-01,3.265362e-10
6.910000e-01,2.666850e-10
6.911000e-01,2.068339e-10
6.912000e-01,1.469827e-10
6.913000e-01,8.713151e-11
6.914000e-01,2.728033e-11
6.915000e-01,-3.257086e-11
6.916000e-01,-9.242204e-11
6.917000e-01,-1.522732e-10
6.918000e-01,3.807672e-10
6.919000e-01,3.209160e-10
6.920000e-01,2.610648e-10
6.921000e-01,2.012137e-10
6.922000e-01,1.413625e-10
6.923000e-01,8.151131e-11
6.924000e-01,2.166013e-11
6.925000e-01,-3.819105e-11
6.926000e-01,-9.804223e-11
6.927000e-01,-1.578934e-10
6.928000e-01,3.751470e-10
6.929000e-01,3.152958e-10
6.930000e-01,2.554447e-10
6.931000e-01,1.955935e-10
6.932000e-01,1.357423e-10
6.933000e-01,7.589111e-11
6.934000e-01,1.603993e-11
6.935000e-01,-4.381125e-11
6.936000e-01,-1.036624e-10
6.937000e-01,-1.635136e-10
6.938000e-01,3.695268e-10
6.939000e-01,3.096756e-10
6.940000e-01,2.498245e-10
6.941000e-01,1.899733e-10
6.942000e-01,1.301221e-10
6.943000e-01,7.027091e-11
6.944000e-01,1.041973e-11
6.945000e-01,-4.943145e-11
6.946000e-01,-1.092826e-10
6.947000e-01,-1.691338e-10
6.948000e-01,3.639066e-10
6.949000e-01,3.040554e-10
6.950000e-01,2.442043e-10
6.951000e-01,1.843531e-10
6.952000e-01,1.245019e-10
6.953000e-01,6.465072e-11
6.954000e-01,4.799537e-12
6.955000e-01,-5.505164e-11
6.956000e-01,-1.149028e-10
6.957000e-01,-1.747540e-10
6.958000e-01,3.582864e-10
6.959000e-01,2.984352e-10
6.960000e-01,2.385841e-10
6.961000e-01,1.787329e-10
6.962000e-01,1.188817e-10
6.963000e-01,5.903052e-11
6.964000e-01,-8.206603e-13
6.965000e-01,-6.067184e-11
6.966000e-01,-1.205230e-10
6.967000e-01,-1.803742e-10
6.968000e-01,3.526662e-10
6.969000e-01,2.928150e-10
6.970000e-01,2.329639e-10
6.971000e-01,1.731127e-10
6.972000e-01,1.132615e-10
6.973000e-01,5.341032e-11
6.974000e-01,-6.440857e-12
6.975000e-01,-6.629204e-11
6.976000e-01,-1.261432e-10
6.977000e-01,-1.859944e-10
6.978000e-01,3.470460e-10
6.979000e-01,2.871948e-10
6.980000e-01,2.273437e-10
6.981000e-01,1.674925e-10
6.982000e-01,1.076413e-10
6.983000e-01,4.779013e-11
6.984000e-01,-1.206105e-11
6.985000e-01,-7.191223e-11
6.986000e-01,-1.317634e-10
6.987000e-01,-1.916146e-10
6.988000e-01,3.414258e-10
6.989000e-01,2.815747e-10
6.990000e-01,2.217235e-10
6.991000e-01,1.618723e-10
6.992000e-01,1.020211e-10
6.993000e-01,4.216993e-11
6.994000e-01,-1.768125e-11
6.995000e-01,-7.753243e-11
6.996000e-01,-1.373836e-10
6.997000e-01,-1.972348e-10
6.998000e-01,3.358056e-10
6.999000e-01,2.759545e-10
7.000000e-01,2.161033e-10
7.001000e-01,1.562521e-10
7.002000e-01,9.640091e-11
7.003000e-01,3.654973e-11
7.004000e-01,-2.330145e-11
7.005000e-01,-8.315263e-11
7.006000e-01,-1.430038e-10
7.007000e-01,-2.028550e-10
7.008000e-01,-2.627062e-10
7.009000e-01,2.703343e-10
7.010000e-01,2.104831e-10
7.011000e-01,1.506319e-10
7.012000e-01,9.078072e-11
7.013000e-01,3.092953e-11
7.014000e-01,-2.892165e-11
7.015000e-01,-8.877283e-11
7.016000e-01,-1.486240e-10
7.017000e-01,-2.084752e-10
7.018000e-01,-2.683264e-10
7.019000e-01,2.647141e-10
7.020000e-01,2.048629e-10
7.021000e-01,1.450117e-10
7.022000e-01,8.516052e-11
7.023000e-01,2.530934e-11
7.024000e-01,-3.454184e-11
7.025000e-01,-9.439302e-11
7.026000e-01,-1.542442e-10
7.027000e-01,-2.140954e-10
7.028000e-01,-2.739466e-10
7.029000e-01,2.590939e-10
7.030000e-01,1.992427e-10
7.031000e-01,1.393915e-10
7.032000e-01,7.954032e-11
7.033000e-01,1.968914e-11
7.034000e-01,-4.016204e-11
7.035000e-01,-1.000132e-10
7.036000e-01,-1.598644e-10
7.037000e-01,-2.197156e-10
7.038000e-01,-2.795668e-10
7.039000e-01,2.534737e-10
7.040000e-01,1.936225e-10
7.041000e-01,1.337713e-10
7.042000e-01,7.392012e-11
7.043000e-01,1.406894e-11
7.044000e-01,-4.578224e-11
7.045000e-01,-1.056334e-10
7.046000e-01,-1.654846e-10
7.047000e-01,-2.253358e-10
7.048000e-01,-2.851870e-10
7.049000e-01,2.478535e-10
7.050000e-01,1.880023e-10
7.051000e-01,1.281511e-10
7.052000e-01,6.829993e-11
7.053000e-01,8.448746e-12
7.054000e-01,-5.140243e-11
7.055000e-01,-1.112536e-10
7.056000e-01,-1.711048e-10
7.057000e-01,-2.309560e-10
7.058000e-01,-2.908072e-10
7.059000e-01,2.422333e-10
7.060000e-01,1.823821e-10
7.061000e-01,1.225309e-10
7.062000e-01,6.267973e-11
7.063000e-01,2.828549e-12
7.064000e-01,-5.702263e-11
7.065000e-01,-1.168738e-10
7.066000e-01,-1.767250e-10
7.067000e-01,-2.365762e-10
7.068000e-01,-2.964274e-10
7.069000e-01,2.366131e-10
7.070000e-01,1.767619e-10
7.071000e-01,1.169107e-10
7.072000e-01,5.705953e-11
7.073000e-01,-2.791648e-12
7.074000e-01,-6.264283e-11
7.075000e-01,-1.224940e-10
7.076000e-01,-1.823452e-10
7.077000e-01,-2.421964e-10
7.078000e-01,-3.020476e-10
7.079000e-01,2.309929e-10
7.080000e-01,1.711417e-10
7.081000e-01,1.112905e-10
7.082000e-01,5.143934e-11
7.083000e-01,-8.411845e-12
7.084000e-01,-6.826303e-11
7.085000e-01,-1.281142e-10
7.086000e-01,-1.879654e-10
7.087000e-01,-2.478166e-10
7.088000e-01,-3.076677e-10
7.089000e-01,2.253727e-10
7.090000e-01,1.655215e-10
7.091000e-01,1.056703e-10
7.092000e-01,4.581914e-11
7.093000e-01,-1.403204e-11
7.094000e-01,-7.388322e-11
7.095000e-01,-1.337344e-10
7.096000e-01,-1.935856e-10
7.097000e-01,-2.534368e-10
7.098000e-01,-3.132879e-10
7.099000e-01,2.197525e-10
7.100000e-01,1.599013e-10
7.101000e-01,1.000501e-10
7.102000e-01,4.019894e-11
7.103000e-01,-1.965224e-11
7.104000e-01,-7.950342e-11
7.105000e-01,-1.393546e-10
7.106000e-01,-1.992058e-10
7.107000e-01,-2.590570e-10
7.108000e-01,-3.189081e-10
7.109000e-01,2.141323e-10
7.110000e-01,1.542811e-10
7.111000e-01,9.442992e-11
7.112000e-01,3.457874e-11
7.113000e-01,-2.527244e-11
7.114000e-01,-8.512362e-11
7.115000e-01,-1.449748e-10
7.116000e-01,-2.048260e-10
7.117000e-01,-2.646772e-10
7.118000e-01,-3.245283e-10
7.119000e-01,2.085121e-10
7.120000e-01,1.486609e-10
7.121000e-01,8.880973e-11
7.122000e-01,2.895855e-11
7.123000e-01,-3.089263e-11
7.124000e-01,-9.074381e-11
7.125000e-01,-1.505950e-10
7.126000e-01,-2.104462e-10
7.127000e-01,-2.702974e-10
7.128000e-01,-3.301485e-10
7.129000e-01,2.028919e-10
7.130000e-01,1.430407e-10
7.131000e-01,8.318953e-11
7.132000e-01,2.333835e-11
7.133000e-01,-3.651283e-11
7.134000e-01,-9.636401e-11
7.135000e-01,-1.562152e-10
7.136000e-01,-2.160664e-10
7.137000e-01,-2.759176e-10
7.138000e-01,-3.357687e-10
7.139000e-01,-3.956199e-10
7.140000e-01,1.374205e-10
7.141000e-01,7.756933e-11
7.142000e-01,1.771815e-11
7.143000e-01,-4.213303e-11
7.144000e-01,-1.019842e-10
7.145000e-01,-1.618354e-10
7.146000e-01,-2.216866e-10
7.147000e-01,-2.815377e-10
7.148000e-01,-3.413889e-10
7.149000e-01,-4.012401e-10
7.150000e-01,1.318003e-10
7.151000e-01,7.194914e-11
7.152000e-01,1.209796e-11
7.153000e-01,-4.775322e-11
7.154000e-01,-1.076044e-10
7.155000e-01,-1.674556e-10
7.156000e-01,-2.273068e-10
7.157000e-01,-2.871579e-10
7.158000e-01,-3.470091e-10
7.159000e-01,-4.068603e-10
7.160000e-01,1.261801e-10
7.161000e-01,6.632894e-11
7.162000e-01,6.477758e-12
7.163000e-01,-5.337342e-11
7.164000e-01,-1.132246e-10
7.165000e-01,-1.730758e-10
7.166000e-01,-2.329270e-10
7.167000e-01,-2.927781e-10
7.168000e-01,-3.526293e-10
7.169000e-01,-4.124805e-10
7.170000e-01,1.205599e-10
7.171000e-01,6.070874e-11
7.172000e-01,8.575613e-13
7.173000e-01,-5.899362e-11
7.174000e-01,-1.188448e-10
7.175000e-01,-1.786960e-10
7.176000e-01,-2.385472e-10
7.177000e-01,-2.983983e-10
7.178000e-01,-3.582495e-10
7.179000e-01,-4.181007e-10
7.180000e-01,1.149397e-10
7.181000e-01,5.508854e-11
7.182000e-01,-4.762636e-12
7.183000e-01,-6.461382e-11
7.184000e-01,-1.244650e-10
7.185000e-01,-1.843162e-10
7.186000e-01,-2.441674e-10
7.187000e-01,-3.040185e-10
7.188000e-01,-3.638697e-10
7.189000e-01,-4.237209e-10
7.190000e-01,1.093195e-10
7.191000e-01,4.946835e-11
7.192000e-01,-1.038283e-11
7.193000e-01,-7.023401e-11
7.194000e-01,-1.300852e-10
7.195000e-01,-1.899364e-10
7.196000e-01,-2.497876e-10
7.197000e-01,-3.096387e-10
7.198000e-01,-3.694899e-10
7.199000e-01,-4.293411e-10
7.200000e-01,1.036993e-10
7.201000e-01,4.384815e-11
7.202000e-01,-1.600303e-11
7.203000e-01,-7.585421e-11
7.204000e-01,-1.357054e-10
7.205000e-01,-1.955566e-10
7.206000e-01,-2.554078e-10
7.207000e-01,-3.152589e-10
7.208000e-01,-3.751101e-10
7.209000e-01,-4.349613e-10
7.210000e-01,9.807913e-11
7.211000e-01,3.822795e-11
7.212000e-01,-2.162323e-11
7.213000e-01,-8.147441e-11
7.214000e-01,-1.413256e-10
7.215000e-01,-2.011768e-10
7.216000e-01,-2.610279e-10
7.217000e-01,-3.208791e-10
7.218000e-01,-3.807303e-10
7.219000e-01,-4.405815e-10
7.220000e-01,9.245894e-11
7.221000e-01,3.260776e-11
7.222000e-01,-2.724342e-11
7.223000e-01,-8.709460e-11
7.224000e-01,-1.469458e-10
7.225000e-01,-2.067970e-10
7.226000e-01,-2.666481e-10
7.227000e-01,-3.264993e-10
7.228000e-01,-3.863505e-10
7.229000e-01,-4.462017e-10
7.230000e-01,8.683874e-11
7.231000e-01,2.698756e-11
7.232000e-01,-3.286362e-11
7.233000e-01,-9.271480e-11
7.234000e-01,-1.525660e-10
7.235000e-01,-2.124172e-10
7.236000e-01,-2.722683e-10
7.237000e-01,-3.321195e-10
7.238000e-01,-3.919707e-10
7.239000e-01,-4.518219e-10
7.240000e-01,8.121854e-11
7.241000e-01,2.136736e-11
7.242000e-01,-3.848382e-11
7.243000e-01,-9.833500e-11
7.244000e-01,-1.581862e-10
7.245000e-01,-2.180374e-10
7.246000e-01,-2.778885e-10
7.247000e-01,-3.377397e-10
7.248000e-01,-3.975909e-10
7.249000e-01,-4.574421e-10
7.250000e-01,7.559835e-11
7.251000e-01,1.574716e-11
7.252000e-01,-4.410402e-11
7.253000e-01,-1.039552e-10
7.254000e-01,-1.638064e-10
7.255000e-01,-2.236576e-10
7.256000e-01,-2.835087e-10
7.257000e-01,-3.433599e-10
7.258000e-01,-4.032111e-10
7.259000e-01,-4.630623e-10
7.260000e-01,6.997815e-11
7.261000e-01,1.012697e-11
7.262000e-01,-4.972421e-11
7.263000e-01,-1.095754e-10
7.264000e-01,-1.694266e-10
7.265000e-01,-2.292778e-10
7.266000e-01,-2.891289e-10
7.267000e-01,-3.489801e-10
7.268000e-01,-4.088313e-10
7.269000e-01,-4.686825e-10
7.270000e-01,-5.285337e-10
7.271000e-01,4.506771e-12
7.272000e-01,-5.534441e-11
7.273000e-01,-1.151956e-10
7.274000e-01,-1.750468e-10
7.275000e-01,-2.348980e-10
7.276000e-01,-2.947491e-10
7.277000e-01,-3.546003e-10
7.278000e-01,-4.144515e-10
7.279000e-01,-4.743027e-10
7.280000e-01,-5.341539e-10
7.281000e-01,-1.113427e-12
7.282000e-01,-6.096461e-11
7.283000e-01,-1.208158e-10
7.284000e-01,-1.806670e-10
7.285000e-01,-2.405181e-10
7.286000e-01,-3.003693e-10
7.287000e-01,-3.602205e-10
7.288000e-01,-4.200717e-10
7.289000e-01,-4.799229e-10
7.290000e-01,-5.397741e-10
7.291000e-01,-6.733624e-12
7.292000e-01,-6.658480e-11
7.293000e-01,-1.264360e-10
7.294000e-01,-1.862872e-10
7.295000e-01,-2.461383e-10
7.296000e-01,-3.059895e-10
7.297000e-01,-3.658407e-10
7.298000e-01,-4.256919e-10
7.299000e-01,-4.855431e-10
7.300000e-01,-5.453942e-10
7.301000e-01,-1.235382e-11
7.302000e-01,-7.220500e-11
7.303000e-01,-1.320562e-10
7.304000e-01,-1.919074e-10
7.305000e-01,-2.517585e-10
7.306000e-01,-3.116097e-10
7.307000e-01,-3.714609e-10
7.308000e-01,-4.313121e-10
7.309000e-01,-4.911633e-10
7.310000e-01,-5.510144e-10
7.311000e-01,-1.797402e-11
7.312000e-01,-7.782520e-11
7.313000e-01,-1.376764e-10
7.314000e-01,-1.975276e-10
7.315000e-01,-2.573787e-10
7.316000e-01,-3.172299e-10
7.317000e-01,-3.770811e-10
7.318000e-01,-4.369323e-10
7.319000e-01,-4.967835e-10
7.320000e-01,-5.566346e-10
7.321000e-01,-2.359421e-11
7.322000e-01,-8.344540e-11
7.323000e-01,-1.432966e-10
7.324000e-01,-2.031478e-10
7.325000e-01,-2.629989e-10
7.326000e-01,-3.228501e-10
7.327000e-01,-3.827013e-10
7.328000e-01,-4.425525e-10
7.329000e-01,-5.024037e-10
7.330000e-01,-5.622548e-10
7.331000e-01,-2.921441e-11
7.332000e-01,-8.906559e-11
7.333000e-01,-1.489168e-10
7.334000e-01,-2.087680e-10
7.335000e-01,-2.686191e-10
7.336000e-01,-3.284703e-10
7.337000e-01,-3.883215e-10
7.338000e-01,-4.481727e-10
7.339000e-01,-5.080239e-10
7.340000e-01,2.501657e-11
7.341000e-01,-3.483461e-11
7.342000e-01,-9.468579e-11
7.343000e-01,-1.545370e-10
7.344000e-01,-2.143882e-10
7.345000e-01,-2.742393e-10
7.346000e-01,-3.340905e-10
7.347000e-01,-3.939417e-10
7.348000e-01,-4.537929e-10
7.349000e-01,-5.136441e-10
7.350000e-01,1.939637e-11
7.351000e-01,-4.045481e-11
7.352000e-01,-1.003060e-10
7.353000e-01,-1.601572e-10
7.354000e-01,-2.200083e-10
7.355000e-01,-2.798595e-10
7.356000e-01,-3.397107e-10
7.357000e-01,-3.995619e-10
7.358000e-01,-4.594131e-10
7.359000e-01,7.362736e-11
7.360000e-01,1.377618e-11
7.361000e-01,-4.607500e-11
7.362000e-01,-1.059262e-10
7.363000e-01,-1.657774e-10
7.364000e-01,-2.256285e-10
7.365000e-01,-2.854797e-10
7.366000e-01,-3.453309e-10
7.367000e-01,-4.051821e-10
7.368000e-01,1.278583e-10
7.369000e-01,6.800716e-11
7.370000e-01,8.155980e-12
7.371000e-01,-5.169520e-11
7.372000e-01,-1.115464e-10
7.373000e-01,-1.713976e-10
7.374000e-01,-2.312487e-10
7.375000e-01,-2.910999e-10
7.376000e-01,-3.509511e-10
7.377000e-01,-4.108023e-10
7.378000e-01,1.222381e-10
7.379000e-01,6.238696e-11
7.380000e-01,2.535783e-12
7.381000e-01,-5.731540e-11
7.382000e-01,-1.171666e-10
7.383000e-01,-1.770178e-10
7.384000e-01,-2.368689e-10
7.385000e-01,-2.967201e-10
7.386000e-01,-3.565713e-10
7.387000e-01,1.764691e-10
7.388000e-01,1.166179e-10
7.389000e-01,5.676677e-11
7.390000e-01,-3.084414e-12
7.391000e-01,-6.293559e-11
7.392000e-01,-1.227868e-10
7.393000e-01,-1.826380e-10
7.394000e-01,-2.424891e-10
7.395000e-01,-3.023403e-10
7.396000e-01,-3.621915e-10
7.397000e-01,1.708489e-10
7.398000e-01,1.109977e-10
7.399000e-01,5.114657e-11
7.400000e-01,-8.704611e-12
7.401000e-01,-6.855579e-11
7.402000e-01,-1.284070e-10
7.403000e-01,-1.882582e-10
7.404000e-01,-2.481093e-10
7.405000e-01,-3.079605e-10
7.406000e-01,2.250799e-10
7.407000e-01,1.652287e-10
7.408000e-01,1.053776e-10
7.409000e-01,4.552637e-11
7.410000e-01,-1.432481e-11
7.411000e-01,-7.417599e-11
7.412000e-01,-1.340272e-10
7.413000e-01,-1.938783e-10
7.414000e-01,-2.537295e-10
7.415000e-01,-3.135807e-10
7.416000e-01,2.194597e-10
7.417000e-01,1.596085e-10
7.418000e-01,9.975736e-11
7.419000e-01,3.990617e-11
7.420000e-01,-1.994501e-11
7.421000e-01,-7.979619e-11
7.422000e-01,-1.396474e-10
7.423000e-01,-1.994985e-10
7.424000e-01,-2.593497e-10
7.425000e-01,2.736907e-10
7.426000e-01,2.138395e-10
7.427000e-01,1.539883e-10
7.428000e-01,9.413716e-11
7.429000e-01,3.428598e-11
7.430000e-01,-2.556520e-11
7.431000e-01,-8.541638e-11
7.432000e-01,-1.452676e-10
7.433000e-01,-2.051187e-10
7.434000e-01,3.279217e-10
7.435000e-01,2.680705e-10
7.436000e-01,2.082193e-10
7.437000e-01,1.483681e-10
7.438000e-01,8.851696e-11
7.439000e-01,2.866578e-11
7.440000e-01,-3.118540e-11
7.441000e-01,-9.103658e-11
7.442000e-01,-1.508878e-10
7.443000e-01,-2.107389e-10
7.444000e-01,3.223015e-10
7.445000e-01,2.624503e-10
7.446000e-01,2.025991e-10
7.447000e-01,1.427479e-10
7.448000e-01,8.289676e-11
7.449000e-01,2.304558e-11
7.450000e-01,-3.680560e-11
7.451000e-01,-9.665678e-11
7.452000e-01,-1.565080e-10
7.453000e-01,3.765325e-10
7.454000e-01,3.166813e-10
7.455000e-01,2.568301e-10
7.456000e-01,1.969789e-10
7.457000e-01,1.371277e-10
7.458000e-01,7.727657e-11
7.459000e-01,1.742539e-11
7.460000e-01,-4.242579e-11
7.461000e-01,-1.022770e-10
7.462000e-01,-1.621282e-10
7.463000e-01,3.709123e-10
7.464000e-01,3.110611e-10
7.465000e-01,2.512099e-10
7.466000e-01,1.913587e-10
7.467000e-01,1.315076e-10
7.468000e-01,7.165637e-11
7.469000e-01,1.180519e-11
7.470000e-01,-4.804599e-11
7.471000e-01,-1.078972e-10
7.472000e-01,4.251433e-10
7.473000e-01,3.652921e-10
7.474000e-01,3.054409e-10
7.475000e-01,2.455897e-10
7.476000e-01,1.857385e-10
7.477000e-01,1.258874e-10
7.478000e-01,6.603617e-11
7.479000e-01,6.184992e-12
7.480000e-01,-5.366619e-11
7.481000e-01,-1.135174e-10
7.482000e-01,4.195231e-10
7.483000e-01,3.596719e-10
7.484000e-01,2.998207e-10
7.485000e-01,2.399695e-10
7.486000e-01,1.801183e-10
7.487000e-01,1.202672e-10
7.488000e-01,6.041598e-11
7.489000e-01,5.647950e-13
7.490000e-01,-5.928639e-11
7.491000e-01,-1.191376e-10
7.492000e-01,4.139029e-10
7.493000e-01,3.540517e-10
7.494000e-01,2.942005e-10
7.495000e-01,2.343493e-10
7.496000e-01,1.744981e-10
7.497000e-01,1.146470e-10
7.498000e-01,5.479578e-11
7.499000e-01,-5.055402e-12
7.500000e-01,-6.490658e-11
7.501000e-01,-1.247578e-10
7.502000e-01,4.082827e-10
7.503000e-01,3.484315e-10
7.504000e-01,2.885803e-10
7.505000e-01,2.287291e-10
7.506000e-01,1.688779e-10
7.507000e-01,1.090268e-10
7.508000e-01,4.917558e-11
7.509000e-01,-1.067560e-11
7.510000e-01,-7.052678e-11
7.511000e-01,-1.303780e-10
7.512000e-01,4.026625e-10
7.513000e-01,3.428113e-10
7.514000e-01,2.829601e-10
7.515000e-01,2.231089e-10
7.516000e-01,1.632577e-10
7.517000e-01,1.034066e-10
7.518000e-01,4.355538e-11
7.519000e-01,-1.629580e-11
7.520000e-01,-7.614698e-11
7.521000e-01,-1.359982e-10
7.522000e-01,3.970423e-10
7.523000e-01,3.371911e-10
7.524000e-01,2.773399e-10
7.525000e-01,2.174887e-10
7.526000e-01,1.576375e-10
7.527000e-01,9.778637e-11
7.528000e-01,3.793519e-11
7.529000e-01,-2.191599e-11
7.530000e-01,-8.176717e-11
7.531000e-01,-1.416184e-10
7.532000e-01,-2.014695e-10
7.533000e-01,3.315709e-10
7.534000e-01,2.717197e-10
7.535000e-01,2.118685e-10
7.536000e-01,1.520174e-10
7.537000e-01,9.216617e-11
7.538000e-01,3.231499e-11
7.539000e-01,-2.753619e-11
7.540000e-01,-8.738737e-11
7.541000e-01,-1.472386e-10
7.542000e-01,-2.070897e-10
7.543000e-01,3.259507e-10
7.544000e-01,2.660995e-10
7.545000e-01,2.062483e-10
7.546000e-01,1.463972e-10
7.547000e-01,8.654597e-11
7.548000e-01,2.669479e-11
7.549000e-01,-3.315639e-11
7.550000e-01,-9.300757e-11
7.551000e-01,-1.528587e-10
7.552000e-01,-2.127099e-10
7.553000e-01,3.203305e-10
7.554000e-01,2.604793e-10
7.555000e-01,2.006281e-10
7.556000e-01,1.407770e-10
7.557000e-01,8.092578e-11
7.558000e-01,2.107460e-11
7.559000e-01,-3.877658e-11
7.560000e-01,-9.862777e-11
7.561000e-01,-1.584789e-10
7.562000e-01,-2.183301e-10
7.563000e-01,3.147103e-10
7.564000e-01,2.548591e-10
7.565000e-01,1.950079e-10
7.566000e-01,1.351568e-10
7.567000e-01,7.530558e-11
7.568000e-01,1.545440e-11
7.569000e-01,-4.439678e-11
7.570000e-01,-1.042480e-10
7.571000e-01,-1.640991e-10
7.572000e-01,-2.239503e-10
7.573000e-01,3.090901e-10
7.574000e-01,2.492389e-10
7.575000e-01,1.893877e-10
7.576000e-01,1.295366e-10
7.577000e-01,6.968538e-11
7.578000e-01,9.834201e-12
7.579000e-01,-5.001698e-11
7.580000e-01,-1.098682e-10
7.581000e-01,-1.697193e-10
7.582000e-01,-2.295705e-10
7.583000e-01,3.034699e-10
7.584000e-01,2.436187e-10
7.585000e-01,1.837675e-10
7.586000e-01,1.239164e-10
7.587000e-01,6.406518e-11
7.588000e-01,4.214004e-12
7.589000e-01,-5.563718e-11
7.590000e-01,-1.154884e-10
7.591000e-01,-1.753395e-10
7.592000e-01,-2.351907e-10
7.593000e-01,2.978497e-10
7.594000e-01,2.379985e-10
7.595000e-01,1.781473e-10
7.596000e-01,1.182962e-10
7.597000e-01,5.844499e-11
7.598000e-01,-1.406193e-12
7.599000e-01,-6.125737e-11
7.600000e-01,-1.211086e-10
7.601000e-01,-1.809597e-10
7.602000e-01,-2.408109e-10
7.603000e-01,2.922295e-10
7.604000e-01,2.323783e-10
7.605000e-01,1.725272e-10
7.606000e-01,1.126760e-10
7.607000e-01,5.282479e-11
7.608000e-01,-7.026390e-12
7.609000e-01,-6.687757e-11
7.610000e-01,-1.267288e-10
7.611000e-01,-1.865799e-10
7.612000e-01,-2.464311e-10
7.613000e-01,2.866093e-10
7.614000e-01,2.267581e-10
7.615000e-01,1.669070e-10
7.616000e-01,1.070558e-10
7.617000e-01,4.720459e-11
7.618000e-01,-1.264659e-11
7.619000e-01,-7.249777e-11
7.620000e-01,-1.323489e-10
7.621000e-01,-1.922001e-10
7.622000e-01,-2.520513e-10
7.623000e-01,2.809891e-10
7.624000e-01,2.211379e-10
7.625000e-01,1.612868e-10
7.626000e-01,1.014356e-10
7.627000e-01,4.158440e-11
7.628000e-01,-1.826678e-11
7.629000e-01,-7.811796e-11
7.630000e-01,-1.379691e-10
7.631000e-01,-1.978203e-10
7.632000e-01,-2.576715e-10
7.633000e-01,2.753689e-10
7.634000e-01,2.155177e-10
7.635000e-01,1.556666e-10
7.636000e-01,9.581538e-11
7.637000e-01,3.596420e-11
7.638000e-01,-2.388698e-11
7.639000e-01,-8.373816e-11
7.640000e-01,-1.435893e-10
7.641000e-01,-2.034405e-10
7.642000e-01,-2.632917e-10
7.643000e-01,2.697487e-10
7.644000e-01,2.098975e-10
7.645000e-01,1.500464e-10
7.646000e-01,9.019518e-11
7.647000e-01,3.034400e-11
7.648000e-01,-2.950718e-11
7.649000e-01,-8.935836e-11
7.650000e-01,-1.492095e-10
7.651000e-01,-2.090607e-10
7.652000e-01,-2.689119e-10
7.653000e-01,2.641285e-10
7.654000e-01,2.042773e-10
7.655000e-01,1.444262e-10
7.656000e-01,8.457499e-11
7.657000e-01,2.472381e-11
7.658000e-01,-3.512738e-11
7.659000e-01,-9.497856e-11
7.660000e-01,-1.548297e-10
7.661000e-01,-2.146809e-10
7.662000e-01,-2.745321e-10
7.663000e-01,2.585083e-10
7.664000e-01,1.986571e-10
7.665000e-01,1.388060e-10
7.666000e-01,7.895479e-11
7.667000e-01,1.910361e-11
7.668000e-01,-4.074757e-11
7.669000e-01,-1.005988e-10
7.670000e-01,-1.604499e-10
7.671000e-01,-2.203011e-10
7.672000e-01,-2.801523e-10
7.673000e-01,-3.400035e-10
7.674000e-01,1.930370e-10
7.675000e-01,1.331858e-10
7.676000e-01,7.333459e-11
7.677000e-01,1.348341e-11
7.678000e-01,-4.636777e-11
7.679000e-01,-1.062190e-10
7.680000e-01,-1.660701e-10
7.681000e-01,-2.259213e-10
7.682000e-01,-2.857725e-10
7.683000e-01,-3.456237e-10
7.684000e-01,1.874168e-10
7.685000e-01,1.275656e-10
7.686000e-01,6.771439e-11
7.687000e-01,7.863214e-12
7.688000e-01,-5.198797e-11
7.689000e-01,-1.118391e-10
7.690000e-01,-1.716903e-10
7.691000e-01,-2.315415e-10
7.692000e-01,-2.913927e-10
7.693000e-01,-3.512439e-10
7.694000e-01,1.817966e-10
7.695000e-01,1.219454e-10
7.696000e-01,6.209420e-11
7.697000e-01,2.243017e-12
7.698000e-01,-5.760816e-11
7.699000e-01,-1.174593e-10
7.700000e-01,-1.773105e-10
7.701000e-01,-2.371617e-10
7.702000e-01,-2.970129e-10
7.703000e-01,-3.568641e-10
7.704000e-01,1.761764e-10
7.705000e-01,1.163252e-10
7.706000e-01,5.647400e-11
7.707000e-01,-3.377181e-12
7.708000e-01,-6.322836e-11
7.709000e-01,-1.230795e-10
7.710000e-01,-1.829307e-10
7.711000e-01,-2.427819e-10
7.712000e-01,-3.026331e-10
7.713000e-01,-3.624843e-10
7.714000e-01,1.705562e-10
7.715000e-01,1.107050e-10
7.716000e-01,5.085380e-11
7.717000e-01,-8.997378e-12
7.718000e-01,-6.884856e-11
7.719000e-01,-1.286997e-10
7.720000e-01,-1.885509e-10
7.721000e-01,-2.484021e-10
7.722000e-01,-3.082533e-10
7.723000e-01,-3.681045e-10
7.724000e-01,1.649360e-10
7.725000e-01,1.050848e-10
7.726000e-01,4.523361e-11
7.727000e-01,-1.461757e-11
7.728000e-01,-7.446876e-11
7.729000e-01,-1.343199e-10
7.730000e-01,-1.941711e-10
7.731000e-01,-2.540223e-10
7.732000e-01,-3.138735e-10
7.733000e-01,-3.737247e-10
7.734000e-01,1.593158e-10
7.735000e-01,9.946459e-11
7.736000e-01,3.961341e-11
7.737000e-01,-2.023777e-11
7.738000e-01,-8.008895e-11
7.739000e-01,-1.399401e-10
7.740000e-01,-1.997913e-10
7.741000e-01,-2.596425e-10
7.742000e-01,-3.194937e-10
7.743000e-01,-3.793449e-10
7.744000e-01,1.536956e-10
7.745000e-01,9.384439e-11
7.746000e-01,3.399321e-11
7.747000e-01,-2.585797e-11
7.748000e-01,-8.570915e-11
7.749000e-01,-1.455603e-10
7.750000e-01,-2.054115e-10
7.751000e-01,-2.652627e-10
7.752000e-01,-3.251139e-10
7.753000e-01,-3.849651e-10
7.754000e-01,1.480754e-10
7.755000e-01,8.822419e-11
7.756000e-01,2.837301e-11
7.757000e-01,-3.147817e-11
7.758000e-01,-9.132935e-11
7.759000e-01,-1.511805e-10
7.760000e-01,-2.110317e-10
7.761000e-01,-2.708829e-10
7.762000e-01,-3.307341e-10
7.763000e-01,-3.905852e-10
7.764000e-01,1.424552e-10
7.765000e-01,8.260400e-11
7.766000e-01,2.275282e-11
7.767000e-01,-3.709836e-11
7.768000e-01,-9.694954e-11
7.769000e-01,-1.568007e-10
7.770000e-01,-2.166519e-10
7.771000e-01,-2.765031e-10
7.772000e-01,-3.363543e-10
7.773000e-01,-3.962054e-10
7.774000e-01,1.368350e-10
7.775000e-01,7.698380e-11
7.776000e-01,1.713262e-11
7.777000e-01,-4.271856e-11
7.778000e-01,-1.025697e-10
7.779000e-01,-1.624209e-10
7.780000e-01,-2.222721e-10
7.781000e-01,-2.821233e-10
7.782000e-01,-3.419745e-10
7.783000e-01,-4.018256e-10
7.784000e-01,1.312148e-10
7.785000e-01,7.136360e-11
7.786000e-01,1.151242e-11
7.787000e-01,-4.833876e-11
7.788000e-01,-1.081899e-10
7.789000e-01,-1.680411e-10
7.790000e-01,-2.278923e-10
7.791000e-01,-2.877435e-10
7.792000e-01,-3.475947e-10
7.793000e-01,-4.074458e-10
7.794000e-01,1.255946e-10
7.795000e-01,6.574341e-11
7.796000e-01,5.892226e-12
7.797000e-01,-5.395895e-11
7.798000e-01,-1.138101e-10
7.799000e-01,-1.736613e-10
7.800000e-01,-2.335125e-10
7.801000e-01,-2.933637e-10
7.802000e-01,-3.532149e-10
7.803000e-01,-4.130660e-10
7.804000e-01,-4.729172e-10
7.805000e-01,6.012321e-11
7.806000e-01,2.720288e-13
7.807000e-01,-5.957915e-11
7.808000e-01,-1.194303e-10
7.809000e-01,-1.792815e-10
7.810000e-01,-2.391327e-10
7.811000e-01,-2.989839e-10
7.812000e-01,-3.588351e-10
7.813000e-01,-4.186862e-10
7.814000e-01,-4.785374e-10
7.815000e-01,5.450301e-11
7.816000e-01,-5.348168e-12
7.817000e-01,-6.519935e-11
7.818000e-01,-1.250505e-10
7.819000e-01,-1.849017e-10
7.820000e-01,-2.447529e-10
7.821000e-01,-3.046041e-10
7.822000e-01,-3.644553e-10
7.823000e-01,-4.243064e-10
7.824000e-01,-4.841576e-10
7.825000e-01,4.888282e-11
7.826000e-01,-1.096837e-11
7.827000e-01,-7.081955e-11
7.828000e-01,-1.306707e-10
7.829000e-01,-1.905219e-10
7.830000e-01,-2.503731e-10
7.831000e-01,-3.102243e-10
7.832000e-01,-3.700754e-10
7.833000e-01,-4.299266e-10
7.834000e-01,-4.897778e-10
7.835000e-01,4.326262e-11
7.836000e-01,-1.658856e-11
7.837000e-01,-7.643974e-11
7.838000e-01,-1.362909e-10
7.839000e-01,-1.961421e-10
7.840000e-01,-2.559933e-10
7.841000e-01,-3.158445e-10
7.842000e-01,-3.756956e-10
7.843000e-01,-4.355468e-10
7.844000e-01,-4.953980e-10
7.845000e-01,3.764242e-11
7.846000e-01,-2.220876e-11
7.847000e-01,-8.205994e-11
7.848000e-01,-1.419111e-10
7.849000e-01,-2.017623e-10
7.850000e-01,-2.616135e-10
7.851000e-01,-3.214647e-10
7.852000e-01,-3.813158e-10
7.853000e-01,-4.411670e-10
7.854000e-01,-5.010182e-10
7.855000e-01,3.202222e-11
7.856000e-01,-2.782896e-11
7.857000e-01,-8.768014e-11
7.858000e-01,-1.475313e-10
7.859000e-01,-2.073825e-10
7.860000e-01,-2.672337e-10
7.861000e-01,-3.270849e-10
7.862000e-01,-3.869360e-10
7.863000e-01,-4.467872e-10
7.864000e-01,-5.066384e-10
7.865000e-01,2.640203e-11
7.866000e-01,-3.344915e-11
7.867000e-01,-9.330033e-11
7.868000e-01,-1.531515e-10
7.869000e-01,-2.130027e-10
7.870000e-01,-2.728539e-10
7.871000e-01,-3.327051e-10
7.872000e-01,-3.925562e-10
7.873000e-01,-4.524074e-10
7.874000e-01,-5.122586e-10
7.875000e-01,2.078183e-11
7.876000e-01,-3.906935e-11
7.877000e-01,-9.892053e-11
7.878000e-01,-1.587717e-10
7.879000e-01,-2.186229e-10
7.880000e-01,-2.784741e-10
7.881000e-01,-3.383253e-10
7.882000e-01,-3.981764e-10
7.883000e-01,-4.580276e-10
7.884000e-01,-5.178788e-10
7.885000e-01,1.516163e-11
7.886000e-01,-4.468955e-11
7.887000e-01,-1.045407e-10
7.888000e-01,-1.643919e-10
7.889000e-01,-2.242431e-10
7.890000e-01,-2.840943e-10
7.891000e-01,-3.439455e-10
7.892000e-01,-4.037966e-10
7.893000e-01,-4.636478e-10
7.894000e-01,-5.234990e-10
7.895000e-01,9.541435e-12
7.896000e-01,-5.030975e-11
7.897000e-01,-1.101609e-10
7.898000e-01,-1.700121e-10
7.899000e-01,-2.298633e-10
7.900000e-01,-2.897145e-10
7.901000e-01,-3.495656e-10
7.902000e-01,-4.094168e-10
7.903000e-01,-4.692680e-10
7.904000e-01,-5.291192e-10
7.905000e-01,3.921238e-12
7.906000e-01,-5.592994e-11
7.907000e-01,-1.157811e-10
7.908000e-01,-1.756323e-10
7.909000e-01,-2.354835e-10
7.910000e-01,-2.953347e-10
7.911000e-01,-3.551858e-10
7.912000e-01,-4.150370e-10
7.913000e-01,-4.748882e-10
7.914000e-01,-5.347394e-10
7.915000e-01,-1.698959e-12
7.916000e-01,-6.155014e-11
7.917000e-01,-1.214013e-10
7.918000e-01,-1.812525e-10
7.919000e-01,-2.411037e-10
7.920000e-01,-3.009549e-10
7.921000e-01,-3.608060e-10
7.922000e-01,-4.206572e-10
7.923000e-01,-4.805084e-10
7.924000e-01,-5.403596e-10
7.925000e-01,-7.319156e-12
7.926000e-01,-6.717034e-11
7.927000e-01,-1.270215e-10
7.928000e-01,-1.868727e-10
7.929000e-01,-2.467239e-10
7.930000e-01,-3.065751e-10
7.931000e-01,-3.664262e-10
7.932000e-01,-4.262774e-10
7.933000e-01,-4.861286e-10
7.934000e-01,4.691183e-11
7.935000e-01,-1.293935e-11
7.936000e-01,-7.279053e-11
7.937000e-01,-1.326417e-10
7.938000e-01,-1.924929e-10
7.939000e-01,-2.523441e-10
7.940000e-01,-3.121953e-10
7.941000e-01,-3.720464e-10
7.942000e-01,-4.318976e-10
7.943000e-01,-4.917488e-10
7.944000e-01,4.129163e-11
7.945000e-01,-1.855955e-11
7.946000e-01,-7.841073e-11
7.947000e-01,-1.382619e-10
7.948000e-01,-1.981131e-10
7.949000e-01,-2.579643e-10
7.950000e-01,-3.178155e-10
7.951000e-01,-3.776666e-10
7.952000e-01,-4.375178e-10
7.953000e-01,9.552261e-11
7.954000e-01,3.567143e-11
7.955000e-01,-2.417975e-11
7.956000e-01,-8.403093e-11
7.957000e-01,-1.438821e-10
7.958000e-01,-2.037333e-10
7.959000e-01,-2.635845e-10
7.960000e-01,-3.234356e-10
7.961000e-01,-3.832868e-10
7.962000e-01,-4.431380e-10
7.963000e-01,8.990242e-11
7.964000e-01,3.005124e-11
7.965000e-01,-2.979994e-11
7.966000e-01,-8.965112e-11
7.967000e-01,-1.495023e-10
7.968000e-01,-2.093535e-10
7.969000e-01,-2.692047e-10
7.970000e-01,-3.290558e-10
7.971000e-01,-3.889070e-10
7.972000e-01,1.441334e-10
7.973000e-01,8.428222e-11
7.974000e-01,2.443104e-11
7.975000e-01,-3.542014e-11
7.976000e-01,-9.527132e-11
7.977000e-01,-1.551225e-10
7.978000e-01,-2.149737e-10
7.979000e-01,-2.748249e-10
7.980000e-01,-3.346760e-10
7.981000e-01,-3.945272e-10
7.982000e-01,1.385132e-10
7.983000e-01,7.866202e-11
7.984000e-01,1.881084e-11
7.985000e-01,-4.104034e-11
7.986000e-01,-1.008915e-10
7.987000e-01,-1.607427e-10
7.988000e-01,-2.205939e-10
7.989000e-01,-2.804451e-10
7.990000e-01,-3.402962e-10
7.991000e-01,1.927442e-10
7.992000e-01,1.328930e-10
7.993000e-01,7.304183e-11
7.994000e-01,1.319064e-11
7.995000e-01,-4.666054e-11
7.996000e-01,-1.065117e-10
7.997000e-01,-1.663629e-10
7.998000e-01,-2.262141e-10
7.999000e-01,-2.860653e-10
8.000000e-01,-3.459164e-10
8.001000e-01,1.871240e-10
8.002000e-01,1.272728e-10
8.003000e-01,6.742163e-11
8.004000e-01,7.570447e-12
8.005000e-01,-5.228073e-11
8.006000e-01,-1.121319e-10
8.007000e-01,-1.719831e-10
8.008000e-01,-2.318343e-10
8.009000e-01,-2.916855e-10
8.010000e-01,2.413550e-10
8.011000e-01,1.815038e-10
8.012000e-01,1.216526e-10
8.013000e-01,6.180143e-11
8.014000e-01,1.950250e-12
8.015000e-01,-5.790093e-11
8.016000e-01,-1.177521e-10
8.017000e-01,-1.776033e-10
8.018000e-01,-2.374545e-10
8.019000e-01,2.955860e-10
8.020000e-01,2.357348e-10
8.021000e-01,1.758836e-10
8.022000e-01,1.160324e-10
8.023000e-01,5.618123e-11
8.024000e-01,-3.669947e-12
8.025000e-01,-6.352113e-11
8.026000e-01,-1.233723e-10
8.027000e-01,-1.832235e-10
8.028000e-01,-2.430747e-10
8.029000e-01,2.899658e-10
8.030000e-01,2.301146e-10
8.031000e-01,1.702634e-10
8.032000e-01,1.104122e-10
8.033000e-01,5.056104e-11
8.034000e-01,-9.290144e-12
8.035000e-01,-6.914132e-11
8.036000e-01,-1.289925e-10
8.037000e-01,-1.888437e-10
8.038000e-01,3.441967e-10
8.039000e-01,2.843456e-10
8.040000e-01,2.244944e-10
8.041000e-01,1.646432e-10
8.042000e-01,1.047920e-10
8.043000e-01,4.494084e-11
8.044000e-01,-1.491034e-11
8.045000e-01,-7.476152e-11
8.046000e-01,-1.346127e-10
8.047000e-01,-1.944639e-10
8.048000e-01,3.385765e-10
8.049000e-01,2.787254e-10
8.050000e-01,2.188742e-10
8.051000e-01,1.590230e-10
8.052000e-01,9.917182e-11
8.053000e-01,3.932064e-11
8.054000e-01,-2.053054e-11
8.055000e-01,-8.038172e-11
8.056000e-01,-1.402329e-10
8.057000e-01,3.928075e-10
8.058000e-01,3.329563e-10
8.059000e-01,2.731052e-10
8.060000e-01,2.132540e-10
8.061000e-01,1.534028e-10
8.062000e-01,9.355163e-11
8.063000e-01,3.370045e-11
8.064000e-01,-2.615074e-11
8.065000e-01,-8.600192e-11
8.066000e-01,-1.458531e-10
8.067000e-01,3.871873e-10
8.068000e-01,3.273362e-10
8.069000e-01,2.674850e-10
8.070000e-01,2.076338e-10
8.071000e-01,1.477826e-10
8.072000e-01,8.793143e-11
8.073000e-01,2.808025e-11
8.074000e-01,-3.177093e-11
8.075000e-01,-9.162211e-11
8.076000e-01,-1.514733e-10
8.077000e-01,3.815671e-10
8.078000e-01,3.217160e-10
8.079000e-01,2.618648e-10
8.080000e-01,2.020136e-10
8.081000e-01,1.421624e-10
8.082000e-01,8.231123e-11
8.083000e-01,2.246005e-11
8.084000e-01,-3.739113e-11
8.085000e-01,-9.724231e-11
8.086000e-01,-1.570935e-10
8.087000e-01,3.759469e-10
8.088000e-01,3.160958e-10
8.089000e-01,2.562446e-10
8.090000e-01,1.963934e-10
8.091000e-01,1.365422e-10
8.092000e-01,7.669103e-11
8.093000e-01,1.683985e-11
8.094000e-01,-4.301133e-11
8.095000e-01,-1.028625e-10
8.096000e-01,-1.627137e-10
8.097000e-01,3.703267e-10
8.098000e-01,3.104756e-10
8.099000e-01,2.506244e-10
8.100000e-01,1.907732e-10
8.101000e-01,1.309220e-10
8.102000e-01,7.107084e-11
8.103000e-01,1.121966e-11
8.104000e-01,-4.863152e-11
8.105000e-01,-1.084827e-10
8.106000e-01,-1.683339e-10
8.107000e-01,3.647065e-10
8.108000e-01,3.048554e-10
8.109000e-01,2.450042e-10
8.110000e-01,1.851530e-10
8.111000e-01,1.253018e-10
8.112000e-01,6.545064e-11
8.113000e-01,5.599460e-12
8.114000e-01,-5.425172e-11
8.115000e-01,-1.141029e-10
8.116000e-01,-1.739541e-10
8.117000e-01,3.590863e-10
8.118000e-01,2.992352e-10
8.119000e-01,2.393840e-10
8.120000e-01,1.795328e-10
8.121000e-01,1.196816e-10
8.122000e-01,5.983044e-11
8.123000e-01,-2.073745e-14
8.124000e-01,-5.987192e-11
8.125000e-01,-1.197231e-10
8.126000e-01,-1.795743e-10
8.127000e-01,3.534661e-10
8.128000e-01,2.936150e-10
8.129000e-01,2.337638e-10
8.130000e-01,1.739126e-10
8.131000e-01,1.140614e-10
8.132000e-01,5.421025e-11
8.133000e-01,-5.640935e-12
8.134000e-01,-6.549212e-11
8.135000e-01,-1.253433e-10
8.136000e-01,-1.851945e-10
8.137000e-01,3.478460e-10
8.138000e-01,2.879948e-10
8.139000e-01,2.281436e-10
8.140000e-01,1.682924e-10
8.141000e-01,1.084412e-10
8.142000e-01,4.859005e-11
8.143000e-01,-1.126113e-11
8.144000e-01,-7.111231e-11
8.145000e-01,-1.309635e-10
8.146000e-01,-1.908147e-10
8.147000e-01,3.422258e-10
8.148000e-01,2.823746e-10
8.149000e-01,2.225234e-10
8.150000e-01,1.626722e-10
8.151000e-01,1.028210e-10
8.152000e-01,4.296985e-11
8.153000e-01,-1.688133e-11
8.154000e-01,-7.673251e-11
8.155000e-01,-1.365837e-10
8.156000e-01,-1.964349e-10
8.157000e-01,3.366056e-10
8.158000e-01,2.767544e-10
8.159000e-01,2.169032e-10
8.160000e-01,1.570520e-10
8.161000e-01,9.720083e-11
8.162000e-01,3.734965e-11
8.163000e-01,-2.250153e-11
8.164000e-01,-8.235271e-11
8.165000e-01,-1.422039e-10
8.166000e-01,-2.020551e-10
8.167000e-01,3.309854e-10
8.168000e-01,2.711342e-10
8.169000e-01,2.112830e-10
8.170000e-01,1.514318e-10
8.171000e-01,9.158064e-11
8.172000e-01,3.172946e-11
8.173000e-01,-2.812172e-11
8.174000e-01,-8.797290e-11
8.175000e-01,-1.478241e-10
8.176000e-01,-2.076753e-10
8.177000e-01,3.253652e-10
8.178000e-01,2.655140e-10
8.179000e-01,2.056628e-10
8.180000e-01,1.458116e-10
8.181000e-01,8.596044e-11
8.182000e-01,2.610926e-11
8.183000e-01,-3.374192e-11
8.184000e-01,-9.359310e-11
8.185000e-01,-1.534443e-10
8.186000e-01,-2.132955e-10
8.187000e-01,3.197450e-10
8.188000e-01,2.598938e-10
8.189000e-01,2.000426e-10
8.190000e-01,1.401914e-10
8.191000e-01,8.034024e-11
8.192000e-01,2.048906e-11
8.193000e-01,-3.936212e-11
8.194000e-01,-9.921330e-11
8.195000e-01,-1.590645e-10
8.196000e-01,-2.189157e-10
8.197000e-01,-2.787668e-10
8.198000e-01,2.542736e-10
8.199000e-01,1.944224e-10
8.200000e-01,1.345712e-10
8.201000e-01,7.472005e-11
8.202000e-01,1.486887e-11
8.203000e-01,-4.498231e-11
8.204000e-01,-1.048335e-10
8.205000e-01,-1.646847e-10
8.206000e-01,-2.245359e-10
8.207000e-01,-2.843870e-10
8.208000e-01,2.486534e-10
8.209000e-01,1.888022e-10
8.210000e-01,1.289510e-10
8.211000e-01,6.909985e-11
8.212000e-01,9.248669e-12
8.213000e-01,-5.060251e-11
8.214000e-01,-1.104537e-10
8.215000e-01,-1.703049e-10
8.216000e-01,-2.301561e-10
8.217000e-01,-2.900072e-10
8.218000e-01,2.430332e-10
8.219000e-01,1.831820e-10
8.220000e-01,1.233308e-10
8.221000e-01,6.347965e-11
8.222000e-01,3.628472e-12
8.223000e-01,-5.622271e-11
8.224000e-01,-1.160739e-10
8.225000e-01,-1.759251e-10
8.226000e-01,-2.357762e-10
8.227000e-01,-2.956274e-10
8.228000e-01,2.374130e-10
8.229000e-01,1.775618e-10
8.230000e-01,1.177106e-10
8.231000e-01,5.785946e-11
8.232000e-01,-1.991725e-12
8.233000e-01,-6.184291e-11
8.234000e-01,-1.216941e-10
8.235000e-01,-1.815453e-10
8.236000e-01,-2.413964e-10
8.237000e-01,-3.012476e-10
8.238000e-01,2.317928e-10
8.239000e-01,1.719416e-10
8.240000e-01,1.120904e-10
8.241000e-01,5.223926e-11
8.242000e-01,-7.611922e-12
8.243000e-01,-6.746310e-11
8.244000e-01,-1.273143e-10
8.245000e-01,-1.871655e-10
8.246000e-01,-2.470166e-10
8.247000e-01,-3.068678e-10
8.248000e-01,2.261726e-10
8.249000e-01,1.663214e-10
8.250000e-01,1.064702e-10
8.251000e-01,4.661906e-11
8.252000e-01,-1.323212e-11
8.253000e-01,-7.308330e-11
8.254000e-01,-1.329345e-10
8.255000e-01,-1.927857e-10
8.256000e-01,-2.526368e-10
8.257000e-01,-3.124880e-10
8.258000e-01,2.205524e-10
8.259000e-01,1.607012e-10
8.260000e-01,1.008500e-10
8.261000e-01,4.099886e-11
8.262000e-01,-1.885232e-11
8.263000e-01,-7.870350e-11
8.264000e-01,-1.385547e-10
8.265000e-01,-1.984059e-10
8.266000e-01,-2.582570e-10
8.267000e-01,-3.181082e-10
8.268000e-01,2.149322e-10
8.269000e-01,1.550810e-10
8.270000e-01,9.522985e-11
8.271000e-01,3.537867e-11
8.272000e-01,-2.447251e-11
8.273000e-01,-8.432369e-11
8.274000e-01,-1.441749e-10
8.275000e-01,-2.040261e-10
8.276000e-01,-2.638772e-10
8.277000e-01,-3.237284e-10
8.278000e-01,2.093120e-10
8.279000e-01,1.494608e-10
8.280000e-01,8.960965e-11
8.281000e-01,2.975847e-11
8.282000e-01,-3.009271e-11
8.283000e-01,-8.994389e-11
8.284000e-01,-1.497951e-10
8.285000e-01,-2.096463e-10
8.286000e-01,-2.694974e-10
8.287000e-01,-3.293486e-10
8.288000e-01,2.036918e-10
8.289000e-01,1.438406e-10
8.290000e-01,8.398945e-11
8.291000e-01,2.413827e-11
8.292000e-01,-3.571291e-11
8.293000e-01,-9.556409e-11
8.294000e-01,-1.554153e-10
8.295000e-01,-2.152664e-10
8.296000e-01,-2.751176e-10
8.297000e-01,-3.349688e-10
8.298000e-01,1.980716e-10
8.299000e-01,1.382204e-10
8.300000e-01,7.836926e-11
8.301000e-01,1.851808e-11
8.302000e-01,-4.133311e-11
8.303000e-01,-1.011843e-10
8.304000e-01,-1.610355e-10
8.305000e-01,-2.208866e-10
8.306000e-01,-2.807378e-10
8.307000e-01,-3.405890e-10
8.308000e-01,1.924514e-10
8.309000e-01,1.326002e-10
8.310000e-01,7.274906e-11
8.311000e-01,1.289788e-11
8.312000e-01,-4.695330e-11
8.313000e-01,-1.068045e-10
8.314000e-01,-1.666557e-10
8.315000e-01,-2.265068e-10
8.316000e-01,-2.863580e-10
8.317000e-01,-3.462092e-10
8.318000e-01,1.868312e-10
8.319000e-01,1.269800e-10
8.320000e-01,6.712886e-11
8.321000e-01,7.277681e-12
8.322000e-01,-5.257350e-11
8.323000e-01,-1.124247e-10
8.324000e-01,-1.722759e-10
8.325000e-01,-2.321270e-10
8.326000e-01,-2.919782e-10
8.327000e-01,-3.518294e-10
8.328000e-01,-4.116806e-10
8.329000e-01,1.213598e-10
8.330000e-01,6.150866e-11
8.331000e-01,1.657484e-12
8.332000e-01,-5.819370e-11
8.333000e-01,-1.180449e-10
8.334000e-01,-1.778961e-10
8.335000e-01,-2.377472e-10
8.336000e-01,-2.975984e-10
8.337000e-01,-3.574496e-10
8.338000e-01,-4.173008e-10
8.339000e-01,1.157396e-10
8.340000e-01,5.588847e-11
8.341000e-01,-3.962713e-12
8.342000e-01,-6.381389e-11
8.343000e-01,-1.236651e-10
8.344000e-01,-1.835163e-10
8.345000e-01,-2.433674e-10
8.346000e-01,-3.032186e-10
8.347000e-01,-3.630698e-10
8.348000e-01,-4.229210e-10
8.349000e-01,1.101195e-10
8.350000e-01,5.026827e-11
8.351000e-01,-9.582910e-12
8.352000e-01,-6.943409e-11
8.353000e-01,-1.292853e-10
8.354000e-01,-1.891365e-10
8.355000e-01,-2.489876e-10
8.356000e-01,-3.088388e-10
8.357000e-01,-3.686900e-10
8.358000e-01,-4.285412e-10
8.359000e-01,1.044993e-10
8.360000e-01,4.464807e-11
8.361000e-01,-1.520311e-11
8.362000e-01,-7.505429e-11
8.363000e-01,-1.349055e-10
8.364000e-01,-1.947566e-10
8.365000e-01,-2.546078e-10
8.366000e-01,-3.144590e-10
8.367000e-01,-3.743102e-10
8.368000e-01,-4.341614e-10
8.369000e-01,9.887906e-11
8.370000e-01,3.902788e-11
8.371000e-01,-2.082330e-11
8.372000e-01,-8.067448e-11
8.373000e-01,-1.405257e-10
8.374000e-01,-2.003768e-10
8.375000e-01,-2.602280e-10
8.376000e-01,-3.200792e-10
8.377000e-01,-3.799304e-10
8.378000e-01,-4.397816e-10
8.379000e-01,9.325886e-11
8.380000e-01,3.340768e-11
8.381000e-01,-2.644350e-11
8.382000e-01,-8.629468e-11
8.383000e-01,-1.461459e-10
8.384000e-01,-2.059970e-10
8.385000e-01,-2.658482e-10
8.386000e-01,-3.256994e-10
8.387000e-01,-3.855506e-10
8.388000e-01,-4.454018e-10
8.389000e-01,8.763866e-11
8.390000e-01,2.778748e-11
8.391000e-01,-3.206370e-11
8.392000e-01,-9.191488e-11
8.393000e-01,-1.517661e-10
8.394000e-01,-2.116172e-10
8.395000e-01,-2.714684e-10
8.396000e-01,-3.313196e-10
8.397000e-01,-3.911708e-10
8.398000e-01,-4.510220e-10
8.399000e-01,8.201847e-11
8.400000e-01,2.216728e-11
8.401000e-01,-3.768390e-11
8.402000e-01,-9.753508e-11
8.403000e-01,-1.573863e-10
8.404000e-01,-2.172374e-10
8.405000e-01,-2.770886e-10
8.406000e-01,-3.369398e-10
8.407000e-01,-3.967910e-10
8.408000e-01,-4.566422e-10
8.409000e-01,7.639827e-11
8.410000e-01,1.654709e-11
8.411000e-01,-4.330409e-11
8.412000e-01,-1.031553e-10
8.413000e-01,-1.630065e-10
8.414000e-01,-2.228576e-10
8.415000e-01,-2.827088e-10
8.416000e-01,-3.425600e-10
8.417000e-01,-4.024112e-10
8.418000e-01,-4.622624e-10
8.419000e-01,7.077807e-11
8.420000e-01,1.092689e-11
8.421000e-01,-4.892429e-11
8.422000e-01,-1.087755e-10
8.423000e-01,-1.686267e-10
8.424000e-01,-2.284778e-10
8.425000e-01,-2.883290e-10
8.426000e-01,-3.481802e-10
8.427000e-01,-4.080314e-10
8.428000e-01,-4.678826e-10
8.429000e-01,6.515787e-11
8.430000e-01,5.306693e-12
8.431000e-01,-5.454449e-11
8.432000e-01,-1.143957e-10
8.433000e-01,-1.742468e-10
8.434000e-01,-2.340980e-10
8.435000e-01,-2.939492e-10
8.436000e-01,-3.538004e-10
8.437000e-01,-4.136516e-10
8.438000e-01,-4.735028e-10
8.439000e-01,5.953768e-11
8.440000e-01,-3.135037e-13
8.441000e-01,-6.016468e-11
8.442000e-01,-1.200159e-10
8.443000e-01,-1.798670e-10
8.444000e-01,-2.397182e-10
8.445000e-01,-2.995694e-10
8.446000e-01,-3.594206e-10
8.447000e-01,-4.192718e-10
8.448000e-01,-4.791229e-10
8.449000e-01,5.391748e-11
8.450000e-01,-5.933701e-12
8.451000e-01,-6.578488e-11
8.452000e-01,-1.256361e-10
8.453000e-01,-1.854872e-10
8.454000e-01,-2.453384e-10
8.455000e-01,-3.051896e-10
8.456000e-01,-3.650408e-10
8.457000e-01,-4.248920e-10
8.458000e-01,-4.847431e-10
8.459000e-01,-5.445943e-10
8.460000e-01,-1.155390e-11
8.461000e-01,-7.140508e-11
8.462000e-01,-1.312563e-10
8.463000e-01,-1.911074e-10
8.464000e-01,-2.509586e-10
8.465000e-01,-3.108098e-10
8.466000e-01,-3.706610e-10
8.467000e-01,-4.305122e-10
8.468000e-01,-4.903633e-10
8.469000e-01,-5.502145e-10
8.470000e-01,-1.717410e-11
8.471000e-01,-7.702528e-11
8.472000e-01,-1.368765e-10
8.473000e-01,-1.967276e-10
8.474000e-01,-2.565788e-10
8.475000e-01,-3.164300e-10
8.476000e-01,-3.762812e-10
8.477000e-01,-4.361324e-10
8.478000e-01,-4.959835e-10
8.479000e-01,-5.558347e-10
8.480000e-01,-2.279429e-11
8.481000e-01,-8.264547e-11
8.482000e-01,-1.424967e-10
8.483000e-01,-2.023478e-10
8.484000e-01,-2.621990e-10
8.485000e-01,-3.220502e-10
8.486000e-01,-3.819014e-10
8.487000e-01,-4.417526e-10
8.488000e-01,-5.016037e-10
8.489000e-01,-5.614549e-10
8.490000e-01,-2.841449e-11
8.491000e-01,-8.826567e-11
8.492000e-01,-1.481169e-10
8.493000e-01,-2.079680e-10
8.494000e-01,-2.678192e-10
8.495000e-01,-3.276704e-10
8.496000e-01,-3.875216e-10
8.497000e-01,-4.473728e-10
8.498000e-01,-5.072239e-10
8.499000e-01,-5.670751e-10
8.500000e-01,-3.403469e-11
8.501000e-01,-9.388587e-11
8.502000e-01,-1.537370e-10
8.503000e-01,-2.135882e-10
8.504000e-01,-2.734394e-10
8.505000e-01,-3.332906e-10
8.506000e-01,-3.931418e-10
8.507000e-01,-4.529929e-10
8.508000e-01,-5.128441e-10
8.509000e-01,-5.726953e-10
8.510000e-01,-3.965488e-11
8.511000e-01,-9.950606e-11
8.512000e-01,-1.593572e-10
8.513000e-01,-2.192084e-10
8.514000e-01,-2.790596e-10
8.515000e-01,-3.389108e-10
8.516000e-01,-3.987620e-10
8.517000e-01,-4.586131e-10
8.518000e-01,-5.184643e-10
8.519000e-01,1.457610e-11
8.520000e-01,-4.527508e-11
8.521000e-01,-1.051263e-10
8.522000e-01,-1.649774e-10
8.523000e-01,-2.248286e-10
8.524000e-01,-2.846798e-10
8.525000e-01,-3.445310e-10
8.526000e-01,-4.043822e-10
8.527000e-01,-4.642333e-10
8.528000e-01,-5.240845e-10
8.529000e-01,8.955903e-12
8.530000e-01,-5.089528e-11
8.531000e-01,-1.107465e-10
8.532000e-01,-1.705976e-10
8.533000e-01,-2.304488e-10
8.534000e-01,-2.903000e-10
8.535000e-01,-3.501512e-10
8.536000e-01,-4.100024e-10
8.537000e-01,-4.698535e-10
8.538000e-01,6.318689e-11
8.539000e-01,3.335706e-12
8.540000e-01,-5.651547e-11
8.541000e-01,-1.163667e-10
8.542000e-01,-1.762178e-10
8.543000e-01,-2.360690e-10
8.544000e-01,-2.959202e-10
8.545000e-01,-3.557714e-10
8.546000e-01,-4.156226e-10
8.547000e-01,-4.754737e-10
8.548000e-01,5.756669e-11
8.549000e-01,-2.284491e-12
8.550000e-01,-6.213567e-11
8.551000e-01,-1.219869e-10
8.552000e-01,-1.818380e-10
8.553000e-01,-2.416892e-10
8.554000e-01,-3.015404e-10
8.555000e-01,-3.613916e-10
8.556000e-01,-4.212428e-10
8.557000e-01,1.117977e-10
8.558000e-01,5.194649e-11
8.559000e-01,-7.904689e-12
8.560000e-01,-6.775587e-11
8.561000e-01,-1.276070e-10
8.562000e-01,-1.874582e-10
8.563000e-01,-2.473094e-10
8.564000e-01,-3.071606e-10
8.565000e-01,-3.670118e-10
8.566000e-01,-4.268630e-10
8.567000e-01,1.061775e-10
8.568000e-01,4.632629e-11
8.569000e-01,-1.352489e-11
8.570000e-01,-7.337607e-11
8.571000e-01,-1.332272e-10
8.572000e-01,-1.930784e-10
8.573000e-01,-2.529296e-10
8.574000e-01,-3.127808e-10
8.575000e-01,-3.726320e-10
8.576000e-01,1.604085e-10
8.577000e-01,1.005573e-10
8.578000e-01,4.070610e-11
8.579000e-01,-1.914508e-11
8.580000e-01,-7.899626e-11
8.581000e-01,-1.388474e-10
8.582000e-01,-1.986986e-10
8.583000e-01,-2.585498e-10
8.584000e-01,-3.184010e-10
8.585000e-01,2.146394e-10
8.586000e-01,1.547883e-10
8.587000e-01,9.493708e-11
8.588000e-01,3.508590e-11
8.589000e-01,-2.476528e-11
8.590000e-01,-8.461646e-11
8.591000e-01,-1.444676e-10
8.592000e-01,-2.043188e-10
8.593000e-01,-2.641700e-10
8.594000e-01,-3.240212e-10
8.595000e-01,2.090192e-10
8.596000e-01,1.491681e-10
8.597000e-01,8.931688e-11
8.598000e-01,2.946570e-11
8.599000e-01,-3.038548e-11
8.600000e-01,-9.023666e-11
8.601000e-01,-1.500878e-10
8.602000e-01,-2.099390e-10
8.603000e-01,-2.697902e-10
8.604000e-01,2.632502e-10
8.605000e-01,2.033990e-10
8.606000e-01,1.435479e-10
8.607000e-01,8.369669e-11
8.608000e-01,2.384551e-11
8.609000e-01,-3.600567e-11
8.610000e-01,-9.585685e-11
8.611000e-01,-1.557080e-10
8.612000e-01,-2.155592e-10
8.613000e-01,-2.754104e-10
8.614000e-01,2.576300e-10
8.615000e-01,1.977789e-10
8.616000e-01,1.379277e-10
8.617000e-01,7.807649e-11
8.618000e-01,1.822531e-11
8.619000e-01,-4.162587e-11
8.620000e-01,-1.014771e-10
8.621000e-01,-1.613282e-10
8.622000e-01,-2.211794e-10
8.623000e-01,3.118610e-10
8.624000e-01,2.520098e-10
8.625000e-01,1.921587e-10
8.626000e-01,1.323075e-10
8.627000e-01,7.245629e-11
8.628000e-01,1.260511e-11
8.629000e-01,-4.724607e-11
8.630000e-01,-1.070972e-10
8.631000e-01,-1.669484e-10
8.632000e-01,-2.267996e-10
8.633000e-01,3.062408e-10
8.634000e-01,2.463896e-10
8.635000e-01,1.865385e-10
8.636000e-01,1.266873e-10
8.637000e-01,6.683610e-11
8.638000e-01,6.984915e-12
8.639000e-01,-5.286627e-11
8.640000e-01,-1.127174e-10
8.641000e-01,-1.725686e-10
8.642000e-01,3.604718e-10
8.643000e-01,3.006206e-10
8.644000e-01,2.407694e-10
8.645000e-01,1.809183e-10
8.646000e-01,1.210671e-10
8.647000e-01,6.121590e-11
8.648000e-01,1.364718e-12
8.649000e-01,-5.848646e-11
8.650000e-01,-1.183376e-10
8.651000e-01,4.147028e-10
8.652000e-01,3.548516e-10
8.653000e-01,2.950004e-10
8.654000e-01,2.351492e-10
8.655000e-01,1.752981e-10
8.656000e-01,1.154469e-10
8.657000e-01,5.559570e-11
8.658000e-01,-4.255479e-12
8.659000e-01,-6.410666e-11
8.660000e-01,-1.239578e-10
8.661000e-01,4.090826e-10
8.662000e-01,3.492314e-10
8.663000e-01,2.893802e-10
8.664000e-01,2.295290e-10
8.665000e-01,1.696779e-10
8.666000e-01,1.098267e-10
8.667000e-01,4.997550e-11
8.668000e-01,-9.875676e-12
8.669000e-01,-6.972686e-11
8.670000e-01,-1.295780e-10
8.671000e-01,4.034624e-10
8.672000e-01,3.436112e-10
8.673000e-01,2.837600e-10
8.674000e-01,2.239088e-10
8.675000e-01,1.640577e-10
8.676000e-01,1.042065e-10
8.677000e-01,4.435531e-11
8.678000e-01,-1.549587e-11
8.679000e-01,-7.534705e-11
8.680000e-01,-1.351982e-10
8.681000e-01,3.978422e-10
8.682000e-01,3.379910e-10
8.683000e-01,2.781398e-10
8.684000e-01,2.182887e-10
8.685000e-01,1.584375e-10
8.686000e-01,9.858629e-11
8.687000e-01,3.873511e-11
8.688000e-01,-2.111607e-11
8.689000e-01,-8.096725e-11
8.690000e-01,-1.408184e-10
8.691000e-01,3.922220e-10
8.692000e-01,3.323708e-10
8.693000e-01,2.725196e-10
8.694000e-01,2.126685e-10
8.695000e-01,1.528173e-10
8.696000e-01,9.296609e-11
8.697000e-01,3.311491e-11
8.698000e-01,-2.673627e-11
8.699000e-01,-8.658745e-11
8.700000e-01,-1.464386e-10
8.701000e-01,3.866018e-10
8.702000e-01,3.267506e-10
8.703000e-01,2.668994e-10
8.704000e-01,2.070483e-10
8.705000e-01,1.471971e-10
8.706000e-01,8.734590e-11
8.707000e-01,2.749472e-11
8.708000e-01,-3.235646e-11
8.709000e-01,-9.220765e-11
8.710000e-01,-1.520588e-10
8.711000e-01,3.809816e-10
8.712000e-01,3.211304e-10
8.713000e-01,2.612792e-10
8.714000e-01,2.014281e-10
8.715000e-01,1.415769e-10
8.716000e-01,8.172570e-11
8.717000e-01,2.187452e-11
8.718000e-01,-3.797666e-11
8.719000e-01,-9.782784e-11
8.720000e-01,-1.576790e-10
8.721000e-01,-2.175302e-10
8.722000e-01,3.155102e-10
8.723000e-01,2.556590e-10
8.724000e-01,1.958079e-10
8.725000e-01,1.359567e-10
8.726000e-01,7.610550e-11
8.727000e-01,1.625432e-11
8.728000e-01,-4.359686e-11
8.729000e-01,-1.034480e-10
8.730000e-01,-1.632992e-10
8.731000e-01,-2.231504e-10
8.732000e-01,3.098900e-10
8.733000e-01,2.500388e-10
8.734000e-01,1.901877e-10
8.735000e-01,1.303365e-10
8.736000e-01,7.048530e-11
8.737000e-01,1.063412e-11
8.738000e-01,-4.921706e-11
8.739000e-01,-1.090682e-10
8.740000e-01,-1.689194e-10
8.741000e-01,-2.287706e-10
8.742000e-01,3.042698e-10
8.743000e-01,2.444186e-10
8.744000e-01,1.845675e-10
8.745000e-01,1.247163e-10
8.746000e-01,6.486511e-11
8.747000e-01,5.013927e-12
8.748000e-01,-5.483725e-11
8.749000e-01,-1.146884e-10
8.750000e-01,-1.745396e-10
8.751000e-01,-2.343908e-10
8.752000e-01,2.986496e-10
8.753000e-01,2.387985e-10
8.754000e-01,1.789473e-10
8.755000e-01,1.190961e-10
8.756000e-01,5.924491e-11
8.757000e-01,-6.062699e-13
8.758000e-01,-6.045745e-11
8.759000e-01,-1.203086e-10
8.760000e-01,-1.801598e-10
8.761000e-01,-2.400110e-10
8.762000e-01,2.930294e-10
8.763000e-01,2.331783e-10
8.764000e-01,1.733271e-10
8.765000e-01,1.134759e-10
8.766000e-01,5.362471e-11
8.767000e-01,-6.226467e-12
8.768000e-01,-6.607765e-11
8.769000e-01,-1.259288e-10
8.770000e-01,-1.857800e-10
8.771000e-01,-2.456312e-10
8.772000e-01,2.874092e-10
8.773000e-01,2.275581e-10
8.774000e-01,1.677069e-10
8.775000e-01,1.078557e-10
8.776000e-01,4.800452e-11
8.777000e-01,-1.184666e-11
8.778000e-01,-7.169784e-11
8.779000e-01,-1.315490e-10
8.780000e-01,-1.914002e-10
8.781000e-01,-2.512514e-10
8.782000e-01,2.817890e-10
8.783000e-01,2.219379e-10
8.784000e-01,1.620867e-10
8.785000e-01,1.022355e-10
8.786000e-01,4.238432e-11
8.787000e-01,-1.746686e-11
8.788000e-01,-7.731804e-11
8.789000e-01,-1.371692e-10
8.790000e-01,-1.970204e-10
8.791000e-01,-2.568716e-10
8.792000e-01,2.761688e-10
8.793000e-01,2.163177e-10
8.794000e-01,1.564665e-10
8.795000e-01,9.661530e-11
8.796000e-01,3.676412e-11
8.797000e-01,-2.308706e-11
8.798000e-01,-8.293824e-11
8.799000e-01,-1.427894e-10
8.800000e-01,-2.026406e-10
8.801000e-01,-2.624918e-10
8.802000e-01,2.705486e-10
8.803000e-01,2.106975e-10
8.804000e-01,1.508463e-10
8.805000e-01,9.099511e-11
8.806000e-01,3.114392e-11
8.807000e-01,-2.870726e-11
8.808000e-01,-8.855844e-11
8.809000e-01,-1.484096e-10
8.810000e-01,-2.082608e-10
8.811000e-01,-2.681120e-10
8.812000e-01,2.649284e-10
8.813000e-01,2.050773e-10
8.814000e-01,1.452261e-10
8.815000e-01,8.537491e-11
8.816000e-01,2.552373e-11
8.817000e-01,-3.432745e-11
8.818000e-01,-9.417863e-11
8.819000e-01,-1.540298e-10
8.820000e-01,-2.138810e-10
8.821000e-01,-2.737322e-10
8.822000e-01,2.593083e-10
8.823000e-01,1.994571e-10
8.824000e-01,1.396059e-10
8.825000e-01,7.975471e-11
8.826000e-01,1.990353e-11
8.827000e-01,-3.994765e-11
8.828000e-01,-9.979883e-11
8.829000e-01,-1.596500e-10
8.830000e-01,-2.195012e-10
8.831000e-01,-2.793524e-10
8.832000e-01,2.536881e-10
8.833000e-01,1.938369e-10
8.834000e-01,1.339857e-10
8.835000e-01,7.413451e-11
8.836000e-01,1.428333e-11
8.837000e-01,-4.556785e-11
8.838000e-01,-1.054190e-10
8.839000e-01,-1.652702e-10
8.840000e-01,-2.251214e-10
8.841000e-01,-2.849726e-10
8.842000e-01,2.480679e-10
8.843000e-01,1.882167e-10
8.844000e-01,1.283655e-10
8.845000e-01,6.851432e-11
8.846000e-01,8.663136e-12
8.847000e-01,-5.118804e-11
8.848000e-01,-1.110392e-10
8.849000e-01,-1.708904e-10
8.850000e-01,-2.307416e-10
8.851000e-01,-2.905928e-10
8.852000e-01,2.424477e-10
8.853000e-01,1.825965e-10
8.854000e-01,1.227453e-10
8.855000e-01,6.289412e-11
8.856000e-01,3.042939e-12
8.857000e-01,-5.680824e-11
8.858000e-01,-1.166594e-10
8.859000e-01,-1.765106e-10
8.860000e-01,-2.363618e-10
8.861000e-01,-2.962130e-10
8.862000e-01,-3.560641e-10
8.863000e-01,1.769763e-10
8.864000e-01,1.171251e-10
8.865000e-01,5.727392e-11
8.866000e-01,-2.577258e-12
8.867000e-01,-6.242844e-11
8.868000e-01,-1.222796e-10
8.869000e-01,-1.821308e-10
8.870000e-01,-2.419820e-10
8.871000e-01,-3.018332e-10
8.872000e-01,-3.616843e-10
8.873000e-01,1.713561e-10
8.874000e-01,1.115049e-10
8.875000e-01,5.165373e-11
8.876000e-01,-8.197455e-12
8.877000e-01,-6.804864e-11
8.878000e-01,-1.278998e-10
8.879000e-01,-1.877510e-10
8.880000e-01,-2.476022e-10
8.881000e-01,-3.074534e-10
8.882000e-01,-3.673045e-10
8.883000e-01,1.657359e-10
8.884000e-01,1.058847e-10
8.885000e-01,4.603353e-11
8.886000e-01,-1.381765e-11
8.887000e-01,-7.366883e-11
8.888000e-01,-1.335200e-10
8.889000e-01,-1.933712e-10
8.890000e-01,-2.532224e-10
8.891000e-01,-3.130736e-10
8.892000e-01,-3.729247e-10
8.893000e-01,1.601157e-10
8.894000e-01,1.002645e-10
8.895000e-01,4.041333e-11
8.896000e-01,-1.943785e-11
8.897000e-01,-7.928903e-11
8.898000e-01,-1.391402e-10
8.899000e-01,-1.989914e-10
8.900000e-01,-2.588426e-10
8.901000e-01,-3.186938e-10
8.902000e-01,-3.785449e-10
8.903000e-01,1.544955e-10
8.904000e-01,9.464431e-11
8.905000e-01,3.479313e-11
8.906000e-01,-2.505805e-11
8.907000e-01,-8.490923e-11
8.908000e-01,-1.447604e-10
8.909000e-01,-2.046116e-10
8.910000e-01,-2.644628e-10
8.911000e-01,-3.243139e-10
8.912000e-01,-3.841651e-10
8.913000e-01,1.488753e-10
8.914000e-01,8.902412e-11
8.915000e-01,2.917294e-11
8.916000e-01,-3.067824e-11
8.917000e-01,-9.052942e-11
8.918000e-01,-1.503806e-10
8.919000e-01,-2.102318e-10
8.920000e-01,-2.700830e-10
8.921000e-01,-3.299341e-10
8.922000e-01,-3.897853e-10
8.923000e-01,1.432551e-10
8.924000e-01,8.340392e-11
8.925000e-01,2.355274e-11
8.926000e-01,-3.629844e-11
8.927000e-01,-9.614962e-11
8.928000e-01,-1.560008e-10
8.929000e-01,-2.158520e-10
8.930000e-01,-2.757032e-10
8.931000e-01,-3.355543e-10
8.932000e-01,-3.954055e-10
8.933000e-01,1.376349e-10
8.934000e-01,7.778372e-11
8.935000e-01,1.793254e-11
8.936000e-01,-4.191864e-11
8.937000e-01,-1.017698e-10
8.938000e-01,-1.616210e-10
8.939000e-01,-2.214722e-10
8.940000e-01,-2.813234e-10
8.941000e-01,-3.411745e-10
8.942000e-01,-4.010257e-10
8.943000e-01,1.320147e-10
8.944000e-01,7.216353e-11
8.945000e-01,1.231235e-11
8.946000e-01,-4.753883e-11
8.947000e-01,-1.073900e-10
8.948000e-01,-1.672412e-10
8.949000e-01,-2.270924e-10
8.950000e-01,-2.869436e-10
8.951000e-01,-3.467947e-10
8.952000e-01,-4.066459e-10
8.953000e-01,1.263945e-10
8.954000e-01,6.654333e-11
8.955000e-01,6.692149e-12
8.956000e-01,-5.315903e-11
8.957000e-01,-1.130102e-10
8.958000e-01,-1.728614e-10
8.959000e-01,-2.327126e-10
8.960000e-01,-2.925638e-10
8.961000e-01,-3.524149e-10
8.962000e-01,-4.122661e-10
8.963000e-01,1.207743e-10
8.964000e-01,6.092313e-11
8.965000e-01,1.071952e-12
8.966000e-01,-5.877923e-11
8.967000e-01,-1.186304e-10
8.968000e-01,-1.784816e-10
8.969000e-01,-2.383328e-10
8.970000e-01,-2.981840e-10
8.971000e-01,-3.580351e-10
8.972000e-01,-4.178863e-10
8.973000e-01,1.151541e-10
8.974000e-01,5.530293e-11
8.975000e-01,-4.548246e-12
8.976000e-01,-6.439943e-11
8.977000e-01,-1.242506e-10
8.978000e-01,-1.841018e-10
8.979000e-01,-2.439530e-10
8.980000e-01,-3.038041e-10
8.981000e-01,-3.636553e-10
8.982000e-01,-4.235065e-10
8.983000e-01,1.095339e-10
8.984000e-01,4.968274e-11
8.985000e-01,-1.016844e-11
8.986000e-01,-7.001962e-11
8.987000e-01,-1.298708e-10
8.988000e-01,-1.897220e-10
8.989000e-01,-2.495732e-10
8.990000e-01,-3.094243e-10
8.991000e-01,-3.692755e-10
8.992000e-01,-4.291267e-10
8.993000e-01,-4.889779e-10
8.994000e-01,4.406254e-11
8.995000e-01,-1.578864e-11
8.996000e-01,-7.563982e-11
8.997000e-01,-1.354910e-10
8.998000e-01,-1.953422e-10
8.999000e-01,-2.551934e-10
9.000000e-01,-3.150445e-10
9.001000e-01,-3.748957e-10
9.002000e-01,-4.347469e-10
9.003000e-01,-4.945981e-10
9.004000e-01,3.844234e-11
9.005000e-01,-2.140884e-11
9.006000e-01,-8.126002e-11
9.007000e-01,-1.411112e-10
9.008000e-01,-2.009624e-10
9.009000e-01,-2.608136e-10
9.010000e-01,-3.206647e-10
9.011000e-01,-3.805159e-10
9.012000e-01,-4.403671e-10
9.013000e-01,-5.002183e-10
9.014000e-01,3.282215e-11
9.015000e-01,-2.702903e-11
9.016000e-01,-8.688021e-11
9.017000e-01,-1.467314e-10
9.018000e-01,-2.065826e-10
9.019000e-01,-2.664338e-10
9.020000e-01,-3.262849e-10
9.021000e-01,-3.861361e-10
9.022000e-01,-4.459873e-10
9.023000e-01,-5.058385e-10
9.024000e-01,2.720195e-11
9.025000e-01,-3.264923e-11
9.026000e-01,-9.250041e-11
9.027000e-01,-1.523516e-10
9.028000e-01,-2.122028e-10
9.029000e-01,-2.720540e-10
9.030000e-01,-3.319051e-10
9.031000e-01,-3.917563e-10
9.032000e-01,-4.516075e-10
9.033000e-01,-5.114587e-10
9.034000e-01,2.158175e-11
9.035000e-01,-3.826943e-11
9.036000e-01,-9.812061e-11
9.037000e-01,-1.579718e-10
9.038000e-01,-2.178230e-10
9.039000e-01,-2.776741e-10
9.040000e-01,-3.375253e-10
9.041000e-01,-3.973765e-10
9.042000e-01,-4.572277e-10
9.043000e-01,-5.170789e-10
9.044000e-01,1.596156e-11
9.045000e-01,-4.388963e-11
9.046000e-01,-1.037408e-10
9.047000e-01,-1.635920e-10
9.048000e-01,-2.234432e-10
9.049000e-01,-2.832943e-10
9.050000e-01,-3.431455e-10
9.051000e-01,-4.029967e-10
9.052000e-01,-4.628479e-10
9.053000e-01,-5.226991e-10
9.054000e-01,1.034136e-11
9.055000e-01,-4.950982e-11
9.056000e-01,-1.093610e-10
9.057000e-01,-1.692122e-10
9.058000e-01,-2.290634e-10
9.059000e-01,-2.889145e-10
9.060000e-01,-3.487657e-10
9.061000e-01,-4.086169e-10
9.062000e-01,-4.684681e-10
9.063000e-01,-5.283193e-10
9.064000e-01,4.721161e-12
9.065000e-01,-5.513002e-11
9.066000e-01,-1.149812e-10
9.067000e-01,-1.748324e-10
9.068000e-01,-2.346836e-10
9.069000e-01,-2.945347e-10
9.070000e-01,-3.543859e-10
9.071000e-01,-4.142371e-10
9.072000e-01,-4.740883e-10
9.073000e-01,-5.339395e-10
9.074000e-01,-8.990362e-13
9.075000e-01,-6.075022e-11
9.076000e-01,-1.206014e-10
9.077000e-01,-1.804526e-10
9.078000e-01,-2.403038e-10
9.079000e-01,-3.001549e-10
9.080000e-01,-3.600061e-10
9.081000e-01,-4.198573e-10
9.082000e-01,-4.797085e-10
9.083000e-01,-5.395597e-10
9.084000e-01,-6.519233e-12
9.085000e-01,-6.637041e-11
9.086000e-01,-1.262216e-10
9.087000e-01,-1.860728e-10
9.088000e-01,-2.459240e-10
9.089000e-01,-3.057751e-10
9.090000e-01,-3.656263e-10
9.091000e-01,-4.254775e-10
9.092000e-01,-4.853287e-10
9.093000e-01,-5.451799e-10
9.094000e-01,-1.213943e-11
9.095000e-01,-7.199061e-11
9.096000e-01,-1.318418e-10
9.097000e-01,-1.916930e-10
9.098000e-01,-2.515442e-10
9.099000e-01,-3.113953e-10
9.100000e-01,-3.712465e-10
9.101000e-01,-4.310977e-10
9.102000e-01,-4.909489e-10
9.103000e-01,-5.508001e-10
9.104000e-01,-1.775963e-11
9.105000e-01,-7.761081e-11
9.106000e-01,-1.374620e-10
9.107000e-01,-1.973132e-10
9.108000e-01,-2.571643e-10
9.109000e-01,-3.170155e-10
9.110000e-01,-3.768667e-10
9.111000e-01,-4.367179e-10
9.112000e-01,-4.965691e-10
9.113000e-01,-5.564203e-10
9.114000e-01,-2.337982e-11
9.115000e-01,-8.323101e-11
9.116000e-01,-1.430822e-10
9.117000e-01,-2.029334e-10
9.118000e-01,-2.627845e-10
9.119000e-01,-3.226357e-10
9.120000e-01,-3.824869e-10
9.121000e-01,-4.423381e-10
9.122000e-01,-5.021893e-10
9.123000e-01,3.085116e-11
9.124000e-01,-2.900002e-11
9.125000e-01,-8.885120e-11
9.126000e-01,-1.487024e-10
9.127000e-01,-2.085536e-10
9.128000e-01,-2.684047e-10
9.129000e-01,-3.282559e-10
9.130000e-01,-3.881071e-10
9.131000e-01,-4.479583e-10
9.132000e-01,-5.078095e-10
9.133000e-01,2.523096e-11
9.134000e-01,-3.462022e-11
9.135000e-01,-9.447140e-11
9.136000e-01,-1.543226e-10
9.137000e-01,-2.141738e-10
9.138000e-01,-2.740249e-10
9.139000e-01,-3.338761e-10
9.140000e-01,-3.937273e-10
9.141000e-01,-4.535785e-10
9.142000e-01,7.946194e-11
9.143000e-01,1.961076e-11
9.144000e-01,-4.024042e-11
9.145000e-01,-1.000916e-10
9.146000e-01,-1.599428e-10
9.147000e-01,-2.197940e-10
9.148000e-01,-2.796451e-10
9.149000e-01,-3.394963e-10
9.150000e-01,-3.993475e-10
9.151000e-01,1.336929e-10
9.152000e-01,7.384175e-11
9.153000e-01,1.399057e-11
9.154000e-01,-4.586061e-11
9.155000e-01,-1.057118e-10
9.156000e-01,-1.655630e-10
9.157000e-01,-2.254142e-10
9.158000e-01,-2.852653e-10
9.159000e-01,-3.451165e-10
9.160000e-01,-4.049677e-10
9.161000e-01,1.280727e-10
9.162000e-01,6.822155e-11
9.163000e-01,8.370370e-12
9.164000e-01,-5.148081e-11
9.165000e-01,-1.113320e-10
9.166000e-01,-1.711832e-10
9.167000e-01,-2.310344e-10
9.168000e-01,-2.908855e-10
9.169000e-01,-3.507367e-10
9.170000e-01,1.823037e-10
9.171000e-01,1.224525e-10
9.172000e-01,6.260135e-11
9.173000e-01,2.750173e-12
9.174000e-01,-5.710101e-11
9.175000e-01,-1.169522e-10
9.176000e-01,-1.768034e-10
9.177000e-01,-2.366545e-10
9.178000e-01,-2.965057e-10
9.179000e-01,-3.563569e-10
9.180000e-01,1.766835e-10
9.181000e-01,1.168323e-10
9.182000e-01,5.698116e-11
9.183000e-01,-2.870024e-12
9.184000e-01,-6.272120e-11
9.185000e-01,-1.225724e-10
9.186000e-01,-1.824236e-10
9.187000e-01,-2.422747e-10
9.188000e-01,-3.021259e-10
9.189000e-01,2.309145e-10
9.190000e-01,1.710633e-10
9.191000e-01,1.112121e-10
9.192000e-01,5.136096e-11
9.193000e-01,-8.490221e-12
9.194000e-01,-6.834140e-11
9.195000e-01,-1.281926e-10
9.196000e-01,-1.880438e-10
9.197000e-01,-2.478949e-10
9.198000e-01,-3.077461e-10
9.199000e-01,2.252943e-10
9.200000e-01,1.654431e-10
9.201000e-01,1.055919e-10
9.202000e-01,4.574076e-11
9.203000e-01,-1.411042e-11
9.204000e-01,-7.396160e-11
9.205000e-01,-1.338128e-10
9.206000e-01,-1.936640e-10
9.207000e-01,-2.535151e-10
9.208000e-01,2.795253e-10
9.209000e-01,2.196741e-10
9.210000e-01,1.598229e-10
9.211000e-01,9.997175e-11
9.212000e-01,4.012057e-11
9.213000e-01,-1.973062e-11
9.214000e-01,-7.958180e-11
9.215000e-01,-1.394330e-10
9.216000e-01,-1.992842e-10
9.217000e-01,-2.591353e-10
9.218000e-01,2.739051e-10
9.219000e-01,2.140539e-10
9.220000e-01,1.542027e-10
9.221000e-01,9.435155e-11
9.222000e-01,3.450037e-11
9.223000e-01,-2.535081e-11
9.224000e-01,-8.520199e-11
9.225000e-01,-1.450532e-10
9.226000e-01,-2.049044e-10
9.227000e-01,3.281361e-10
9.228000e-01,2.682849e-10
9.229000e-01,2.084337e-10
9.230000e-01,1.485825e-10
9.231000e-01,8.873135e-11
9.232000e-01,2.888017e-11
9.233000e-01,-3.097101e-11
9.234000e-01,-9.082219e-11
9.235000e-01,-1.506734e-10
9.236000e-01,3.823671e-10
9.237000e-01,3.225159e-10
9.238000e-01,2.626647e-10
9.239000e-01,2.028135e-10
9.240000e-01,1.429623e-10
9.241000e-01,8.311115e-11
9.242000e-01,2.325997e-11
9.243000e-01,-3.659121e-11
9.244000e-01,-9.644239e-11
9.245000e-01,-1.562936e-10
9.246000e-01,3.767469e-10
9.247000e-01,3.168957e-10
9.248000e-01,2.570445e-10
9.249000e-01,1.971933e-10
9.250000e-01,1.373421e-10
9.251000e-01,7.749096e-11
9.252000e-01,1.763978e-11
9.253000e-01,-4.221140e-11
9.254000e-01,-1.020626e-10
9.255000e-01,-1.619138e-10
9.256000e-01,3.711267e-10
9.257000e-01,3.112755e-10
9.258000e-01,2.514243e-10
9.259000e-01,1.915731e-10
9.260000e-01,1.317219e-10
9.261000e-01,7.187076e-11
9.262000e-01,1.201958e-11
9.263000e-01,-4.783160e-11
9.264000e-01,-1.076828e-10
9.265000e-01,-1.675340e-10
9.266000e-01,3.655065e-10
9.267000e-01,3.056553e-10
9.268000e-01,2.458041e-10
9.269000e-01,1.859529e-10
9.270000e-01,1.261017e-10
9.271000e-01,6.625056e-11
9.272000e-01,6.399382e-12
9.273000e-01,-5.345180e-11
9.274000e-01,-1.133030e-10
9.275000e-01,-1.731542e-10
9.276000e-01,3.598863e-10
9.277000e-01,3.000351e-10
9.278000e-01,2.401839e-10
9.279000e-01,1.803327e-10
9.280000e-01,1.204815e-10
9.281000e-01,6.063037e-11
9.282000e-01,7.791854e-13
9.283000e-01,-5.907200e-11
9.284000e-01,-1.189232e-10
9.285000e-01,-1.787744e-10
9.286000e-01,3.542661e-10
9.287000e-01,2.944149e-10
9.288000e-01,2.345637e-10
9.289000e-01,1.747125e-10
9.290000e-01,1.148613e-10
9.291000e-01,5.501017e-11
9.292000e-01,-4.841012e-12
9.293000e-01,-6.469219e-11
9.294000e-01,-1.245434e-10
9.295000e-01,-1.843946e-10
9.296000e-01,3.486459e-10
9.297000e-01,2.887947e-10
9.298000e-01,2.289435e-10
9.299000e-01,1.690923e-10
9.300000e-01,1.092412e-10
9.301000e-01,4.938997e-11
9.302000e-01,-1.046121e-11
9.303000e-01,-7.031239e-11
9.304000e-01,-1.301636e-10
9.305000e-01,-1.900148e-10
9.306000e-01,3.430257e-10
9.307000e-01,2.831745e-10
9.308000e-01,2.233233e-10
9.309000e-01,1.634721e-10
9.310000e-01,1.036210e-10
9.311000e-01,4.376977e-11
9.312000e-01,-1.608141e-11
9.313000e-01,-7.593259e-11
9.314000e-01,-1.357838e-10
9.315000e-01,-1.956349e-10
9.316000e-01,3.374055e-10
9.317000e-01,2.775543e-10
9.318000e-01,2.177031e-10
9.319000e-01,1.578519e-10
9.320000e-01,9.800076e-11
9.321000e-01,3.814958e-11
9.322000e-01,-2.170160e-11
9.323000e-01,-8.155278e-11
9.324000e-01,-1.414040e-10
9.325000e-01,-2.012551e-10
9.326000e-01,3.317853e-10
9.327000e-01,2.719341e-10
9.328000e-01,2.120829e-10
9.329000e-01,1.522317e-10
9.330000e-01,9.238056e-11
9.331000e-01,3.252938e-11
9.332000e-01,-2.732180e-11
9.333000e-01,-8.717298e-11
9.334000e-01,-1.470242e-10
9.335000e-01,-2.068753e-10
9.336000e-01,3.261651e-10
9.337000e-01,2.663139e-10
9.338000e-01,2.064627e-10
9.339000e-01,1.466115e-10
9.340000e-01,8.676036e-11
9.341000e-01,2.690918e-11
9.342000e-01,-3.294200e-11
9.343000e-01,-9.279318e-11
9.344000e-01,-1.526444e-10
9.345000e-01,-2.124955e-10
9.346000e-01,3.205449e-10
9.347000e-01,2.606937e-10
9.348000e-01,2.008425e-10
9.349000e-01,1.409913e-10
9.350000e-01,8.114017e-11
9.351000e-01,2.128899e-11
9.352000e-01,-3.856219e-11
9.353000e-01,-9.841337e-11
9.354000e-01,-1.582646e-10
9.355000e-01,-2.181157e-10
9.356000e-01,3.149247e-10
9.357000e-01,2.550735e-10
9.358000e-01,1.952223e-10
9.359000e-01,1.353711e-10
9.360000e-01,7.551997e-11
9.361000e-01,1.566879e-11
9.362000e-01,-4.418239e-11
9.363000e-01,-1.040336e-10
9.364000e-01,-1.638848e-10
9.365000e-01,-2.237359e-10
9.366000e-01,3.093045e-10
9.367000e-01,2.494533e-10
9.368000e-01,1.896021e-10
9.369000e-01,1.297510e-10
9.370000e-01,6.989977e-11
9.371000e-01,1.004859e-11
9.372000e-01,-4.980259e-11
9.373000e-01,-1.096538e-10
9.374000e-01,-1.695049e-10
9.375000e-01,-2.293561e-10
9.376000e-01,3.036843e-10
9.377000e-01,2.438331e-10
9.378000e-01,1.839819e-10
9.379000e-01,1.241308e-10
9.380000e-01,6.427958e-11
9.381000e-01,4.428395e-12
9.382000e-01,-5.542279e-11
9.383000e-01,-1.152740e-10
9.384000e-01,-1.751251e-10
9.385000e-01,-2.349763e-10
9.386000e-01,-2.948275e-10
9.387000e-01,2.382129e-10
9.388000e-01,1.783617e-10
9.389000e-01,1.185106e-10
9.390000e-01,5.865938e-11
9.391000e-01,-1.191802e-12
9.392000e-01,-6.104298e-11
9.393000e-01,-1.208942e-10
9.394000e-01,-1.807453e-10
9.395000e-01,-2.405965e-10
9.396000e-01,-3.004477e-10
9.397000e-01,2.325927e-10
9.398000e-01,1.727415e-10
9.399000e-01,1.128904e-10
9.400000e-01,5.303918e-11
9.401000e-01,-6.812000e-12
9.402000e-01,-6.666318e-11
9.403000e-01,-1.265144e-10
9.404000e-01,-1.863655e-10
9.405000e-01,-2.462167e-10
9.406000e-01,-3.060679e-10
9.407000e-01,2.269725e-10
9.408000e-01,1.671213e-10
9.409000e-01,1.072702e-10
9.410000e-01,4.741898e-11
9.411000e-01,-1.243220e-11
9.412000e-01,-7.228338e-11
9.413000e-01,-1.321346e-10
9.414000e-01,-1.919857e-10
9.415000e-01,-2.518369e-10
9.416000e-01,-3.116881e-10
9.417000e-01,2.213523e-10
9.418000e-01,1.615011e-10
9.419000e-01,1.016500e-10
9.420000e-01,4.179879e-11
9.421000e-01,-1.805239e-11
9.422000e-01,-7.790357e-11
9.423000e-01,-1.377548e-10
9.424000e-01,-1.976059e-10
9.425000e-01,-2.574571e-10
9.426000e-01,-3.173083e-10
9.427000e-01,2.157321e-10
9.428000e-01,1.558810e-10
9.429000e-01,9.602977e-11
9.430000e-01,3.617859e-11
9.431000e-01,-2.367259e-11
9.432000e-01,-8.352377e-11
9.433000e-01,-1.433750e-10
9.434000e-01,-2.032261e-10
9.435000e-01,-2.630773e-10
9.436000e-01,-3.229285e-10
9.437000e-01,2.101119e-10
9.438000e-01,1.502608e-10
9.439000e-01,9.040957e-11
9.440000e-01,3.055839e-11
9.441000e-01,-2.929279e-11
9.442000e-01,-8.914397e-11
9.443000e-01,-1.489951e-10
9.444000e-01,-2.088463e-10
9.445000e-01,-2.686975e-10
9.446000e-01,-3.285487e-10
9.447000e-01,2.044917e-10
9.448000e-01,1.446406e-10
9.449000e-01,8.478938e-11
9.450000e-01,2.493820e-11
9.451000e-01,-3.491299e-11
9.452000e-01,-9.476417e-11
9.453000e-01,-1.546153e-10
9.454000e-01,-2.144665e-10
9.455000e-01,-2.743177e-10
9.456000e-01,-3.341689e-10
9.457000e-01,1.988715e-10
9.458000e-01,1.390204e-10
9.459000e-01,7.916918e-11
9.460000e-01,1.931800e-11
9.461000e-01,-4.053318e-11
9.462000e-01,-1.003844e-10
9.463000e-01,-1.602355e-10
9.464000e-01,-2.200867e-10
9.465000e-01,-2.799379e-10
9.466000e-01,-3.397891e-10
9.467000e-01,1.932513e-10
9.468000e-01,1.334002e-10
9.469000e-01,7.354898e-11
9.470000e-01,1.369780e-11
9.471000e-01,-4.615338e-11
9.472000e-01,-1.060046e-10
9.473000e-01,-1.658557e-10
9.474000e-01,-2.257069e-10
9.475000e-01,-2.855581e-10
9.476000e-01,-3.454093e-10
9.477000e-01,1.876311e-10
9.478000e-01,1.277800e-10
9.479000e-01,6.792878e-11
9.480000e-01,8.077604e-12
9.481000e-01,-5.177358e-11
9.482000e-01,-1.116248e-10
9.483000e-01,-1.714759e-10
9.484000e-01,-2.313271e-10
9.485000e-01,-2.911783e-10
9.486000e-01,-3.510295e-10
9.487000e-01,1.820109e-10
9.488000e-01,1.221598e-10
9.489000e-01,6.230859e-11
9.490000e-01,2.457407e-12
9.491000e-01,-5.739377e-11
9.492000e-01,-1.172450e-10
9.493000e-01,-1.770961e-10
9.494000e-01,-2.369473e-10
9.495000e-01,-2.967985e-10
9.496000e-01,-3.566497e-10
9.497000e-01,1.763908e-10
9.498000e-01,1.165396e-10
9.499000e-01,5.668839e-11
9.500000e-01,-3.162790e-12
9.501000e-01,-6.301397e-11
9.502000e-01,-1.228652e-10
9.503000e-01,-1.827163e-10
9.504000e-01,-2.425675e-10
9.505000e-01,-3.024187e-10
9.506000e-01,-3.622699e-10
9.507000e-01,1.707706e-10
9.508000e-01,1.109194e-10
9.509000e-01,5.106819e-11
9.510000e-01,-8.782987e-12
9.511000e-01,-6.863417e-11
9.512000e-01,-1.284853e-10
9.513000e-01,-1.883365e-10
9.514000e-01,-2.481877e-10
9.515000e-01,-3.080389e-10
9.516000e-01,-3.678901e-10
9.517000e-01,-4.277413e-10
9.518000e-01,1.052992e-10
9.519000e-01,4.544800e-11
9.520000e-01,-1.440318e-11
9.521000e-01,-7.425436e-11
9.522000e-01,-1.341055e-10
9.523000e-01,-1.939567e-10
9.524000e-01,-2.538079e-10
9.525000e-01,-3.136591e-10
9.526000e-01,-3.735103e-10
9.527000e-01,-4.333614e-10
9.528000e-01,9.967898e-11
9.529000e-01,3.982780e-11
9.530000e-01,-2.002338e-11
9.531000e-01,-7.987456e-11
9.532000e-01,-1.397257e-10
9.533000e-01,-1.995769e-10
9.534000e-01,-2.594281e-10
9.535000e-01,-3.192793e-10
9.536000e-01,-3.791305e-10
9.537000e-01,-4.389816e-10
9.538000e-01,9.405878e-11
9.539000e-01,3.420760e-11
9.540000e-01,-2.564358e-11
9.541000e-01,-8.549476e-11
9.542000e-01,-1.453459e-10
9.543000e-01,-2.051971e-10
9.544000e-01,-2.650483e-10
9.545000e-01,-3.248995e-10
9.546000e-01,-3.847507e-10
9.547000e-01,-4.446018e-10
9.548000e-01,8.843859e-11
9.549000e-01,2.858740e-11
9.550000e-01,-3.126378e-11
9.551000e-01,-9.111496e-11
9.552000e-01,-1.509661e-10
9.553000e-01,-2.108173e-10
9.554000e-01,-2.706685e-10
9.555000e-01,-3.305197e-10
9.556000e-01,-3.903709e-10
9.557000e-01,-4.502220e-10
9.558000e-01,8.281839e-11
9.559000e-01,2.296721e-11
9.560000e-01,-3.688397e-11
9.561000e-01,-9.673515e-11
9.562000e-01,-1.565863e-10
9.563000e-01,-2.164375e-10
9.564000e-01,-2.762887e-10
9.565000e-01,-3.361399e-10
9.566000e-01,-3.959911e-10
9.567000e-01,-4.558422e-10
9.568000e-01,7.719819e-11
9.569000e-01,1.734701e-11
9.570000e-01,-4.250417e-11
9.571000e-01,-1.023554e-10
9.572000e-01,-1.622065e-10
9.573000e-01,-2.220577e-10
9.574000e-01,-2.819089e-10
9.575000e-01,-3.417601e-10
9.576000e-01,-4.016113e-10
9.577000e-01,-4.614624e-10
9.578000e-01,7.157799e-11
9.579000e-01,1.172681e-11
9.580000e-01,-4.812437e-11
9.581000e-01,-1.079755e-10
9.582000e-01,-1.678267e-10
9.583000e-01,-2.276779e-10
9.584000e-01,-2.875291e-10
9.585000e-01,-3.473803e-10
9.586000e-01,-4.072314e-10
9.587000e-01,-4.670826e-10
9.588000e-01,6.595780e-11
9.589000e-01,6.106616e-12
9.590000e-01,-5.374456e-11
9.591000e-01,-1.135957e-10
9.592000e-01,-1.734469e-10
9.593000e-01,-2.332981e-10
9.594000e-01,-2.931493e-10
9.595000e-01,-3.530005e-10
9.596000e-01,-4.128516e-10
9.597000e-01,-4.727028e-10
9.598000e-01,6.033760e-11
9.599000e-01,4.864191e-13
9.600000e-01,-5.936476e-11
9.601000e-01,-1.192159e-10
9.602000e-01,-1.790671e-10
9.603000e-01,-2.389183e-10
9.604000e-01,-2.987695e-10
9.605000e-01,-3.586207e-10
9.606000e-01,-4.184718e-10
9.607000e-01,-4.783230e-10
9.608000e-01,5.471740e-11
9.609000e-01,-5.133778e-12
9.610000e-01,-6.498496e-11
9.611000e-01,-1.248361e-10
9.612000e-01,-1.846873e-10
9.613000e-01,-2.445385e-10
9.614000e-01,-3.043897e-10
9.615000e-01,-3.642409e-10
9.616000e-01,-4.240920e-10
9.617000e-01,-4.839432e-10
9.618000e-01,4.909721e-11
9.619000e-01,-1.075398e-11
9.620000e-01,-7.060516e-11
9.621000e-01,-1.304563e-10
9.622000e-01,-1.903075e-10
9.623000e-01,-2.501587e-10
9.624000e-01,-3.100099e-10
9.625000e-01,-3.698611e-10
9.626000e-01,-4.297122e-10
9.627000e-01,-4.895634e-10
9.628000e-01,4.347701e-11
9.629000e-01,-1.637417e-11
9.630000e-01,-7.622535e-11
9.631000e-01,-1.360765e-10
9.632000e-01,-1.959277e-10
9.633000e-01,-2.557789e-10
9.634000e-01,-3.156301e-10
9.635000e-01,-3.754813e-10
9.636000e-01,-4.353324e-10
9.637000e-01,-4.951836e-10
9.638000e-01,3.785681e-11
9.639000e-01,-2.199437e-11
9.640000e-01,-8.184555e-11
9.641000e-01,-1.416967e-10
9.642000e-01,-2.015479e-10
9.643000e-01,-2.613991e-10
9.644000e-01,-3.212503e-10
9.645000e-01,-3.811015e-10
9.646000e-01,-4.409526e-10
9.647000e-01,-5.008038e-10
9.648000e-01,-5.606550e-10
9.649000e-01,-2.761457e-11
9.650000e-01,-8.746575e-11
9.651000e-01,-1.473169e-10
9.652000e-01,-2.071681e-10
9.653000e-01,-2.670193e-10
9.654000e-01,-3.268705e-10
9.655000e-01,-3.867216e-10
9.656000e-01,-4.465728e-10
9.657000e-01,-5.064240e-10
9.658000e-01,-5.662752e-10
9.659000e-01,-3.323476e-11
9.660000e-01,-9.308594e-11
9.661000e-01,-1.529371e-10
9.662000e-01,-2.127883e-10
9.663000e-01,-2.726395e-10
9.664000e-01,-3.324907e-10
9.665000e-01,-3.923418e-10
9.666000e-01,-4.521930e-10
9.667000e-01,-5.120442e-10
9.668000e-01,-5.718954e-10
9.669000e-01,-3.885496e-11
9.670000e-01,-9.870614e-11
9.671000e-01,-1.585573e-10
9.672000e-01,-2.184085e-10
9.673000e-01,-2.782597e-10
9.674000e-01,-3.381109e-10
9.675000e-01,-3.979620e-10
9.676000e-01,-4.578132e-10
9.677000e-01,-5.176644e-10
9.678000e-01,-5.775156e-10
9.679000e-01,-4.447516e-11
9.680000e-01,-1.043263e-10
9.681000e-01,-1.641775e-10
9.682000e-01,-2.240287e-10
9.683000e-01,-2.838799e-10
9.684000e-01,-3.437311e-10
9.685000e-01,-4.035822e-10
9.686000e-01,-4.634334e-10
9.687000e-01,-5.232846e-10
9.688000e-01,-5.831358e-10
9.689000e-01,-5.009535e-11
9.690000e-01,-1.099465e-10
9.691000e-01,-1.697977e-10
9.692000e-01,-2.296489e-10
9.693000e-01,-2.895001e-10
9.694000e-01,-3.493513e-10
9.695000e-01,-4.092024e-10
9.696000e-01,-4.690536e-10
9.697000e-01,-5.289048e-10
9.698000e-01,-5.887560e-10
9.699000e-01,-5.571555e-11
9.700000e-01,-1.155667e-10
9.701000e-01,-1.754179e-10
9.702000e-01,-2.352691e-10
9.703000e-01,-2.951203e-10
9.704000e-01,-3.549715e-10
9.705000e-01,-4.148226e-10
9.706000e-01,-4.746738e-10
9.707000e-01,-5.345250e-10
9.708000e-01,-1.484569e-12
9.709000e-01,-6.133575e-11
9.710000e-01,-1.211869e-10
9.711000e-01,-1.810381e-10
9.712000e-01,-2.408893e-10
9.713000e-01,-3.007405e-10
9.714000e-01,-3.605917e-10
9.715000e-01,-4.204428e-10
9.716000e-01,-4.802940e-10
9.717000e-01,5.274641e-11
9.718000e-01,-7.104766e-12
9.719000e-01,-6.695595e-11
9.720000e-01,-1.268071e-10
9.721000e-01,-1.866583e-10
9.722000e-01,-2.465095e-10
9.723000e-01,-3.063607e-10
9.724000e-01,-3.662118e-10
9.725000e-01,-4.260630e-10
9.726000e-01,-4.859142e-10
9.727000e-01,4.712622e-11
9.728000e-01,-1.272496e-11
9.729000e-01,-7.257614e-11
9.730000e-01,-1.324273e-10
9.731000e-01,-1.922785e-10
9.732000e-01,-2.521297e-10
9.733000e-01,-3.119809e-10
9.734000e-01,-3.718320e-10
9.735000e-01,-4.316832e-10
9.736000e-01,1.013572e-10
9.737000e-01,4.150602e-11
9.738000e-01,-1.834516e-11
9.739000e-01,-7.819634e-11
9.740000e-01,-1.380475e-10
9.741000e-01,-1.978987e-10
9.742000e-01,-2.577499e-10
9.743000e-01,-3.176011e-10
9.744000e-01,-3.774522e-10
9.745000e-01,-4.373034e-10
9.746000e-01,9.573700e-11
9.747000e-01,3.588582e-11
9.748000e-01,-2.396536e-11
9.749000e-01,-8.381654e-11
9.750000e-01,-1.436677e-10
9.751000e-01,-2.035189e-10
9.752000e-01,-2.633701e-10
9.753000e-01,-3.232213e-10
9.754000e-01,-3.830724e-10
9.755000e-01,1.499680e-10
9.756000e-01,9.011681e-11
9.757000e-01,3.026563e-11
9.758000e-01,-2.958555e-11
9.759000e-01,-8.943673e-11
9.760000e-01,-1.492879e-10
9.761000e-01,-2.091391e-10
9.762000e-01,-2.689903e-10
9.763000e-01,-3.288415e-10
9.764000e-01,-3.886926e-10
9.765000e-01,1.443478e-10
9.766000e-01,8.449661e-11
9.767000e-01,2.464543e-11
9.768000e-01,-3.520575e-11
9.769000e-01,-9.505693e-11
9.770000e-01,-1.549081e-10
9.771000e-01,-2.147593e-10
9.772000e-01,-2.746105e-10
9.773000e-01,-3.344617e-10
9.774000e-01,1.985788e-10
9.775000e-01,1.387276e-10
9.776000e-01,7.887641e-11
9.777000e-01,1.902523e-11
9.778000e-01,-4.082595e-11
9.779000e-01,-1.006771e-10
9.780000e-01,-1.605283e-10
9.781000e-01,-2.203795e-10
9.782000e-01,-2.802307e-10
9.783000e-01,-3.400819e-10
9.784000e-01,1.929586e-10
9.785000e-01,1.331074e-10
9.786000e-01,7.325622e-11
9.787000e-01,1.340503e-11
9.788000e-01,-4.644615e-11
9.789000e-01,-1.062973e-10
9.790000e-01,-1.661485e-10
9.791000e-01,-2.259997e-10
9.792000e-01,-2.858509e-10
9.793000e-01,2.471896e-10
9.794000e-01,1.873384e-10
9.795000e-01,1.274872e-10
9.796000e-01,6.763602e-11
9.797000e-01,7.784838e-12
9.798000e-01,-5.206634e-11
9.799000e-01,-1.119175e-10
9.800000e-01,-1.717687e-10
9.801000e-01,-2.316199e-10
9.802000e-01,3.014205e-10
9.803000e-01,2.415694e-10
9.804000e-01,1.817182e-10
9.805000e-01,1.218670e-10
9.806000e-01,6.201582e-11
9.807000e-01,2.164641e-12
9.808000e-01,-5.768654e-11
9.809000e-01,-1.175377e-10
9.810000e-01,-1.773889e-10
9.811000e-01,-2.372401e-10
9.812000e-01,2.958003e-10
9.813000e-01,2.359492e-10
9.814000e-01,1.760980e-10
9.815000e-01,1.162468e-10
9.816000e-01,5.639562e-11
9.817000e-01,-3.455556e-12
9.818000e-01,-6.330674e-11
9.819000e-01,-1.231579e-10
9.820000e-01,-1.830091e-10
9.821000e-01,3.500313e-10
9.822000e-01,2.901801e-10
9.823000e-01,2.303290e-10
9.824000e-01,1.704778e-10
9.825000e-01,1.106266e-10
9.826000e-01,5.077543e-11
9.827000e-01,-9.075754e-12
9.828000e-01,-6.892693e-11
9.829000e-01,-1.287781e-10
9.830000e-01,-1.886293e-10
9.831000e-01,3.444111e-10
9.832000e-01,2.845600e-10
9.833000e-01,2.247088e-10
9.834000e-01,1.648576e-10
9.835000e-01,1.050064e-10
9.836000e-01,4.515523e-11
9.837000e-01,-1.469595e-11
9.838000e-01,-7.454713e-11
9.839000e-01,-1.343983e-10
9.840000e-01,3.986421e-10
9.841000e-01,3.387909e-10
9.842000e-01,2.789398e-10
9.843000e-01,2.190886e-10
9.844000e-01,1.592374e-10
9.845000e-01,9.938621e-11
9.846000e-01,3.953503e-11
9.847000e-01,-2.031615e-11
9.848000e-01,-8.016733e-11
9.849000e-01,-1.400185e-10
9.850000e-01,3.930219e-10
9.851000e-01,3.331707e-10
9.852000e-01,2.733196e-10
9.853000e-01,2.134684e-10
9.854000e-01,1.536172e-10
9.855000e-01,9.376602e-11
9.856000e-01,3.391484e-11
9.857000e-01,-2.593634e-11
9.858000e-01,-8.578753e-11
9.859000e-01,-1.456387e-10
9.860000e-01,3.874017e-10
9.861000e-01,3.275505e-10
9.862000e-01,2.676994e-10
9.863000e-01,2.078482e-10
9.864000e-01,1.479970e-10
9.865000e-01,8.814582e-11
9.866000e-01,2.829464e-11
9.867000e-01,-3.155654e-11
9.868000e-01,-9.140772e-11
9.869000e-01,-1.512589e-10
9.870000e-01,3.817815e-10
9.871000e-01,3.219303e-10
9.872000e-01,2.620792e-10
9.873000e-01,2.022280e-10
9.874000e-01,1.423768e-10
9.875000e-01,8.252562e-11
9.876000e-01,2.267444e-11
9.877000e-01,-3.717674e-11
9.878000e-01,-9.702792e-11
9.879000e-01,-1.568791e-10
9.880000e-01,3.761613e-10
9.881000e-01,3.163101e-10
9.882000e-01,2.564590e-10
9.883000e-01,1.966078e-10
9.884000e-01,1.367566e-10
9.885000e-01,7.690542e-11
9.886000e-01,1.705424e-11
9.887000e-01,-4.279694e-11
9.888000e-01,-1.026481e-10
9.889000e-01,-1.624993e-10
9.890000e-01,3.705411e-10
9.891000e-01,3.106899e-10
9.892000e-01,2.508388e-10
9.893000e-01,1.909876e-10
9.894000e-01,1.311364e-10
9.895000e-01,7.128523e-11
9.896000e-01,1.143405e-11
9.897000e-01,-4.841713e-11
9.898000e-01,-1.082683e-10
9.899000e-01,-1.681195e-10
9.900000e-01,3.649209e-10
9.901000e-01,3.050698e-10
9.902000e-01,2.452186e-10
9.903000e-01,1.853674e-10
9.904000e-01,1.255162e-10
9.905000e-01,6.566503e-11
9.906000e-01,5.813850e-12
9.907000e-01,-5.403733e-11
9.908000e-01,-1.138885e-10
9.909000e-01,-1.737397e-10
9.910000e-01,-2.335909e-10
9.911000e-01,2.994496e-10
9.912000e-01,2.395984e-10
9.913000e-01,1.797472e-10
9.914000e-01,1.198960e-10
9.915000e-01,6.004483e-11
9.916000e-01,1.936529e-13
9.917000e-01,-5.965753e-11
9.918000e-01,-1.195087e-10
9.919000e-01,-1.793599e-10
9.920000e-01,-2.392111e-10
9.921000e-01,2.938294e-10
9.922000e-01,2.339782e-10
9.923000e-01,1.741270e-10
9.924000e-01,1.142758e-10
9.925000e-01,5.442464e-11
9.926000e-01,-5.426544e-12
9.927000e-01,-6.527772e-11
9.928000e-01,-1.251289e-10
9.929000e-01,-1.849801e-10
9.930000e-01,-2.448313e-10
9.931000e-01,2.882092e-10
9.932000e-01,2.283580e-10
9.933000e-01,1.685068e-10
9.934000e-01,1.086556e-10
9.935000e-01,4.880444e-11
9.936000e-01,-1.104674e-11
9.937000e-01,-7.089792e-11
9.938000e-01,-1.307491e-10
9.939000e-01,-1.906003e-10
9.940000e-01,-2.504515e-10
9.941000e-01,2.825890e-10
9.942000e-01,2.227378e-10
9.943000e-01,1.628866e-10
9.944000e-01,1.030354e-10
9.945000e-01,4.318424e-11
9.946000e-01,-1.666694e-11
9.947000e-01,-7.651812e-11
9.948000e-01,-1.363693e-10
9.949000e-01,-1.962205e-10
9.950000e-01,-2.560717e-10
9.951000e-01,2.769688e-10
9.952000e-01,2.171176e-10
9.953000e-01,1.572664e-10
9.954000e-01,9.741523e-11
9.955000e-01,3.756404e-11
9.956000e-01,-2.228714e-11
9.957000e-01,-8.213832e-11
9.958000e-01,-1.419895e-10
9.959000e-01,-2.018407e-10
9.960000e-01,-2.616919e-10
9.961000e-01,2.713486e-10
9.962000e-01,2.114974e-10
9.963000e-01,1.516462e-10
9.964000e-01,9.179503e-11
9.965000e-01,3.194385e-11
9.966000e-01,-2.790733e-11
9.967000e-01,-8.775851e-11
9.968000e-01,-1.476097e-10
9.969000e-01,-2.074609e-10
9.970000e-01,-2.673121e-10
9.971000e-01,2.657284e-10
9.972000e-01,2.058772e-10
9.973000e-01,1.460260e-10
9.974000e-01,8.617483e-11
9.975000e-01,2.632365e-11
9.976000e-01,-3.352753e-11
9.977000e-01,-9.337871e-11
9.978000e-01,-1.532299e-10
9.979000e-01,-2.130811e-10
9.980000e-01,-2.729323e-10
9.981000e-01,2.601082e-10
9.982000e-01,2.002570e-10
9.983000e-01,1.404058e-10
9.984000e-01,8.055463e-11
9.985000e-01,2.070345e-11
9.986000e-01,-3.914773e-11
9.987000e-01,-9.899891e-11
9.988000e-01,-1.588501e-10
9.989000e-01,-2.187013e-10
9.990000e-01,-2.785524e-10
9.991000e-01,2.544880e-10
9.992000e-01,1.946368e-10
9.993000e-01,1.347856e-10
9.994000e-01,7.493444e-11
9.995000e-01,1.508326e-11
9.996000e-01,-4.476792e-11
9.997000e-01,-1.046191e-10
9.998000e-01,-1.644703e-10
9.999000e-01,-2.243215e-10
