# t,y
0.000000e+00,0.000000e+00
1.000000e-04,3.928729e-15
2.000000e-04,7.857457e-15
3.000000e-04,1.254717e-13
4.000000e-04,1.571491e-14
5.000000e-04,-3.214130e-13
6.000000e-04,2.509435e-13
7.000000e-04,-5.409266e-13
8.000000e-04,3.142983e-14
9.000000e-04,-3.056981e-13
1.000000e-03,-6.428260e-13
1.100000e-03,-7.046953e-14
1.200000e-03,5.018869e-13
1.300000e-03,1.647590e-13
1.400000e-03,-1.081853e-12
1.500000e-03,-5.094968e-13
1.600000e-03,6.285966e-14
1.700000e-03,6.352161e-13
1.800000e-03,-6.113961e-13
1.900000e-03,-3.903970e-14
2.000000e-03,-1.285652e-12
2.100000e-03,1.105673e-12
2.200000e-03,-1.409391e-13
2.300000e-03,-1.387551e-12
2.400000e-03,1.003774e-12
2.500000e-03,-2.428384e-13
2.600000e-03,3.295180e-13
2.700000e-03,9.018745e-13
2.800000e-03,-2.163706e-12
2.900000e-03,-1.591350e-12
3.000000e-03,-1.018994e-12
3.100000e-03,-4.466371e-13
3.200000e-03,1.257193e-13
3.300000e-03,-2.939862e-12
3.400000e-03,1.270432e-12
3.500000e-03,-1.795149e-12
3.600000e-03,-1.222792e-12
3.700000e-03,-6.504358e-13
3.800000e-03,-7.807939e-14
3.900000e-03,4.942770e-13
4.000000e-03,-2.571304e-12
4.100000e-03,1.638990e-12
4.200000e-03,2.211346e-12
4.300000e-03,-8.542345e-13
4.400000e-03,-2.818781e-13
4.500000e-03,2.904783e-13
4.600000e-03,-2.775103e-12
4.700000e-03,-2.202746e-12
4.800000e-03,2.007548e-12
4.900000e-03,-4.695971e-12
5.000000e-03,-4.856768e-13
5.100000e-03,8.667962e-14
5.200000e-03,6.590361e-13
5.300000e-03,1.231392e-12
5.400000e-03,1.803749e-12
5.500000e-03,2.376105e-12
5.600000e-03,-4.327413e-12
5.700000e-03,-3.755056e-12
5.800000e-03,-3.182700e-12
5.900000e-03,-2.610344e-12
6.000000e-03,-2.037987e-12
6.100000e-03,-1.465631e-12
6.200000e-03,-8.932742e-13
6.300000e-03,-3.209178e-13
6.400000e-03,2.514386e-13
6.500000e-03,8.237951e-13
6.600000e-03,-5.879723e-12
6.700000e-03,1.968508e-12
6.800000e-03,2.540864e-12
6.900000e-03,3.113221e-12
7.000000e-03,-3.590297e-12
7.100000e-03,-3.017941e-12
7.200000e-03,-2.445585e-12
7.300000e-03,-1.873228e-12
7.400000e-03,-1.300872e-12
7.500000e-03,-7.285152e-13
7.600000e-03,-1.561588e-13
7.700000e-03,4.161976e-13
7.800000e-03,9.885541e-13
7.900000e-03,1.560911e-12
8.000000e-03,-5.142608e-12
8.100000e-03,-4.570251e-12
8.200000e-03,3.277980e-12
8.300000e-03,-3.425538e-12
8.400000e-03,4.422693e-12
8.500000e-03,-2.280826e-12
8.600000e-03,-1.708469e-12
8.700000e-03,6.139762e-12
8.800000e-03,-5.637562e-13
8.900000e-03,-7.267274e-12
9.000000e-03,5.809567e-13
9.100000e-03,1.153313e-12
9.200000e-03,-5.550205e-12
9.300000e-03,2.298026e-12
9.400000e-03,-4.405492e-12
9.500000e-03,-3.833136e-12
9.600000e-03,4.015095e-12
9.700000e-03,-2.688423e-12
9.800000e-03,-9.391941e-12
9.900000e-03,-1.543710e-12
1.000000e-02,-9.713536e-13
1.010000e-02,6.876877e-12
1.020000e-02,1.733592e-13
1.030000e-02,-6.530159e-12
1.040000e-02,1.318072e-12
1.050000e-02,-5.385446e-12
1.060000e-02,2.462785e-12
1.070000e-02,-4.240733e-12
1.080000e-02,3.607498e-12
1.090000e-02,-3.096020e-12
1.100000e-02,4.752211e-12
1.110000e-02,-1.951307e-12
1.120000e-02,-8.654826e-12
1.130000e-02,-8.065946e-13
1.140000e-02,-7.510113e-12
1.150000e-02,3.381183e-13
1.160000e-02,-6.365400e-12
1.170000e-02,1.482831e-12
1.180000e-02,-5.220687e-12
1.190000e-02,2.627544e-12
1.200000e-02,-4.075974e-12
1.210000e-02,3.772257e-12
1.220000e-02,-2.931261e-12
1.230000e-02,-9.634780e-12
1.240000e-02,-1.786548e-12
1.250000e-02,-8.490067e-12
1.260000e-02,-6.418356e-13
1.270000e-02,7.206396e-12
1.280000e-02,5.028773e-13
1.290000e-02,-6.200641e-12
1.300000e-02,1.647590e-12
1.310000e-02,-5.055928e-12
1.320000e-02,-1.175945e-11
1.330000e-02,-3.911215e-12
1.340000e-02,3.937016e-12
1.350000e-02,-2.766502e-12
1.360000e-02,5.081729e-12
1.370000e-02,-1.621789e-12
1.380000e-02,6.226442e-12
1.390000e-02,-4.770766e-13
1.400000e-02,-7.180595e-12
1.410000e-02,6.676363e-13
1.420000e-02,-6.035882e-12
1.430000e-02,1.812349e-12
1.440000e-02,-4.891169e-12
1.450000e-02,2.957062e-12
1.460000e-02,-3.746456e-12
1.470000e-02,4.101775e-12
1.480000e-02,-2.601743e-12
1.490000e-02,-9.305262e-12
1.500000e-02,-1.457030e-12
1.510000e-02,-8.160549e-12
1.520000e-02,-3.123176e-13
1.530000e-02,-7.015836e-12
1.540000e-02,8.323953e-13
1.550000e-02,-5.871123e-12
1.560000e-02,1.977108e-12
1.570000e-02,9.825339e-12
1.580000e-02,3.121821e-12
1.590000e-02,-3.581697e-12
1.600000e-02,-1.028522e-11
1.610000e-02,-2.436984e-12
1.620000e-02,-9.140503e-12
1.630000e-02,-1.292271e-12
1.640000e-02,6.555960e-12
1.650000e-02,-1.475586e-13
1.660000e-02,-6.851077e-12
1.670000e-02,-1.355460e-11
1.680000e-02,8.845385e-12
1.690000e-02,2.141867e-12
1.700000e-02,-4.561651e-12
1.710000e-02,3.286580e-12
1.720000e-02,-3.416938e-12
1.730000e-02,-1.012046e-11
1.740000e-02,1.227952e-11
1.750000e-02,5.576006e-12
1.760000e-02,-1.127512e-12
1.770000e-02,-7.831031e-12
1.780000e-02,-1.453455e-11
1.790000e-02,-6.686318e-12
1.800000e-02,1.161913e-12
1.810000e-02,-5.541605e-12
1.820000e-02,2.306626e-12
1.830000e-02,-4.396892e-12
1.840000e-02,-1.110041e-11
1.850000e-02,1.129957e-11
1.860000e-02,4.596052e-12
1.870000e-02,-2.107466e-12
1.880000e-02,-8.810985e-12
1.890000e-02,-9.627534e-13
1.900000e-02,-7.666272e-12
1.910000e-02,1.819595e-13
1.920000e-02,8.030191e-12
1.930000e-02,1.326672e-12
1.940000e-02,-5.376846e-12
1.950000e-02,-1.208036e-11
1.960000e-02,-1.878388e-11
1.970000e-02,3.616098e-12
1.980000e-02,-3.087420e-12
1.990000e-02,4.760811e-12
2.000000e-02,-1.942707e-12
2.010000e-02,-8.646226e-12
2.020000e-02,1.375375e-11
2.030000e-02,7.050237e-12
2.040000e-02,3.467185e-13
2.050000e-02,-6.356800e-12
2.060000e-02,-1.306032e-11
2.070000e-02,-5.212087e-12
2.080000e-02,2.636144e-12
2.090000e-02,-4.067374e-12
2.100000e-02,-1.077089e-11
2.110000e-02,-1.747441e-11
2.120000e-02,4.925570e-12
2.130000e-02,-1.777948e-12
2.140000e-02,-8.481466e-12
2.150000e-02,1.391851e-11
2.160000e-02,7.214996e-12
2.170000e-02,5.114775e-13
2.180000e-02,-6.192041e-12
2.190000e-02,-1.289556e-11
2.200000e-02,9.504421e-12
2.210000e-02,2.800903e-12
2.220000e-02,-3.902615e-12
2.230000e-02,-1.060613e-11
2.240000e-02,-1.730965e-11
2.250000e-02,5.090329e-12
2.260000e-02,-1.613189e-12
2.270000e-02,-8.316707e-12
2.280000e-02,-1.502023e-11
2.290000e-02,-2.172374e-11
2.300000e-02,6.762365e-13
2.310000e-02,-6.027282e-12
2.320000e-02,-1.273080e-11
2.330000e-02,9.669181e-12
2.340000e-02,2.965662e-12
2.350000e-02,-3.737856e-12
2.360000e-02,-1.044137e-11
2.370000e-02,1.195861e-11
2.380000e-02,5.255088e-12
2.390000e-02,-1.448430e-12
2.400000e-02,-8.151948e-12
2.410000e-02,-1.485547e-11
2.420000e-02,7.544514e-12
2.430000e-02,8.409955e-13
2.440000e-02,-5.862523e-12
2.450000e-02,-1.256604e-11
2.460000e-02,-1.926956e-11
2.470000e-02,-2.597308e-11
2.480000e-02,-3.573097e-12
2.490000e-02,-1.027662e-11
2.500000e-02,-1.698013e-11
2.510000e-02,5.419847e-12
2.520000e-02,-1.283671e-12
2.530000e-02,-7.987189e-12
2.540000e-02,1.441279e-11
2.550000e-02,7.709273e-12
2.560000e-02,1.005755e-12
2.570000e-02,-5.697764e-12
2.580000e-02,-1.240128e-11
2.590000e-02,9.998699e-12
2.600000e-02,3.295180e-12
2.610000e-02,-3.408338e-12
2.620000e-02,-1.011186e-11
2.630000e-02,-1.681537e-11
2.640000e-02,-2.351889e-11
2.650000e-02,-1.118912e-12
2.660000e-02,-7.822430e-12
2.670000e-02,-1.452595e-11
2.680000e-02,7.874032e-12
2.690000e-02,1.170514e-12
2.700000e-02,-5.533005e-12
2.710000e-02,1.686698e-11
2.720000e-02,1.016346e-11
2.730000e-02,3.459939e-12
2.740000e-02,-3.243579e-12
2.750000e-02,-9.947097e-12
2.760000e-02,1.245288e-11
2.770000e-02,5.749365e-12
2.780000e-02,-9.541532e-13
2.790000e-02,-7.657671e-12
2.800000e-02,-1.436119e-11
2.810000e-02,-2.106471e-11
2.820000e-02,1.335273e-12
2.830000e-02,-5.368246e-12
2.840000e-02,-1.207176e-11
2.850000e-02,-1.877528e-11
2.860000e-02,3.624698e-12
2.870000e-02,-3.078820e-12
2.880000e-02,-9.782338e-12
2.890000e-02,1.261764e-11
2.900000e-02,5.914124e-12
2.910000e-02,-7.893942e-13
2.920000e-02,-7.492912e-12
2.930000e-02,1.490707e-11
2.940000e-02,8.203550e-12
2.950000e-02,1.500032e-12
2.960000e-02,-5.203487e-12
2.970000e-02,-1.190700e-11
2.980000e-02,-1.861052e-11
2.990000e-02,3.789457e-12
3.000000e-02,-2.914061e-12
3.010000e-02,-9.617579e-12
3.020000e-02,-1.632110e-11
3.030000e-02,-2.302462e-11
3.040000e-02,-6.246352e-13
3.050000e-02,-7.328153e-12
3.060000e-02,-1.403167e-11
3.070000e-02,8.368309e-12
3.080000e-02,1.664791e-12
3.090000e-02,-5.038728e-12
3.100000e-02,-1.174225e-11
3.110000e-02,1.065773e-11
3.120000e-02,3.954216e-12
3.130000e-02,-2.749302e-12
3.140000e-02,1.965068e-11
3.150000e-02,-1.615634e-11
3.160000e-02,6.243642e-12
3.170000e-02,-2.956337e-11
3.180000e-02,-7.163394e-12
3.190000e-02,1.523659e-11
3.200000e-02,-2.057043e-11
3.210000e-02,1.829550e-12
3.220000e-02,-4.873969e-12
3.230000e-02,-1.157749e-11
3.240000e-02,-1.828101e-11
3.250000e-02,4.118975e-12
3.260000e-02,-2.584543e-12
3.270000e-02,-9.288061e-12
3.280000e-02,1.311192e-11
3.290000e-02,-2.269510e-11
3.300000e-02,-2.951171e-13
3.310000e-02,2.210486e-11
3.320000e-02,-1.370215e-11
3.330000e-02,8.697827e-12
3.340000e-02,-2.710919e-11
3.350000e-02,-4.709210e-12
3.360000e-02,1.769077e-11
3.370000e-02,-1.811625e-11
3.380000e-02,4.283734e-12
3.390000e-02,-3.152328e-11
3.400000e-02,-9.123302e-12
3.410000e-02,-1.582682e-11
3.420000e-02,6.573160e-12
3.430000e-02,-1.303581e-13
3.440000e-02,-6.833876e-12
3.450000e-02,1.556610e-11
3.460000e-02,-2.024091e-11
3.470000e-02,2.159068e-12
3.480000e-02,2.455905e-11
3.490000e-02,-1.124797e-11
3.500000e-02,1.115201e-11
3.510000e-02,-2.465501e-11
3.520000e-02,-2.255025e-12
3.530000e-02,2.014496e-11
3.540000e-02,-1.566206e-11
3.550000e-02,6.737919e-12
3.560000e-02,-2.906910e-11
3.570000e-02,-6.669117e-12
3.580000e-02,-1.337264e-11
3.590000e-02,-2.007615e-11
3.600000e-02,2.323827e-12
3.610000e-02,-4.379692e-12
3.620000e-02,-1.108321e-11
3.630000e-02,-1.778673e-11
3.640000e-02,4.613252e-12
3.650000e-02,2.701323e-11
3.660000e-02,-8.793784e-12
3.670000e-02,1.360620e-11
3.680000e-02,-2.220082e-11
3.690000e-02,1.991599e-13
3.700000e-02,2.259914e-11
3.710000e-02,-1.320788e-11
3.720000e-02,9.192104e-12
3.730000e-02,-2.661491e-11
3.740000e-02,-4.214933e-12
3.750000e-02,-1.091845e-11
3.760000e-02,-1.762197e-11
3.770000e-02,4.778011e-12
3.780000e-02,-1.925507e-12
3.790000e-02,-8.629025e-12
3.800000e-02,-1.533254e-11
3.810000e-02,7.067437e-12
3.820000e-02,3.639189e-13
3.830000e-02,-6.339599e-12
3.840000e-02,1.606038e-11
3.850000e-02,-1.974664e-11
3.860000e-02,2.653345e-12
3.870000e-02,2.505333e-11
3.880000e-02,-1.075369e-11
3.890000e-02,1.164629e-11
3.900000e-02,-2.416073e-11
3.910000e-02,-1.760748e-12
3.920000e-02,-3.756776e-11
3.930000e-02,-1.516778e-11
3.940000e-02,7.232196e-12
3.950000e-02,-2.857482e-11
3.960000e-02,-6.174840e-12
3.970000e-02,-1.287836e-11
3.980000e-02,9.521622e-12
3.990000e-02,2.818104e-12
4.000000e-02,-3.885415e-12
4.010000e-02,1.851457e-11
4.020000e-02,-1.729245e-11
4.030000e-02,5.107529e-12
4.040000e-02,2.750751e-11
4.050000e-02,-8.299507e-12
4.060000e-02,1.410047e-11
4.070000e-02,-2.170654e-11
4.080000e-02,6.934370e-13
4.090000e-02,-3.511358e-11
4.100000e-02,-1.271360e-11
4.110000e-02,9.686381e-12
4.120000e-02,-2.612064e-11
4.130000e-02,-3.720656e-12
4.140000e-02,-1.042417e-11
4.150000e-02,-1.712769e-11
4.160000e-02,5.272288e-12
4.170000e-02,-1.431230e-12
4.180000e-02,-8.134748e-12
4.190000e-02,-4.394176e-11
4.200000e-02,-2.154178e-11
4.210000e-02,8.581960e-13
4.220000e-02,-3.494882e-11
4.230000e-02,-1.254884e-11
4.240000e-02,9.851140e-12
4.250000e-02,-2.595588e-11
4.260000e-02,-3.555897e-12
4.270000e-02,1.884408e-11
4.280000e-02,-1.696293e-11
4.290000e-02,5.437047e-12
4.300000e-02,2.783703e-11
4.310000e-02,-7.969989e-12
4.320000e-02,1.442999e-11
4.330000e-02,3.682997e-11
4.340000e-02,1.022955e-12
4.350000e-02,2.342294e-11
4.360000e-02,-1.238408e-11
4.370000e-02,1.001590e-11
4.380000e-02,-2.579112e-11
4.390000e-02,-3.391137e-12
4.400000e-02,1.900884e-11
4.410000e-02,-1.679817e-11
4.420000e-02,5.601806e-12
4.430000e-02,-3.020521e-11
4.440000e-02,-7.805230e-12
4.450000e-02,1.459475e-11
4.460000e-02,-2.121227e-11
4.470000e-02,1.187714e-12
4.480000e-02,-3.461930e-11
4.490000e-02,-1.221932e-11
4.500000e-02,1.018066e-11
4.510000e-02,-2.562636e-11
4.520000e-02,-3.226378e-12
4.530000e-02,-3.903340e-11
4.540000e-02,-1.663341e-11
4.550000e-02,-5.244043e-11
4.560000e-02,-3.004045e-11
4.570000e-02,-7.640471e-12
4.580000e-02,-4.344749e-11
4.590000e-02,-2.104751e-11
4.600000e-02,1.352473e-12
4.610000e-02,-3.445454e-11
4.620000e-02,-1.205456e-11
4.630000e-02,1.034542e-11
4.640000e-02,-2.546160e-11
4.650000e-02,-3.061619e-12
4.660000e-02,1.933836e-11
4.670000e-02,4.173834e-11
4.680000e-02,5.931325e-12
4.690000e-02,2.833130e-11
4.700000e-02,-7.475712e-12
4.710000e-02,1.492427e-11
4.720000e-02,-2.088275e-11
4.730000e-02,1.517232e-12
4.740000e-02,2.391721e-11
4.750000e-02,-1.188980e-11
4.760000e-02,1.051018e-11
4.770000e-02,-2.529684e-11
4.780000e-02,-2.896860e-12
4.790000e-02,1.950312e-11
4.800000e-02,-1.630390e-11
4.810000e-02,6.096084e-12
4.820000e-02,-2.971093e-11
4.830000e-02,-7.310953e-12
4.840000e-02,1.508903e-11
4.850000e-02,-2.071799e-11
4.860000e-02,1.681991e-12
4.870000e-02,-3.412503e-11
4.880000e-02,-1.172505e-11
4.890000e-02,-4.753206e-11
4.900000e-02,-2.513208e-11
4.910000e-02,-2.732101e-12
4.920000e-02,-3.853912e-11
4.930000e-02,-1.613914e-11
4.940000e-02,-5.194615e-11
4.950000e-02,-2.954617e-11
4.960000e-02,-7.146194e-12
4.970000e-02,-4.295321e-11
4.980000e-02,-2.055323e-11
4.990000e-02,1.846750e-12
5.000000e-02,-3.396027e-11
5.010000e-02,-1.156029e-11
5.020000e-02,1.083969e-11
5.030000e-02,3.323967e-11
5.040000e-02,-2.567342e-12
5.050000e-02,1.983264e-11
5.060000e-02,-1.597438e-11
5.070000e-02,6.425602e-12
5.080000e-02,2.882558e-11
5.090000e-02,-6.981435e-12
5.100000e-02,1.541855e-11
5.110000e-02,-2.038847e-11
5.120000e-02,2.011509e-12
5.130000e-02,2.441149e-11
5.140000e-02,-1.139553e-11
5.150000e-02,1.100445e-11
5.160000e-02,-2.480256e-11
5.170000e-02,-2.402583e-12
5.180000e-02,1.999740e-11
5.190000e-02,-1.580962e-11
5.200000e-02,6.590361e-12
5.210000e-02,-2.921666e-11
5.220000e-02,-6.816676e-12
5.230000e-02,-4.262369e-11
5.240000e-02,-2.022371e-11
5.250000e-02,2.176268e-12
5.260000e-02,-3.363075e-11
5.270000e-02,-1.123077e-11
5.280000e-02,-4.703779e-11
5.290000e-02,-2.463780e-11
5.300000e-02,-2.237824e-12
5.310000e-02,-3.804484e-11
5.320000e-02,-1.564486e-11
5.330000e-02,-5.145188e-11
5.340000e-02,-2.905190e-11
5.350000e-02,-6.651917e-12
5.360000e-02,1.574806e-11
5.370000e-02,-2.005895e-11
5.380000e-02,2.341027e-12
5.390000e-02,2.474101e-11
5.400000e-02,-1.106601e-11
5.410000e-02,1.133397e-11
5.420000e-02,3.373395e-11
5.430000e-02,-2.073065e-12
5.440000e-02,2.032692e-11
5.450000e-02,-1.548010e-11
5.460000e-02,6.919879e-12
5.470000e-02,2.931986e-11
5.480000e-02,-6.487158e-12
5.490000e-02,1.591282e-11
5.500000e-02,-1.989419e-11
5.510000e-02,2.505786e-12
5.520000e-02,2.490577e-11
5.530000e-02,-1.090125e-11
5.540000e-02,1.149873e-11
5.550000e-02,-2.430829e-11
5.560000e-02,-1.908306e-12
5.570000e-02,-3.771532e-11
5.580000e-02,-1.531534e-11
5.590000e-02,7.084638e-12
5.600000e-02,-2.872238e-11
5.610000e-02,-6.322399e-12
5.620000e-02,-4.212942e-11
5.630000e-02,-1.972944e-11
5.640000e-02,2.670545e-12
5.650000e-02,-3.313647e-11
5.660000e-02,-1.073649e-11
5.670000e-02,-4.654351e-11
5.680000e-02,-2.414353e-11
5.690000e-02,-1.743547e-12
5.700000e-02,-3.755056e-11
5.710000e-02,-1.515058e-11
5.720000e-02,7.249397e-12
5.730000e-02,-2.855762e-11
5.740000e-02,-6.157640e-12
5.750000e-02,1.624234e-11
5.760000e-02,-1.956468e-11
5.770000e-02,2.835304e-12
5.780000e-02,2.523528e-11
5.790000e-02,-1.057173e-11
5.800000e-02,1.182825e-11
5.810000e-02,3.422823e-11
5.820000e-02,-1.578788e-12
5.830000e-02,2.082119e-11
5.840000e-02,-1.498582e-11
5.850000e-02,7.414156e-12
5.860000e-02,2.981414e-11
5.870000e-02,-5.992881e-12
5.880000e-02,1.640710e-11
5.890000e-02,-1.939992e-11
5.900000e-02,3.000063e-12
5.910000e-02,-3.280695e-11
5.920000e-02,-1.040697e-11
5.930000e-02,1.199301e-11
5.940000e-02,-2.381401e-11
5.950000e-02,-1.414029e-12
5.960000e-02,-3.722105e-11
5.970000e-02,-1.482107e-11
5.980000e-02,7.578915e-12
5.990000e-02,-2.822810e-11
6.000000e-02,-5.828122e-12
6.010000e-02,-4.163514e-11
6.020000e-02,-1.923516e-11
6.030000e-02,-5.504218e-11
6.040000e-02,-3.264219e-11
6.050000e-02,-1.024221e-11
6.060000e-02,-4.604923e-11
6.070000e-02,-2.364925e-11
6.080000e-02,-1.249270e-12
6.090000e-02,-3.705629e-11
6.100000e-02,-1.465631e-11
6.110000e-02,7.743674e-12
6.120000e-02,-2.806334e-11
6.130000e-02,-5.663363e-12
6.140000e-02,1.673662e-11
6.150000e-02,3.913660e-11
6.160000e-02,3.329581e-12
6.170000e-02,2.572956e-11
6.180000e-02,-1.007746e-11
6.190000e-02,1.232253e-11
6.200000e-02,-2.348449e-11
6.210000e-02,-1.084511e-12
6.220000e-02,2.131547e-11
6.230000e-02,-1.449155e-11
6.240000e-02,7.908433e-12
6.250000e-02,-2.789858e-11
6.260000e-02,-5.498604e-12
6.270000e-02,1.690138e-11
6.280000e-02,3.930136e-11
6.290000e-02,-5.471266e-11
6.300000e-02,-3.231268e-11
6.310000e-02,-9.912696e-12
6.320000e-02,1.248728e-11
6.330000e-02,3.488726e-11
6.340000e-02,-5.912675e-11
6.350000e-02,-3.672677e-11
6.360000e-02,-1.432679e-11
6.370000e-02,8.073192e-12
6.380000e-02,3.047317e-11
6.390000e-02,-6.354084e-11
6.400000e-02,-4.114086e-11
6.410000e-02,-1.874088e-11
6.420000e-02,3.659099e-12
6.430000e-02,2.605908e-11
6.440000e-02,-9.747937e-12
6.450000e-02,-4.555495e-11
6.460000e-02,-2.315497e-11
6.470000e-02,-7.549933e-13
6.480000e-02,-3.656201e-11
6.490000e-02,-1.416203e-11
6.500000e-02,8.237951e-12
6.510000e-02,3.063793e-11
6.520000e-02,-5.169086e-12
6.530000e-02,-4.097610e-11
6.540000e-02,-1.857612e-11
6.550000e-02,3.823858e-12
6.560000e-02,2.622384e-11
6.570000e-02,4.862382e-11
6.580000e-02,-4.539020e-11
6.590000e-02,-2.299021e-11
6.600000e-02,-5.902343e-13
6.610000e-02,2.180975e-11
6.620000e-02,4.420973e-11
6.630000e-02,-4.980429e-11
6.640000e-02,-2.740431e-11
6.650000e-02,-5.004327e-12
6.660000e-02,1.739565e-11
6.670000e-02,3.979563e-11
6.680000e-02,-5.421838e-11
6.690000e-02,-3.181840e-11
6.700000e-02,-9.418419e-12
6.710000e-02,1.298156e-11
6.720000e-02,3.538154e-11
6.730000e-02,-5.863247e-11
6.740000e-02,-3.623249e-11
6.750000e-02,-1.383251e-11
6.760000e-02,8.567469e-12
6.770000e-02,3.096745e-11
6.780000e-02,-6.304657e-11
6.790000e-02,-4.064658e-11
6.800000e-02,-1.824660e-11
6.810000e-02,4.153376e-12
6.820000e-02,-3.165364e-11
6.830000e-02,-9.253660e-12
6.840000e-02,1.314632e-11
6.850000e-02,-2.266070e-11
6.860000e-02,-2.607162e-13
6.870000e-02,-3.606773e-11
6.880000e-02,-1.366775e-11
6.890000e-02,8.732228e-12
6.900000e-02,3.113221e-11
6.910000e-02,-4.674809e-12
6.920000e-02,-4.048183e-11
6.930000e-02,-1.808185e-11
6.940000e-02,4.318135e-12
6.950000e-02,2.671812e-11
6.960000e-02,4.911810e-11
6.970000e-02,-4.489592e-11
6.980000e-02,-2.249594e-11
6.990000e-02,-9.595721e-14
7.000000e-02,2.230402e-11
7.010000e-02,4.470400e-11
7.020000e-02,-4.931001e-11
7.030000e-02,-2.691003e-11
7.040000e-02,-4.510050e-12
7.050000e-02,1.788993e-11
7.060000e-02,4.028991e-11
7.070000e-02,-5.372410e-11
7.080000e-02,-3.132412e-11
7.090000e-02,-8.924142e-12
7.100000e-02,1.347584e-11
7.110000e-02,-8.053818e-11
7.120000e-02,-5.813820e-11
7.130000e-02,-3.573822e-11
7.140000e-02,-1.333823e-11
7.150000e-02,9.061746e-12
7.160000e-02,-2.674527e-11
7.170000e-02,-4.345291e-12
7.180000e-02,-4.015231e-11
7.190000e-02,-1.775233e-11
7.200000e-02,4.647653e-12
7.210000e-02,-3.115936e-11
7.220000e-02,-8.759383e-12
7.230000e-02,1.364060e-11
7.240000e-02,-2.216642e-11
7.250000e-02,2.335608e-13
7.260000e-02,-3.557346e-11
7.270000e-02,-1.317348e-11
7.280000e-02,9.226505e-12
7.290000e-02,3.162649e-11
7.300000e-02,5.402647e-11
7.310000e-02,-3.998755e-11
7.320000e-02,-1.758757e-11
7.330000e-02,4.812412e-12
7.340000e-02,2.721239e-11
7.350000e-02,4.961237e-11
7.360000e-02,-4.440164e-11
7.370000e-02,-2.200166e-11
7.380000e-02,3.983198e-13
7.390000e-02,2.279830e-11
7.400000e-02,4.519828e-11
7.410000e-02,-4.881573e-11
7.420000e-02,-2.641575e-11
7.430000e-02,-4.015773e-12
7.440000e-02,1.838421e-11
7.450000e-02,-7.562981e-11
7.460000e-02,-5.322983e-11
7.470000e-02,-3.082985e-11
7.480000e-02,-8.429865e-12
7.490000e-02,1.397012e-11
7.500000e-02,-2.183690e-11
7.510000e-02,-5.764392e-11
7.520000e-02,-3.524394e-11
7.530000e-02,-1.284396e-11
7.540000e-02,9.556023e-12
7.550000e-02,-2.625099e-11
7.560000e-02,-3.851014e-12
7.570000e-02,-3.965803e-11
7.580000e-02,-1.725805e-11
7.590000e-02,5.141930e-12
7.600000e-02,-3.066509e-11
7.610000e-02,-8.265106e-12
7.620000e-02,1.413487e-11
7.630000e-02,3.653485e-11
7.640000e-02,7.278379e-13
7.650000e-02,-3.507918e-11
7.660000e-02,-1.267920e-11
7.670000e-02,9.720782e-12
7.680000e-02,3.212076e-11
7.690000e-02,5.452074e-11
7.700000e-02,-3.949327e-11
7.710000e-02,-1.709329e-11
7.720000e-02,5.306689e-12
7.730000e-02,2.770667e-11
7.740000e-02,5.010665e-11
7.750000e-02,-4.390736e-11
7.760000e-02,-2.150738e-11
7.770000e-02,8.925969e-13
7.780000e-02,2.329258e-11
7.790000e-02,-7.072144e-11
7.800000e-02,-4.832146e-11
7.810000e-02,-2.592148e-11
7.820000e-02,-3.521496e-12
7.830000e-02,1.887848e-11
7.840000e-02,-7.513553e-11
7.850000e-02,-5.273555e-11
7.860000e-02,-3.033557e-11
7.870000e-02,-7.935588e-12
7.880000e-02,1.446439e-11
7.890000e-02,-2.134262e-11
7.900000e-02,-5.714964e-11
7.910000e-02,-3.474966e-11
7.920000e-02,-1.234968e-11
7.930000e-02,1.005030e-11
7.940000e-02,-2.575672e-11
7.950000e-02,-3.356737e-12
7.960000e-02,1.904324e-11
7.970000e-02,-1.676377e-11
7.980000e-02,5.636207e-12
7.990000e-02,-3.017081e-11
8.000000e-02,-7.770829e-12
8.010000e-02,1.462915e-11
8.020000e-02,3.702913e-11
8.030000e-02,1.222115e-12
8.040000e-02,-3.458490e-11
8.050000e-02,-1.218492e-11
8.060000e-02,1.021506e-11
8.070000e-02,3.261504e-11
8.080000e-02,5.501502e-11
8.090000e-02,-3.899899e-11
8.100000e-02,-1.659901e-11
8.110000e-02,5.800966e-12
8.120000e-02,2.820095e-11
8.130000e-02,-6.581307e-11
8.140000e-02,-4.341309e-11
8.150000e-02,-2.101311e-11
8.160000e-02,1.386874e-12
8.170000e-02,2.378685e-11
8.180000e-02,-7.022716e-11
8.190000e-02,-4.782718e-11
8.200000e-02,-2.542720e-11
8.210000e-02,-3.027219e-12
8.220000e-02,1.937276e-11
8.230000e-02,-7.464125e-11
8.240000e-02,-5.224127e-11
8.250000e-02,-2.984129e-11
8.260000e-02,-7.441311e-12
8.270000e-02,1.495867e-11
8.280000e-02,-2.084835e-11
8.290000e-02,-5.665536e-11
8.300000e-02,-3.425538e-11
8.310000e-02,-1.185540e-11
8.320000e-02,1.054458e-11
8.330000e-02,-2.526244e-11
8.340000e-02,-2.862460e-12
8.350000e-02,-3.866948e-11
8.360000e-02,-1.626950e-11
8.370000e-02,6.130484e-12
8.380000e-02,-8.788353e-11
8.390000e-02,-6.548355e-11
8.400000e-02,-4.308357e-11
8.410000e-02,-2.068359e-11
8.420000e-02,1.716392e-12
8.430000e-02,-9.229762e-11
8.440000e-02,-6.989764e-11
8.450000e-02,-4.749766e-11
8.460000e-02,-2.509768e-11
8.470000e-02,-2.697701e-12
8.480000e-02,1.970228e-11
8.490000e-02,-7.431173e-11
8.500000e-02,-5.191175e-11
8.510000e-02,-2.951177e-11
8.520000e-02,-7.111793e-12
8.530000e-02,1.528819e-11
8.540000e-02,3.768817e-11
8.550000e-02,6.008815e-11
8.560000e-02,-3.392587e-11
8.570000e-02,-1.152589e-11
8.580000e-02,1.087409e-11
8.590000e-02,3.327408e-11
8.600000e-02,5.567406e-11
8.610000e-02,7.807404e-11
8.620000e-02,-1.593998e-11
8.630000e-02,6.460002e-12
8.640000e-02,2.885998e-11
8.650000e-02,5.125996e-11
8.660000e-02,7.365994e-11
8.670000e-02,-2.035407e-11
8.680000e-02,2.045910e-12
8.690000e-02,2.444589e-11
8.700000e-02,4.684587e-11
8.710000e-02,6.924585e-11
8.720000e-02,-2.476816e-11
8.730000e-02,-2.368183e-12
8.740000e-02,2.003180e-11
8.750000e-02,4.243178e-11
8.760000e-02,-5.158224e-11
8.770000e-02,-2.918226e-11
8.780000e-02,-6.782275e-12
8.790000e-02,1.561771e-11
8.800000e-02,3.801769e-11
8.810000e-02,-5.599633e-11
8.820000e-02,-3.359635e-11
8.830000e-02,-1.119637e-11
8.840000e-02,1.120361e-11
8.850000e-02,3.360359e-11
8.860000e-02,-6.041042e-11
8.870000e-02,-3.801044e-11
8.880000e-02,-1.561046e-11
8.890000e-02,6.789520e-12
8.900000e-02,2.918950e-11
8.910000e-02,-6.482451e-11
8.920000e-02,-4.242453e-11
8.930000e-02,-2.002455e-11
8.940000e-02,2.375428e-12
8.950000e-02,2.477541e-11
8.960000e-02,-6.923861e-11
8.970000e-02,-4.683863e-11
8.980000e-02,-2.443864e-11
8.990000e-02,-2.038664e-12
9.000000e-02,2.036132e-11
9.010000e-02,-7.365270e-11
9.020000e-02,-5.125272e-11
9.030000e-02,-2.885274e-11
9.040000e-02,-6.452757e-12
9.050000e-02,1.594722e-11
9.060000e-02,-7.806679e-11
9.070000e-02,-5.566681e-11
9.080000e-02,-3.326683e-11
9.090000e-02,-1.086685e-11
9.100000e-02,-1.048809e-10
9.110000e-02,-8.248088e-11
9.120000e-02,-6.008090e-11
9.130000e-02,-3.768092e-11
9.140000e-02,-1.528094e-11
9.150000e-02,-1.092950e-10
9.160000e-02,-8.689498e-11
9.170000e-02,-6.449500e-11
9.180000e-02,-4.209501e-11
9.190000e-02,-1.969503e-11
9.200000e-02,2.704946e-12
9.210000e-02,2.510493e-11
9.220000e-02,-6.890909e-11
9.230000e-02,-4.650911e-11
9.240000e-02,-2.410913e-11
9.250000e-02,-1.709146e-12
9.260000e-02,2.069083e-11
9.270000e-02,4.309081e-11
9.280000e-02,-5.092320e-11
9.290000e-02,-2.852322e-11
9.300000e-02,-6.123239e-12
9.310000e-02,1.627674e-11
9.320000e-02,3.867672e-11
9.330000e-02,6.107670e-11
9.340000e-02,8.347668e-11
9.350000e-02,-1.053733e-11
9.360000e-02,1.186265e-11
9.370000e-02,3.426263e-11
9.380000e-02,5.666261e-11
9.390000e-02,7.906259e-11
9.400000e-02,-1.495142e-11
9.410000e-02,7.448557e-12
9.420000e-02,2.984854e-11
9.430000e-02,5.224852e-11
9.440000e-02,-4.176550e-11
9.450000e-02,-1.936552e-11
9.460000e-02,3.034464e-12
9.470000e-02,2.543444e-11
9.480000e-02,4.783443e-11
9.490000e-02,-4.617959e-11
9.500000e-02,-2.377961e-11
9.510000e-02,-1.379628e-12
9.520000e-02,2.102035e-11
9.530000e-02,4.342033e-11
9.540000e-02,-5.059368e-11
9.550000e-02,-2.819370e-11
9.560000e-02,-5.793721e-12
9.570000e-02,1.660626e-11
9.580000e-02,3.900624e-11
9.590000e-02,-5.500777e-11
9.600000e-02,-3.260779e-11
9.610000e-02,-1.020781e-11
9.620000e-02,1.219217e-11
9.630000e-02,3.459215e-11
9.640000e-02,-5.942187e-11
9.650000e-02,-3.702189e-11
9.660000e-02,-1.462191e-11
9.670000e-02,7.778075e-12
9.680000e-02,3.017806e-11
9.690000e-02,-6.383596e-11
9.700000e-02,-4.143598e-11
9.710000e-02,-1.903600e-11
9.720000e-02,3.363982e-12
9.730000e-02,2.576396e-11
9.740000e-02,-6.825005e-11
9.750000e-02,-4.585007e-11
9.760000e-02,-2.345009e-11
9.770000e-02,-1.050110e-12
9.780000e-02,-9.506412e-11
9.790000e-02,-7.266414e-11
9.800000e-02,-5.026416e-11
9.810000e-02,-2.786418e-11
9.820000e-02,-5.464203e-12
9.830000e-02,-9.947822e-11
9.840000e-02,-7.707824e-11
9.850000e-02,-5.467826e-11
9.860000e-02,-3.227828e-11
9.870000e-02,-9.878295e-12
9.880000e-02,-1.038923e-10
9.890000e-02,-8.149233e-11
9.900000e-02,-5.909235e-11
9.910000e-02,-3.669237e-11
9.920000e-02,-1.429239e-11
9.930000e-02,8.107593e-12
9.940000e-02,-8.590642e-11
9.950000e-02,-6.350644e-11
9.960000e-02,-4.110646e-11
9.970000e-02,-1.870648e-11
9.980000e-02,3.693500e-12
9.990000e-02,2.609348e-11
1.000000e-01,-6.792053e-11
1.001000e-01,-4.552055e-11
1.002000e-01,-2.312057e-11
1.003000e-01,-7.205924e-13
1.004000e-01,2.167939e-11
1.005000e-01,4.407937e-11
1.006000e-01,6.647935e-11
1.007000e-01,-2.753467e-11
1.008000e-01,-5.134685e-12
1.009000e-01,1.726530e-11
1.010000e-01,3.966528e-11
1.011000e-01,6.206526e-11
1.012000e-01,-3.194876e-11
1.013000e-01,-9.548777e-12
1.014000e-01,1.285120e-11
1.015000e-01,3.525118e-11
1.016000e-01,5.765116e-11
1.017000e-01,-3.636285e-11
1.018000e-01,-1.396287e-11
1.019000e-01,8.437111e-12
1.020000e-01,3.083709e-11
1.021000e-01,5.323707e-11
1.022000e-01,-4.077694e-11
1.023000e-01,-1.837696e-11
1.024000e-01,4.023018e-12
1.025000e-01,2.642300e-11
1.026000e-01,4.882298e-11
1.027000e-01,-4.519104e-11
1.028000e-01,-2.279105e-11
1.029000e-01,-3.910743e-13
1.030000e-01,2.200891e-11
1.031000e-01,4.440889e-11
1.032000e-01,-4.960513e-11
1.033000e-01,-2.720515e-11
1.034000e-01,-4.805167e-12
1.035000e-01,1.759481e-11
1.036000e-01,3.999479e-11
1.037000e-01,-5.401922e-11
1.038000e-01,-3.161924e-11
1.039000e-01,-9.219259e-12
1.040000e-01,1.318072e-11
1.041000e-01,-8.083329e-11
1.042000e-01,-5.843331e-11
1.043000e-01,-3.603333e-11
1.044000e-01,-1.363335e-11
1.045000e-01,8.766629e-12
1.046000e-01,-8.524739e-11
1.047000e-01,-6.284741e-11
1.048000e-01,-4.044742e-11
1.049000e-01,-1.804744e-11
1.050000e-01,4.352536e-12
1.051000e-01,-8.966148e-11
1.052000e-01,-6.726150e-11
1.053000e-01,-4.486152e-11
1.054000e-01,-2.246154e-11
1.055000e-01,-6.155631e-14
1.056000e-01,-9.407557e-11
1.057000e-01,-7.167559e-11
1.058000e-01,-4.927561e-11
1.059000e-01,-2.687563e-11
1.060000e-01,-4.475649e-12
1.061000e-01,-9.848966e-11
1.062000e-01,-7.608968e-11
1.063000e-01,-5.368970e-11
1.064000e-01,-3.128972e-11
1.065000e-01,-8.889741e-12
1.066000e-01,-1.029038e-10
1.067000e-01,-8.050378e-11
1.068000e-01,-5.810379e-11
1.069000e-01,-3.570381e-11
1.070000e-01,-1.330383e-11
1.071000e-01,9.096147e-12
1.072000e-01,3.149613e-11
1.073000e-01,-6.251789e-11
1.074000e-01,-4.011791e-11
1.075000e-01,-1.771793e-11
1.076000e-01,4.682054e-12
1.077000e-01,2.708203e-11
1.078000e-01,4.948202e-11
1.079000e-01,-4.453200e-11
1.080000e-01,-2.213202e-11
1.081000e-01,2.679617e-13
1.082000e-01,2.266794e-11
1.083000e-01,4.506792e-11
1.084000e-01,6.746790e-11
1.085000e-01,-2.654611e-11
1.086000e-01,-4.146131e-12
1.087000e-01,1.825385e-11
1.088000e-01,4.065383e-11
1.089000e-01,6.305381e-11
1.090000e-01,-3.096020e-11
1.091000e-01,-8.560223e-12
1.092000e-01,1.383976e-11
1.093000e-01,3.623974e-11
1.094000e-01,5.863972e-11
1.095000e-01,-3.537430e-11
1.096000e-01,-1.297432e-11
1.097000e-01,9.425665e-12
1.098000e-01,3.182565e-11
1.099000e-01,5.422563e-11
1.100000e-01,-3.978839e-11
1.101000e-01,-1.738841e-11
1.102000e-01,5.011572e-12
1.103000e-01,2.741155e-11
1.104000e-01,4.981153e-11
1.105000e-01,-4.420248e-11
1.106000e-01,-2.180250e-11
1.107000e-01,5.974798e-13
1.108000e-01,2.299746e-11
1.109000e-01,-7.101655e-11
1.110000e-01,-4.861657e-11
1.111000e-01,-2.621659e-11
1.112000e-01,-3.816613e-12
1.113000e-01,1.858337e-11
1.114000e-01,-7.543065e-11
1.115000e-01,-5.303067e-11
1.116000e-01,-3.063069e-11
1.117000e-01,-8.230705e-12
1.118000e-01,1.416928e-11
1.119000e-01,-7.984474e-11
1.120000e-01,-5.744476e-11
1.121000e-01,-3.504478e-11
1.122000e-01,-1.264480e-11
1.123000e-01,9.755183e-12
1.124000e-01,-8.425883e-11
1.125000e-01,-6.185885e-11
1.126000e-01,-3.945887e-11
1.127000e-01,-1.705889e-11
1.128000e-01,5.341090e-12
1.129000e-01,-8.867292e-11
1.130000e-01,-6.627294e-11
1.131000e-01,-4.387296e-11
1.132000e-01,-2.147298e-11
1.133000e-01,9.269978e-13
1.134000e-01,-9.308702e-11
1.135000e-01,-7.068704e-11
1.136000e-01,-4.828706e-11
1.137000e-01,-2.588708e-11
1.138000e-01,-3.487095e-12
1.139000e-01,-9.750111e-11
1.140000e-01,-7.510113e-11
1.141000e-01,-5.270115e-11
1.142000e-01,-3.030117e-11
1.143000e-01,-7.901187e-12
1.144000e-01,1.449879e-11
1.145000e-01,-7.951522e-11
1.146000e-01,-5.711524e-11
1.147000e-01,-3.471526e-11
1.148000e-01,-1.231528e-11
1.149000e-01,1.008470e-11
1.150000e-01,3.248468e-11
1.151000e-01,5.488466e-11
1.152000e-01,-3.912935e-11
1.153000e-01,-1.672937e-11
1.154000e-01,5.670608e-12
1.155000e-01,2.807059e-11
1.156000e-01,5.047057e-11
1.157000e-01,7.287055e-11
1.158000e-01,-2.114346e-11
1.159000e-01,1.256516e-12
1.160000e-01,2.365650e-11
1.161000e-01,4.605648e-11
1.162000e-01,6.845646e-11
1.163000e-01,-2.555756e-11
1.164000e-01,-3.157577e-12
1.165000e-01,1.924240e-11
1.166000e-01,4.164238e-11
1.167000e-01,6.404236e-11
1.168000e-01,-2.997165e-11
1.169000e-01,-7.571669e-12
1.170000e-01,1.482831e-11
1.171000e-01,3.722829e-11
1.172000e-01,5.962827e-11
1.173000e-01,-3.438574e-11
1.174000e-01,-1.198576e-11
1.175000e-01,1.041422e-11
1.176000e-01,3.281420e-11
1.177000e-01,-6.119982e-11
1.178000e-01,-3.879983e-11
1.179000e-01,-1.639985e-11
1.180000e-01,6.000126e-12
1.181000e-01,2.840011e-11
1.182000e-01,-6.561391e-11
1.183000e-01,-4.321393e-11
1.184000e-01,-2.081395e-11
1.185000e-01,1.586034e-12
1.186000e-01,2.398601e-11
1.187000e-01,-7.002800e-11
1.188000e-01,-4.762802e-11
1.189000e-01,-2.522804e-11
1.190000e-01,-2.828059e-12
1.191000e-01,1.957192e-11
1.192000e-01,-7.444209e-11
1.193000e-01,-5.204211e-11
1.194000e-01,-2.964213e-11
1.195000e-01,-7.242151e-12
1.196000e-01,1.515783e-11
1.197000e-01,-7.885619e-11
1.198000e-01,-5.645620e-11
1.199000e-01,-3.405622e-11
1.200000e-01,-1.165624e-11
1.201000e-01,1.074374e-11
1.202000e-01,-8.327028e-11
1.203000e-01,-6.087030e-11
1.204000e-01,-3.847032e-11
1.205000e-01,-1.607034e-11
1.206000e-01,-1.100844e-10
1.207000e-01,-8.768437e-11
1.208000e-01,-6.528439e-11
1.209000e-01,-4.288441e-11
1.210000e-01,-2.048443e-11
1.211000e-01,-1.144984e-10
1.212000e-01,-9.209846e-11
1.213000e-01,-6.969848e-11
1.214000e-01,-4.729850e-11
1.215000e-01,-2.489852e-11
1.216000e-01,-2.498541e-12
1.217000e-01,1.990144e-11
1.218000e-01,-7.411257e-11
1.219000e-01,-5.171259e-11
1.220000e-01,-2.931261e-11
1.221000e-01,-6.912633e-12
1.222000e-01,1.548735e-11
1.223000e-01,3.788733e-11
1.224000e-01,-5.612669e-11
1.225000e-01,-3.372671e-11
1.226000e-01,-1.132673e-11
1.227000e-01,1.107325e-11
1.228000e-01,3.347324e-11
1.229000e-01,5.587322e-11
1.230000e-01,7.827320e-11
1.231000e-01,-1.574082e-11
1.232000e-01,6.659162e-12
1.233000e-01,2.905914e-11
1.234000e-01,5.145912e-11
1.235000e-01,7.385910e-11
1.236000e-01,-2.015491e-11
1.237000e-01,2.245070e-12
1.238000e-01,2.464505e-11
1.239000e-01,4.704503e-11
1.240000e-01,-4.696898e-11
1.241000e-01,-2.456900e-11
1.242000e-01,-2.169023e-12
1.243000e-01,2.023096e-11
1.244000e-01,4.263094e-11
1.245000e-01,-5.138308e-11
1.246000e-01,-2.898310e-11
1.247000e-01,-6.583115e-12
1.248000e-01,1.581687e-11
1.249000e-01,3.821685e-11
1.250000e-01,-5.579717e-11
1.251000e-01,8.301681e-11
1.252000e-01,-1.099721e-11
1.253000e-01,-1.050112e-10
1.254000e-01,3.380275e-11
1.255000e-01,-6.021126e-11
1.256000e-01,7.860271e-11
1.257000e-01,-1.541130e-11
1.258000e-01,-1.094253e-10
1.259000e-01,2.938866e-11
1.260000e-01,-6.462535e-11
1.261000e-01,7.418862e-11
1.262000e-01,-1.982539e-11
1.263000e-01,-1.138394e-10
1.264000e-01,2.497457e-11
1.265000e-01,-6.903945e-11
1.266000e-01,6.977453e-11
1.267000e-01,-2.423949e-11
1.268000e-01,-1.182535e-10
1.269000e-01,2.056048e-11
1.270000e-01,-7.345354e-11
1.271000e-01,6.536044e-11
1.272000e-01,-2.865358e-11
1.273000e-01,-1.226676e-10
1.274000e-01,1.614638e-11
1.275000e-01,-7.786763e-11
1.276000e-01,6.094634e-11
1.277000e-01,-3.306767e-11
1.278000e-01,-1.270817e-10
1.279000e-01,1.173229e-11
1.280000e-01,-8.228172e-11
1.281000e-01,5.653225e-11
1.282000e-01,-3.748176e-11
1.283000e-01,-1.314958e-10
1.284000e-01,7.318198e-12
1.285000e-01,-8.669582e-11
1.286000e-01,5.211816e-11
1.287000e-01,-4.189585e-11
1.288000e-01,-1.949587e-11
1.289000e-01,2.904106e-12
1.290000e-01,-9.110991e-11
1.291000e-01,-6.870993e-11
1.292000e-01,-4.630995e-11
1.293000e-01,-2.390997e-11
1.294000e-01,-1.509987e-12
1.295000e-01,2.088999e-11
1.296000e-01,-7.312402e-11
1.297000e-01,-5.072404e-11
1.298000e-01,-2.832406e-11
1.299000e-01,-5.924079e-12
1.300000e-01,1.647590e-11
1.301000e-01,-7.753811e-11
1.302000e-01,6.127586e-11
1.303000e-01,-3.273815e-11
1.304000e-01,-1.033817e-11
1.305000e-01,1.206181e-11
1.306000e-01,-8.195221e-11
1.307000e-01,5.686177e-11
1.308000e-01,-3.715224e-11
1.309000e-01,1.016617e-10
1.310000e-01,7.647716e-12
1.311000e-01,-8.636630e-11
1.312000e-01,5.244768e-11
1.313000e-01,-4.156634e-11
1.314000e-01,9.724764e-11
1.315000e-01,3.233624e-12
1.316000e-01,-9.078039e-11
1.317000e-01,4.803358e-11
1.318000e-01,-4.598043e-11
1.319000e-01,9.283355e-11
1.320000e-01,-1.180469e-12
1.321000e-01,-9.519448e-11
1.322000e-01,4.361949e-11
1.323000e-01,-5.039452e-11
1.324000e-01,8.841945e-11
1.325000e-01,-5.594561e-12
1.326000e-01,-9.960858e-11
1.327000e-01,3.920540e-11
1.328000e-01,-5.480861e-11
1.329000e-01,8.400536e-11
1.330000e-01,-1.000865e-11
1.331000e-01,-1.040227e-10
1.332000e-01,3.479131e-11
1.333000e-01,-5.922271e-11
1.334000e-01,7.959127e-11
1.335000e-01,-1.442275e-11
1.336000e-01,-1.084368e-10
1.337000e-01,3.037721e-11
1.338000e-01,-6.363680e-11
1.339000e-01,7.517718e-11
1.340000e-01,-1.883684e-11
1.341000e-01,-1.128509e-10
1.342000e-01,2.596312e-11
1.343000e-01,-6.805089e-11
1.344000e-01,7.076308e-11
1.345000e-01,-2.325093e-11
1.346000e-01,-1.172649e-10
1.347000e-01,2.154903e-11
1.348000e-01,-7.246498e-11
1.349000e-01,6.634899e-11
1.350000e-01,-2.766502e-11
1.351000e-01,-1.216790e-10
1.352000e-01,1.713494e-11
1.353000e-01,-7.687908e-11
1.354000e-01,6.193490e-11
1.355000e-01,-3.207912e-11
1.356000e-01,-1.260931e-10
1.357000e-01,1.272085e-11
1.358000e-01,-8.129317e-11
1.359000e-01,-5.889319e-11
1.360000e-01,-3.649321e-11
1.361000e-01,-1.409323e-11
1.362000e-01,8.306753e-12
1.363000e-01,-8.570726e-11
1.364000e-01,-6.330728e-11
1.365000e-01,-4.090730e-11
1.366000e-01,-1.850732e-11
1.367000e-01,3.892660e-12
1.368000e-01,2.629264e-11
1.369000e-01,-6.772137e-11
1.370000e-01,-4.532139e-11
1.371000e-01,-2.292141e-11
1.372000e-01,-5.214324e-13
1.373000e-01,2.187855e-11
1.374000e-01,-7.213547e-11
1.375000e-01,-4.973549e-11
1.376000e-01,-2.733551e-11
1.377000e-01,-4.935525e-12
1.378000e-01,1.746446e-11
1.379000e-01,-7.654956e-11
1.380000e-01,6.226442e-11
1.381000e-01,-3.174960e-11
1.382000e-01,-9.349617e-12
1.383000e-01,1.305036e-11
1.384000e-01,-8.096365e-11
1.385000e-01,5.785032e-11
1.386000e-01,-3.616369e-11
1.387000e-01,1.026503e-10
1.388000e-01,8.636271e-12
1.389000e-01,-8.537774e-11
1.390000e-01,5.343623e-11
1.391000e-01,-4.057778e-11
1.392000e-01,9.823619e-11
1.393000e-01,4.222178e-12
1.394000e-01,-8.979184e-11
1.395000e-01,4.902214e-11
1.396000e-01,-4.499188e-11
1.397000e-01,9.382210e-11
1.398000e-01,-1.919144e-13
1.399000e-01,-9.420593e-11
1.400000e-01,4.460805e-11
1.401000e-01,-4.940597e-11
1.402000e-01,8.940801e-11
1.403000e-01,-4.606007e-12
1.404000e-01,-9.862002e-11
1.405000e-01,4.019395e-11
1.406000e-01,-5.382006e-11
1.407000e-01,8.499391e-11
1.408000e-01,-9.020099e-12
1.409000e-01,-1.030341e-10
1.410000e-01,3.577986e-11
1.411000e-01,-5.823415e-11
1.412000e-01,8.057982e-11
1.413000e-01,-1.343419e-11
1.414000e-01,-1.074482e-10
1.415000e-01,3.136577e-11
1.416000e-01,-6.264825e-11
1.417000e-01,7.616573e-11
1.418000e-01,-1.784828e-11
1.419000e-01,-1.118623e-10
1.420000e-01,2.695168e-11
1.421000e-01,-6.706234e-11
1.422000e-01,-1.610764e-10
1.423000e-01,-2.226238e-11
1.424000e-01,-1.162764e-10
1.425000e-01,2.253758e-11
1.426000e-01,-7.147643e-11
1.427000e-01,-4.907645e-11
1.428000e-01,-2.667647e-11
1.429000e-01,-1.206905e-10
1.430000e-01,1.812349e-11
1.431000e-01,-7.589052e-11
1.432000e-01,-5.349054e-11
1.433000e-01,-3.109056e-11
1.434000e-01,-8.690581e-12
1.435000e-01,1.370940e-11
1.436000e-01,-8.030462e-11
1.437000e-01,-5.790463e-11
1.438000e-01,-3.550465e-11
1.439000e-01,-1.310467e-11
1.440000e-01,9.295307e-12
1.441000e-01,-8.471871e-11
1.442000e-01,-6.231873e-11
1.443000e-01,-3.991875e-11
1.444000e-01,-1.751877e-11
1.445000e-01,4.881214e-12
1.446000e-01,2.728119e-11
1.447000e-01,-6.673282e-11
1.448000e-01,-4.433284e-11
1.449000e-01,-2.193286e-11
1.450000e-01,4.671216e-13
1.451000e-01,2.286710e-11
1.452000e-01,-7.114691e-11
1.453000e-01,6.766706e-11
1.454000e-01,-2.634695e-11
1.455000e-01,-3.946971e-12
1.456000e-01,1.845301e-11
1.457000e-01,-7.556100e-11
1.458000e-01,6.325297e-11
1.459000e-01,-3.076104e-11
1.460000e-01,1.080529e-10
1.461000e-01,1.403892e-11
1.462000e-01,-7.997510e-11
1.463000e-01,5.883888e-11
1.464000e-01,-3.517514e-11
1.465000e-01,1.036388e-10
1.466000e-01,9.624825e-12
1.467000e-01,-8.438919e-11
1.468000e-01,5.442479e-11
1.469000e-01,-3.958923e-11
1.470000e-01,9.922475e-11
1.471000e-01,5.210732e-12
1.472000e-01,-8.880328e-11
1.473000e-01,5.001069e-11
1.474000e-01,-4.400332e-11
1.475000e-01,9.481065e-11
1.476000e-01,7.966397e-13
1.477000e-01,-9.321737e-11
1.478000e-01,4.559660e-11
1.479000e-01,-4.841741e-11
1.480000e-01,9.039656e-11
1.481000e-01,-3.617453e-12
1.482000e-01,-9.763147e-11
1.483000e-01,4.118251e-11
1.484000e-01,-5.283151e-11
1.485000e-01,8.598247e-11
1.486000e-01,-8.031545e-12
1.487000e-01,-1.020456e-10
1.488000e-01,3.676842e-11
1.489000e-01,-5.724560e-11
1.490000e-01,-1.512596e-10
1.491000e-01,-1.244564e-11
1.492000e-01,-1.064597e-10
1.493000e-01,3.235432e-11
1.494000e-01,-6.165969e-11
1.495000e-01,-1.556737e-10
1.496000e-01,-1.685973e-11
1.497000e-01,-1.108737e-10
1.498000e-01,2.794023e-11
1.499000e-01,-6.607378e-11
1.500000e-01,-4.367380e-11
1.501000e-01,-2.127382e-11
1.502000e-01,-1.152878e-10
1.503000e-01,2.352614e-11
1.504000e-01,-7.048788e-11
1.505000e-01,-4.808790e-11
1.506000e-01,-2.568792e-11
1.507000e-01,-1.197019e-10
1.508000e-01,1.911205e-11
1.509000e-01,-7.490197e-11
1.510000e-01,-5.250199e-11
1.511000e-01,-3.010201e-11
1.512000e-01,-7.702027e-12
1.513000e-01,1.469795e-11
1.514000e-01,-7.931606e-11
1.515000e-01,-5.691608e-11
1.516000e-01,-3.451610e-11
1.517000e-01,-1.211612e-11
1.518000e-01,1.028386e-11
1.519000e-01,3.268384e-11
1.520000e-01,-6.133017e-11
1.521000e-01,-3.893019e-11
1.522000e-01,-1.653021e-11
1.523000e-01,5.869768e-12
1.524000e-01,2.826975e-11
1.525000e-01,-6.574427e-11
1.526000e-01,7.306971e-11
1.527000e-01,-2.094430e-11
1.528000e-01,1.455676e-12
1.529000e-01,2.385566e-11
1.530000e-01,-7.015836e-11
1.531000e-01,6.865562e-11
1.532000e-01,-2.535840e-11
1.533000e-01,-2.958417e-12
1.534000e-01,1.944156e-11
1.535000e-01,-7.457245e-11
1.536000e-01,6.424152e-11
1.537000e-01,-2.977249e-11
1.538000e-01,1.090415e-10
1.539000e-01,1.502747e-11
1.540000e-01,-7.898654e-11
1.541000e-01,5.982743e-11
1.542000e-01,-3.418658e-11
1.543000e-01,1.046274e-10
1.544000e-01,1.061338e-11
1.545000e-01,-8.340064e-11
1.546000e-01,5.541334e-11
1.547000e-01,-3.860067e-11
1.548000e-01,1.002133e-10
1.549000e-01,6.199286e-12
1.550000e-01,-8.781473e-11
1.551000e-01,5.099925e-11
1.552000e-01,-4.301477e-11
1.553000e-01,-1.370288e-10
1.554000e-01,1.785194e-12
1.555000e-01,-9.222882e-11
1.556000e-01,4.658515e-11
1.557000e-01,-4.742886e-11
1.558000e-01,-1.414429e-10
1.559000e-01,-2.628899e-12
1.560000e-01,-9.664291e-11
1.561000e-01,4.217106e-11
1.562000e-01,-5.184295e-11
1.563000e-01,-1.458570e-10
1.564000e-01,-7.042991e-12
1.565000e-01,-1.010570e-10
1.566000e-01,3.775697e-11
1.567000e-01,-5.625704e-11
1.568000e-01,-1.502711e-10
1.569000e-01,-1.145708e-11
1.570000e-01,-1.054711e-10
1.571000e-01,3.334288e-11
1.572000e-01,-6.067114e-11
1.573000e-01,-1.546852e-10
1.574000e-01,-1.587118e-11
1.575000e-01,-1.098852e-10
1.576000e-01,2.892878e-11
1.577000e-01,-6.508523e-11
1.578000e-01,-4.268525e-11
1.579000e-01,-2.028527e-11
1.580000e-01,-1.142993e-10
1.581000e-01,2.451469e-11
1.582000e-01,-6.949932e-11
1.583000e-01,-4.709934e-11
1.584000e-01,-2.469936e-11
1.585000e-01,-2.299381e-12
1.586000e-01,2.010060e-11
1.587000e-01,-7.391341e-11
1.588000e-01,-5.151343e-11
1.589000e-01,-2.911345e-11
1.590000e-01,-6.713473e-12
1.591000e-01,1.568651e-11
1.592000e-01,3.808649e-11
1.593000e-01,-5.592753e-11
1.594000e-01,-3.352755e-11
1.595000e-01,-1.112757e-11
1.596000e-01,1.127241e-11
1.597000e-01,3.367240e-11
1.598000e-01,-6.034162e-11
1.599000e-01,-3.794164e-11
1.600000e-01,-1.554166e-11
1.601000e-01,6.858322e-12
1.602000e-01,2.925830e-11
1.603000e-01,-6.475571e-11
1.604000e-01,7.405826e-11
1.605000e-01,-1.995575e-11
1.606000e-01,2.444230e-12
1.607000e-01,2.484421e-11
1.608000e-01,-6.916980e-11
1.609000e-01,6.964417e-11
1.610000e-01,-2.436984e-11
1.611000e-01,1.144441e-10
1.612000e-01,2.043012e-11
1.613000e-01,-7.358390e-11
1.614000e-01,6.523008e-11
1.615000e-01,-2.878394e-11
1.616000e-01,1.100300e-10
1.617000e-01,1.601603e-11
1.618000e-01,-7.799799e-11
1.619000e-01,6.081599e-11
1.620000e-01,-3.319803e-11
1.621000e-01,-1.272120e-10
1.622000e-01,1.160193e-11
1.623000e-01,-8.241208e-11
1.624000e-01,5.640189e-11
1.625000e-01,-3.761212e-11
1.626000e-01,-1.316261e-10
1.627000e-01,7.187840e-12
1.628000e-01,-8.682617e-11
1.629000e-01,5.198780e-11
1.630000e-01,-4.202621e-11
1.631000e-01,-1.360402e-10
1.632000e-01,2.773748e-12
1.633000e-01,-9.124027e-11
1.634000e-01,4.757371e-11
1.635000e-01,-4.644031e-11
1.636000e-01,-1.404543e-10
1.637000e-01,-1.640345e-12
1.638000e-01,-9.565436e-11
1.639000e-01,4.315962e-11
1.640000e-01,-5.085440e-11
1.641000e-01,-1.448684e-10
1.642000e-01,-6.054437e-12
1.643000e-01,-1.000685e-10
1.644000e-01,3.874552e-11
1.645000e-01,-5.526849e-11
1.646000e-01,-1.492825e-10
1.647000e-01,-1.046853e-11
1.648000e-01,-1.044825e-10
1.649000e-01,3.433143e-11
1.650000e-01,-5.968258e-11
1.651000e-01,-3.728260e-11
1.652000e-01,-1.488262e-11
1.653000e-01,-1.088966e-10
1.654000e-01,2.991734e-11
1.655000e-01,-6.409668e-11
1.656000e-01,-4.169670e-11
1.657000e-01,-1.929671e-11
1.658000e-01,-1.133107e-10
1.659000e-01,2.550325e-11
1.660000e-01,-6.851077e-11
1.661000e-01,-4.611079e-11
1.662000e-01,-2.371081e-11
1.663000e-01,-1.310827e-12
1.664000e-01,2.108915e-11
1.665000e-01,-7.292486e-11
1.666000e-01,-5.052488e-11
1.667000e-01,-2.812490e-11
1.668000e-01,-5.724919e-12
1.669000e-01,1.667506e-11
1.670000e-01,-7.733895e-11
1.671000e-01,-1.713530e-10
1.672000e-01,-3.253899e-11
1.673000e-01,-1.265530e-10
1.674000e-01,1.226097e-11
1.675000e-01,-8.175305e-11
1.676000e-01,-1.757671e-10
1.677000e-01,-3.695308e-11
1.678000e-01,-1.309671e-10
1.679000e-01,7.846876e-12
1.680000e-01,-8.616714e-11
1.681000e-01,-1.801812e-10
1.682000e-01,-4.136718e-11
1.683000e-01,-1.353812e-10
1.684000e-01,3.432784e-12
1.685000e-01,-9.058123e-11
1.686000e-01,-1.845952e-10
1.687000e-01,-4.578127e-11
1.688000e-01,-1.397953e-10
1.689000e-01,-9.813086e-13
1.690000e-01,-9.499532e-11
1.691000e-01,-1.890093e-10
1.692000e-01,-5.019536e-11
1.693000e-01,-1.442094e-10
1.694000e-01,-5.395401e-12
1.695000e-01,-9.940942e-11
1.696000e-01,3.940456e-11
1.697000e-01,-5.460945e-11
1.698000e-01,-1.486235e-10
1.699000e-01,-9.809494e-12
1.700000e-01,-1.038235e-10
1.701000e-01,3.499047e-11
1.702000e-01,-5.902355e-11
1.703000e-01,7.979043e-11
1.704000e-01,-1.422359e-11
1.705000e-01,-1.082376e-10
1.706000e-01,3.057637e-11
1.707000e-01,-6.343764e-11
1.708000e-01,7.537634e-11
1.709000e-01,-1.863768e-11
1.710000e-01,1.201763e-10
1.711000e-01,2.616228e-11
1.712000e-01,-6.785173e-11
1.713000e-01,7.096224e-11
1.714000e-01,-2.305177e-11
1.715000e-01,1.157622e-10
1.716000e-01,2.174819e-11
1.717000e-01,1.605622e-10
1.718000e-01,6.654815e-11
1.719000e-01,-2.746586e-11
1.720000e-01,1.113481e-10
1.721000e-01,1.733410e-11
1.722000e-01,1.561481e-10
1.723000e-01,6.213406e-11
1.724000e-01,-3.187996e-11
1.725000e-01,1.069340e-10
1.726000e-01,1.292000e-11
1.727000e-01,1.517340e-10
1.728000e-01,5.771997e-11
1.729000e-01,-3.629405e-11
1.730000e-01,1.025199e-10
1.731000e-01,8.505912e-12
1.732000e-01,1.473199e-10
1.733000e-01,5.330587e-11
1.734000e-01,-4.070814e-11
1.735000e-01,9.810583e-11
1.736000e-01,4.091820e-12
1.737000e-01,1.429058e-10
1.738000e-01,4.889178e-11
1.739000e-01,-4.512223e-11
1.740000e-01,9.369174e-11
1.741000e-01,-3.222725e-13
1.742000e-01,1.384917e-10
1.743000e-01,4.447769e-11
1.744000e-01,-4.953633e-11
1.745000e-01,8.927765e-11
1.746000e-01,-4.736365e-12
1.747000e-01,1.340776e-10
1.748000e-01,4.006360e-11
1.749000e-01,-5.395042e-11
1.750000e-01,8.486356e-11
1.751000e-01,-9.150458e-12
1.752000e-01,-1.031645e-10
1.753000e-01,3.564950e-11
1.754000e-01,-5.836451e-11
1.755000e-01,8.044946e-11
1.756000e-01,-1.356455e-11
1.757000e-01,-1.075786e-10
1.758000e-01,3.123541e-11
1.759000e-01,-6.277860e-11
1.760000e-01,7.603537e-11
1.761000e-01,-1.797864e-11
1.762000e-01,-1.119927e-10
1.763000e-01,2.682132e-11
1.764000e-01,-6.719270e-11
1.765000e-01,7.162128e-11
1.766000e-01,-2.239273e-11
1.767000e-01,-1.164067e-10
1.768000e-01,2.240723e-11
1.769000e-01,-7.160679e-11
1.770000e-01,6.720719e-11
1.771000e-01,-2.680683e-11
1.772000e-01,-1.208208e-10
1.773000e-01,1.799313e-11
1.774000e-01,-7.602088e-11
1.775000e-01,6.279309e-11
1.776000e-01,-3.122092e-11
1.777000e-01,-1.252349e-10
1.778000e-01,1.357904e-11
1.779000e-01,-8.043497e-11
1.780000e-01,5.837900e-11
1.781000e-01,-3.563501e-11
1.782000e-01,-1.296490e-10
1.783000e-01,9.164949e-12
1.784000e-01,-8.484907e-11
1.785000e-01,5.396491e-11
1.786000e-01,-4.004910e-11
1.787000e-01,-1.340631e-10
1.788000e-01,4.750856e-12
1.789000e-01,-8.926316e-11
1.790000e-01,4.955082e-11
1.791000e-01,-4.446320e-11
1.792000e-01,-1.384772e-10
1.793000e-01,3.367635e-13
1.794000e-01,-9.367725e-11
1.795000e-01,4.513672e-11
1.796000e-01,-4.887729e-11
1.797000e-01,-1.428913e-10
1.798000e-01,-4.077329e-12
1.799000e-01,-9.809134e-11
1.800000e-01,4.072263e-11
1.801000e-01,-5.329138e-11
1.802000e-01,-1.473054e-10
1.803000e-01,-8.491421e-12
1.804000e-01,-1.025054e-10
1.805000e-01,3.630854e-11
1.806000e-01,-5.770547e-11
1.807000e-01,-1.517195e-10
1.808000e-01,-1.290551e-11
1.809000e-01,-1.069195e-10
1.810000e-01,3.189445e-11
1.811000e-01,-6.211957e-11
1.812000e-01,-1.561336e-10
1.813000e-01,-1.731961e-11
1.814000e-01,-1.113336e-10
1.815000e-01,2.748035e-11
1.816000e-01,-6.653366e-11
1.817000e-01,-1.605477e-10
1.818000e-01,-2.173370e-11
1.819000e-01,-1.157477e-10
1.820000e-01,-2.097617e-10
1.821000e-01,-7.094775e-11
1.822000e-01,-1.649618e-10
1.823000e-01,-2.614779e-11
1.824000e-01,-1.201618e-10
1.825000e-01,-2.141758e-10
1.826000e-01,-7.536184e-11
1.827000e-01,-1.693759e-10
1.828000e-01,-3.056188e-11
1.829000e-01,-1.245759e-10
1.830000e-01,-2.185899e-10
1.831000e-01,-7.977594e-11
1.832000e-01,-1.737900e-10
1.833000e-01,-3.497598e-11
1.834000e-01,-1.289900e-10
1.835000e-01,9.823985e-12
1.836000e-01,-8.419003e-11
1.837000e-01,-1.782040e-10
1.838000e-01,-3.939007e-11
1.839000e-01,-1.334041e-10
1.840000e-01,5.409892e-12
1.841000e-01,-8.860412e-11
1.842000e-01,5.020985e-11
1.843000e-01,-4.380416e-11
1.844000e-01,-1.378182e-10
1.845000e-01,9.957996e-13
1.846000e-01,-9.301821e-11
1.847000e-01,4.579576e-11
1.848000e-01,-4.821825e-11
1.849000e-01,-1.422323e-10
1.850000e-01,-3.418293e-12
1.851000e-01,-9.743231e-11
1.852000e-01,4.138167e-11
1.853000e-01,-5.263235e-11
1.854000e-01,8.618163e-11
1.855000e-01,-7.832385e-12
1.856000e-01,-1.018464e-10
1.857000e-01,3.696758e-11
1.858000e-01,-5.704644e-11
1.859000e-01,8.176754e-11
1.860000e-01,-1.224648e-11
1.861000e-01,1.265675e-10
1.862000e-01,3.255348e-11
1.863000e-01,-6.146053e-11
1.864000e-01,7.735344e-11
1.865000e-01,-1.666057e-11
1.866000e-01,1.221534e-10
1.867000e-01,2.813939e-11
1.868000e-01,1.669534e-10
1.869000e-01,7.293935e-11
1.870000e-01,-2.107466e-11
1.871000e-01,1.177393e-10
1.872000e-01,2.372530e-11
1.873000e-01,1.625393e-10
1.874000e-01,6.852526e-11
1.875000e-01,-2.548876e-11
1.876000e-01,1.133252e-10
1.877000e-01,1.931121e-11
1.878000e-01,1.581252e-10
1.879000e-01,6.411117e-11
1.880000e-01,-2.990285e-11
1.881000e-01,1.089111e-10
1.882000e-01,1.489711e-11
1.883000e-01,-7.911690e-11
1.884000e-01,5.969707e-11
1.885000e-01,-3.431694e-11
1.886000e-01,1.044970e-10
1.887000e-01,1.048302e-11
1.888000e-01,-8.353099e-11
1.889000e-01,5.528298e-11
1.890000e-01,-3.873103e-11
1.891000e-01,1.000829e-10
1.892000e-01,6.068928e-12
1.893000e-01,-8.794509e-11
1.894000e-01,5.086889e-11
1.895000e-01,-4.314513e-11
1.896000e-01,9.566885e-11
1.897000e-01,1.654836e-12
1.898000e-01,-9.235918e-11
1.899000e-01,4.645480e-11
1.900000e-01,-4.755922e-11
1.901000e-01,9.125476e-11
1.902000e-01,-2.759257e-12
1.903000e-01,-9.677327e-11
1.904000e-01,4.204070e-11
1.905000e-01,-5.197331e-11
1.906000e-01,8.684067e-11
1.907000e-01,-7.173349e-12
1.908000e-01,-1.011874e-10
1.909000e-01,3.762661e-11
1.910000e-01,-5.638740e-11
1.911000e-01,8.242657e-11
1.912000e-01,-1.158744e-11
1.913000e-01,-1.056015e-10
1.914000e-01,3.321252e-11
1.915000e-01,-6.080150e-11
1.916000e-01,7.801248e-11
1.917000e-01,-1.600153e-11
1.918000e-01,-1.100155e-10
1.919000e-01,2.879843e-11
1.920000e-01,-6.521559e-11
1.921000e-01,7.359839e-11
1.922000e-01,-2.041563e-11
1.923000e-01,-1.144296e-10
1.924000e-01,2.438433e-11
1.925000e-01,-6.962968e-11
1.926000e-01,6.918430e-11
1.927000e-01,-2.482972e-11
1.928000e-01,-1.188437e-10
1.929000e-01,1.997024e-11
1.930000e-01,-7.404377e-11
1.931000e-01,6.477020e-11
1.932000e-01,-2.924381e-11
1.933000e-01,-1.232578e-10
1.934000e-01,1.555615e-11
1.935000e-01,-7.845787e-11
1.936000e-01,6.035611e-11
1.937000e-01,-3.365790e-11
1.938000e-01,-1.276719e-10
1.939000e-01,1.114206e-11
1.940000e-01,-8.287196e-11
1.941000e-01,5.594202e-11
1.942000e-01,-3.807200e-11
1.943000e-01,-1.320860e-10
1.944000e-01,6.727964e-12
1.945000e-01,-8.728605e-11
1.946000e-01,5.152793e-11
1.947000e-01,-4.248609e-11
1.948000e-01,-1.365001e-10
1.949000e-01,2.313872e-12
1.950000e-01,-9.170014e-11
1.951000e-01,-1.857142e-10
1.952000e-01,-4.690018e-11
1.953000e-01,-1.409142e-10
1.954000e-01,-2.100221e-12
1.955000e-01,-9.611424e-11
1.956000e-01,-1.901282e-10
1.957000e-01,-5.131427e-11
1.958000e-01,-1.453283e-10
1.959000e-01,-6.514313e-12
1.960000e-01,-1.005283e-10
1.961000e-01,-1.945423e-10
1.962000e-01,-5.572837e-11
1.963000e-01,-1.497424e-10
1.964000e-01,-1.092841e-11
1.965000e-01,-1.049424e-10
1.966000e-01,-1.989564e-10
1.967000e-01,-6.014246e-11
1.968000e-01,-1.541565e-10
1.969000e-01,-1.534250e-11
1.970000e-01,-1.093565e-10
1.971000e-01,-2.033705e-10
1.972000e-01,-6.455655e-11
1.973000e-01,-1.585706e-10
1.974000e-01,-1.975659e-11
1.975000e-01,-1.137706e-10
1.976000e-01,-2.077846e-10
1.977000e-01,-6.897064e-11
1.978000e-01,-1.629847e-10
1.979000e-01,-2.417068e-11
1.980000e-01,-1.181847e-10
1.981000e-01,-2.121987e-10
1.982000e-01,-7.338474e-11
1.983000e-01,-1.673988e-10
1.984000e-01,-2.858478e-11
1.985000e-01,-1.225988e-10
1.986000e-01,1.621519e-11
1.987000e-01,-7.779883e-11
1.988000e-01,-1.718128e-10
1.989000e-01,-3.299887e-11
1.990000e-01,-1.270129e-10
1.991000e-01,1.180109e-11
1.992000e-01,-8.221292e-11
1.993000e-01,5.660105e-11
1.994000e-01,-3.741296e-11
1.995000e-01,-1.314270e-10
1.996000e-01,7.387000e-12
1.997000e-01,-8.662701e-11
1.998000e-01,5.218696e-11
1.999000e-01,-4.182705e-11
2.000000e-01,-1.358411e-10
2.001000e-01,2.972908e-12
2.002000e-01,-9.104111e-11
2.003000e-01,4.777287e-11
2.004000e-01,-4.624115e-11
2.005000e-01,9.257283e-11
2.006000e-01,-1.441185e-12
2.007000e-01,-9.545520e-11
2.008000e-01,4.335878e-11
2.009000e-01,-5.065524e-11
2.010000e-01,8.815874e-11
2.011000e-01,-5.855277e-12
2.012000e-01,1.329587e-10
2.013000e-01,3.894468e-11
2.014000e-01,-5.506933e-11
2.015000e-01,8.374464e-11
2.016000e-01,-1.026937e-11
2.017000e-01,1.285446e-10
2.018000e-01,3.453059e-11
2.019000e-01,-5.948342e-11
2.020000e-01,7.933055e-11
2.021000e-01,-1.468346e-11
2.022000e-01,1.241305e-10
2.023000e-01,3.011650e-11
2.024000e-01,-6.389752e-11
2.025000e-01,7.491646e-11
2.026000e-01,-1.909755e-11
2.027000e-01,1.197164e-10
2.028000e-01,2.570241e-11
2.029000e-01,-6.831161e-11
2.030000e-01,7.050237e-11
2.031000e-01,-2.351165e-11
2.032000e-01,1.153023e-10
2.033000e-01,2.128831e-11
2.034000e-01,-7.272570e-11
2.035000e-01,6.608827e-11
2.036000e-01,-2.792574e-11
2.037000e-01,1.108882e-10
2.038000e-01,1.687422e-11
2.039000e-01,-7.713979e-11
2.040000e-01,6.167418e-11
2.041000e-01,-3.233983e-11
2.042000e-01,1.064741e-10
2.043000e-01,1.246013e-11
2.044000e-01,-8.155389e-11
2.045000e-01,5.726009e-11
2.046000e-01,-3.675392e-11
2.047000e-01,1.020601e-10
2.048000e-01,8.046036e-12
2.049000e-01,-8.596798e-11
2.050000e-01,5.284600e-11
2.051000e-01,-4.116802e-11
2.052000e-01,9.764596e-11
2.053000e-01,3.631944e-12
2.054000e-01,-9.038207e-11
2.055000e-01,4.843190e-11
2.056000e-01,-4.558211e-11
2.057000e-01,9.323187e-11
2.058000e-01,-7.821487e-13
2.059000e-01,-9.479616e-11
2.060000e-01,4.401781e-11
2.061000e-01,-4.999620e-11
2.062000e-01,8.881777e-11
2.063000e-01,-5.196241e-12
2.064000e-01,-9.921026e-11
2.065000e-01,3.960372e-11
2.066000e-01,-5.441029e-11
2.067000e-01,8.440368e-11
2.068000e-01,-9.610334e-12
2.069000e-01,-1.036243e-10
2.070000e-01,3.518963e-11
2.071000e-01,-5.882439e-11
2.072000e-01,7.998959e-11
2.073000e-01,-1.402443e-11
2.074000e-01,-1.080384e-10
2.075000e-01,3.077553e-11
2.076000e-01,-6.323848e-11
2.077000e-01,7.557550e-11
2.078000e-01,-1.843852e-11
2.079000e-01,-1.124525e-10
2.080000e-01,2.636144e-11
2.081000e-01,-6.765257e-11
2.082000e-01,-1.616666e-10
2.083000e-01,-2.285261e-11
2.084000e-01,-1.168666e-10
2.085000e-01,2.194735e-11
2.086000e-01,-7.206666e-11
2.087000e-01,-1.660807e-10
2.088000e-01,-2.726670e-11
2.089000e-01,-1.212807e-10
2.090000e-01,1.753326e-11
2.091000e-01,-7.648076e-11
2.092000e-01,-1.704948e-10
2.093000e-01,-3.168080e-11
2.094000e-01,-1.256948e-10
2.095000e-01,1.311916e-11
2.096000e-01,-8.089485e-11
2.097000e-01,-1.749089e-10
2.098000e-01,-3.609489e-11
2.099000e-01,-1.301089e-10
2.100000e-01,8.705072e-12
2.101000e-01,-8.530894e-11
2.102000e-01,-1.793230e-10
2.103000e-01,-4.050898e-11
2.104000e-01,-1.345230e-10
2.105000e-01,4.290980e-12
2.106000e-01,-8.972303e-11
2.107000e-01,-1.837370e-10
2.108000e-01,-4.492307e-11
2.109000e-01,-1.389371e-10
2.110000e-01,-1.231126e-13
2.111000e-01,-9.413713e-11
2.112000e-01,-1.881511e-10
2.113000e-01,-4.933717e-11
2.114000e-01,-1.433512e-10
2.115000e-01,-4.537205e-12
2.116000e-01,-9.855122e-11
2.117000e-01,-1.925652e-10
2.118000e-01,-5.375126e-11
2.119000e-01,-1.477653e-10
2.120000e-01,-8.951298e-12
2.121000e-01,-1.029653e-10
2.122000e-01,-1.969793e-10
2.123000e-01,-5.816535e-11
2.124000e-01,-1.521794e-10
2.125000e-01,-1.336539e-11
2.126000e-01,-1.073794e-10
2.127000e-01,-2.013934e-10
2.128000e-01,-6.257944e-11
2.129000e-01,-1.565935e-10
2.130000e-01,-1.777948e-11
2.131000e-01,-1.117935e-10
2.132000e-01,-2.058075e-10
2.133000e-01,-6.699354e-11
2.134000e-01,-1.610076e-10
2.135000e-01,-2.219358e-11
2.136000e-01,-1.162076e-10
2.137000e-01,2.260639e-11
2.138000e-01,-7.140763e-11
2.139000e-01,-1.654216e-10
2.140000e-01,-2.660767e-11
2.141000e-01,-1.206217e-10
2.142000e-01,1.819229e-11
2.143000e-01,-7.582172e-11
2.144000e-01,6.299225e-11
2.145000e-01,-3.102176e-11
2.146000e-01,-1.250358e-10
2.147000e-01,1.377820e-11
2.148000e-01,-8.023581e-11
2.149000e-01,5.857816e-11
2.150000e-01,-3.543585e-11
2.151000e-01,1.033781e-10
2.152000e-01,9.364108e-12
2.153000e-01,-8.464991e-11
2.154000e-01,5.416407e-11
2.155000e-01,-3.984995e-11
2.156000e-01,9.896403e-11
2.157000e-01,4.950016e-12
2.158000e-01,-8.906400e-11
2.159000e-01,4.974998e-11
2.160000e-01,-4.426404e-11
2.161000e-01,9.454994e-11
2.162000e-01,5.359234e-13
2.163000e-01,1.393499e-10
2.164000e-01,4.533588e-11
2.165000e-01,-4.867813e-11
2.166000e-01,9.013585e-11
2.167000e-01,-3.878169e-12
2.168000e-01,1.349358e-10
2.169000e-01,4.092179e-11
2.170000e-01,-5.309222e-11
2.171000e-01,8.572175e-11
2.172000e-01,-8.292262e-12
2.173000e-01,1.305217e-10
2.174000e-01,3.650770e-11
2.175000e-01,-5.750631e-11
2.176000e-01,8.130766e-11
2.177000e-01,-1.270635e-11
2.178000e-01,1.261076e-10
2.179000e-01,3.209361e-11
2.180000e-01,-6.192041e-11
2.181000e-01,7.689357e-11
2.182000e-01,-1.712045e-11
2.183000e-01,1.216935e-10
2.184000e-01,2.767951e-11
2.185000e-01,-6.633450e-11
2.186000e-01,7.247948e-11
2.187000e-01,-2.153454e-11
2.188000e-01,1.172794e-10
2.189000e-01,2.326542e-11
2.190000e-01,-7.074859e-11
2.191000e-01,6.806538e-11
2.192000e-01,-2.594863e-11
2.193000e-01,1.128653e-10
2.194000e-01,1.885133e-11
2.195000e-01,-7.516268e-11
2.196000e-01,6.365129e-11
2.197000e-01,-3.036272e-11
2.198000e-01,1.084513e-10
2.199000e-01,1.443724e-11
2.200000e-01,-7.957678e-11
2.201000e-01,5.923720e-11
2.202000e-01,-3.477682e-11
2.203000e-01,1.040372e-10
2.204000e-01,1.002314e-11
2.205000e-01,-8.399087e-11
2.206000e-01,5.482311e-11
2.207000e-01,-3.919091e-11
2.208000e-01,9.962307e-11
2.209000e-01,5.609052e-12
2.210000e-01,-8.840496e-11
2.211000e-01,5.040901e-11
2.212000e-01,-4.360500e-11
2.213000e-01,9.520897e-11
2.214000e-01,1.194960e-12
2.215000e-01,-9.281905e-11
2.216000e-01,4.599492e-11
2.217000e-01,-4.801909e-11
2.218000e-01,-1.420331e-10
2.219000e-01,-3.219133e-12
2.220000e-01,-9.723315e-11
2.221000e-01,4.158083e-11
2.222000e-01,-5.243319e-11
2.223000e-01,-1.464472e-10
2.224000e-01,-7.633225e-12
2.225000e-01,-1.016472e-10
2.226000e-01,3.716674e-11
2.227000e-01,-5.684728e-11
2.228000e-01,-1.508613e-10
2.229000e-01,-1.204732e-11
2.230000e-01,-1.060613e-10
2.231000e-01,3.275264e-11
2.232000e-01,-6.126137e-11
2.233000e-01,-1.552754e-10
2.234000e-01,-1.646141e-11
2.235000e-01,-1.104754e-10
2.236000e-01,2.833855e-11
2.237000e-01,-6.567546e-11
2.238000e-01,-1.596895e-10
2.239000e-01,-2.087550e-11
2.240000e-01,-1.148895e-10
2.241000e-01,2.392446e-11
2.242000e-01,-7.008956e-11
2.243000e-01,-1.641036e-10
2.244000e-01,-2.528960e-11
2.245000e-01,-1.193036e-10
2.246000e-01,1.951037e-11
2.247000e-01,-7.450365e-11
2.248000e-01,-1.685177e-10
2.249000e-01,-2.970369e-11
2.250000e-01,-1.237177e-10
2.251000e-01,1.509627e-11
2.252000e-01,-7.891774e-11
2.253000e-01,-1.729318e-10
2.254000e-01,-3.411778e-11
2.255000e-01,-1.281318e-10
2.256000e-01,1.068218e-11
2.257000e-01,-8.333183e-11
2.258000e-01,-1.773458e-10
2.259000e-01,-3.853187e-11
2.260000e-01,-1.325459e-10
2.261000e-01,6.268088e-12
2.262000e-01,-8.774593e-11
2.263000e-01,-1.817599e-10
2.264000e-01,-4.294597e-11
2.265000e-01,-1.369600e-10
2.266000e-01,1.853996e-12
2.267000e-01,-9.216002e-11
2.268000e-01,-1.861740e-10
2.269000e-01,-4.736006e-11
2.270000e-01,-1.413741e-10
2.271000e-01,-2.560097e-12
2.272000e-01,-9.657411e-11
2.273000e-01,-1.905881e-10
2.274000e-01,-5.177415e-11
2.275000e-01,-1.457882e-10
2.276000e-01,-6.974189e-12
2.277000e-01,-1.009882e-10
2.278000e-01,-1.950022e-10
2.279000e-01,-5.618824e-11
2.280000e-01,-1.502023e-10
2.281000e-01,-1.138828e-11
2.282000e-01,-1.054023e-10
2.283000e-01,-1.994163e-10
2.284000e-01,-6.060234e-11
2.285000e-01,-1.546163e-10
2.286000e-01,-1.580237e-11
2.287000e-01,-1.098164e-10
2.288000e-01,2.899759e-11
2.289000e-01,-6.501643e-11
2.290000e-01,-1.590304e-10
2.291000e-01,-2.021647e-11
2.292000e-01,-1.142305e-10
2.293000e-01,2.458349e-11
2.294000e-01,-6.943052e-11
2.295000e-01,6.938346e-11
2.296000e-01,-2.463056e-11
2.297000e-01,-1.186446e-10
2.298000e-01,2.016940e-11
2.299000e-01,-7.384461e-11
2.300000e-01,6.496936e-11
2.301000e-01,-2.904465e-11
2.302000e-01,1.097693e-10
2.303000e-01,1.575531e-11
2.304000e-01,-7.825871e-11
2.305000e-01,6.055527e-11
2.306000e-01,-3.345874e-11
2.307000e-01,1.053552e-10
2.308000e-01,1.134122e-11
2.309000e-01,1.501552e-10
2.310000e-01,5.614118e-11
2.311000e-01,-3.787284e-11
2.312000e-01,1.009411e-10
2.313000e-01,6.927124e-12
2.314000e-01,1.457411e-10
2.315000e-01,5.172709e-11
2.316000e-01,-4.228693e-11
2.317000e-01,9.652705e-11
2.318000e-01,2.513032e-12
2.319000e-01,1.413270e-10
2.320000e-01,4.731299e-11
2.321000e-01,-4.670102e-11
2.322000e-01,9.211295e-11
2.323000e-01,-1.901061e-12
2.324000e-01,1.369129e-10
2.325000e-01,4.289890e-11
2.326000e-01,-5.111511e-11
2.327000e-01,8.769886e-11
2.328000e-01,-6.315153e-12
2.329000e-01,1.324988e-10
2.330000e-01,3.848481e-11
2.331000e-01,-5.552921e-11
2.332000e-01,8.328477e-11
2.333000e-01,-1.072925e-11
2.334000e-01,1.280847e-10
2.335000e-01,3.407072e-11
2.336000e-01,-5.994330e-11
2.337000e-01,7.887068e-11
2.338000e-01,-1.514334e-11
2.339000e-01,1.236706e-10
2.340000e-01,2.965662e-11
2.341000e-01,-6.435739e-11
2.342000e-01,7.445658e-11
2.343000e-01,-1.955743e-11
2.344000e-01,1.192565e-10
2.345000e-01,2.524253e-11
2.346000e-01,-6.877148e-11
2.347000e-01,7.004249e-11
2.348000e-01,-2.397152e-11
2.349000e-01,-1.179855e-10
2.350000e-01,2.082844e-11
2.351000e-01,-7.318558e-11
2.352000e-01,6.562840e-11
2.353000e-01,-2.838562e-11
2.354000e-01,-1.223996e-10
2.355000e-01,1.641435e-11
2.356000e-01,-7.759967e-11
2.357000e-01,6.121431e-11
2.358000e-01,-3.279971e-11
2.359000e-01,-1.268137e-10
2.360000e-01,1.200025e-11
2.361000e-01,-8.201376e-11
2.362000e-01,5.680021e-11
2.363000e-01,-3.721380e-11
2.364000e-01,-1.312278e-10
2.365000e-01,7.586160e-12
2.366000e-01,-8.642785e-11
2.367000e-01,5.238612e-11
2.368000e-01,-4.162789e-11
2.369000e-01,-1.356419e-10
2.370000e-01,3.172068e-12
2.371000e-01,-9.084195e-11
2.372000e-01,4.797203e-11
2.373000e-01,-4.604199e-11
2.374000e-01,-1.400560e-10
2.375000e-01,-1.242025e-12
2.376000e-01,-9.525604e-11
2.377000e-01,4.355794e-11
2.378000e-01,-5.045608e-11
2.379000e-01,-1.444701e-10
2.380000e-01,-5.656117e-12
2.381000e-01,-9.967013e-11
2.382000e-01,3.914384e-11
2.383000e-01,-5.487017e-11
2.384000e-01,-1.488842e-10
2.385000e-01,-1.007021e-11
2.386000e-01,-1.040842e-10
2.387000e-01,3.472975e-11
2.388000e-01,-5.928426e-11
2.389000e-01,-1.532983e-10
2.390000e-01,-1.448430e-11
2.391000e-01,-1.084983e-10
2.392000e-01,3.031566e-11
2.393000e-01,-6.369836e-11
2.394000e-01,-1.577124e-10
2.395000e-01,-1.889839e-11
2.396000e-01,-1.129124e-10
2.397000e-01,2.590157e-11
2.398000e-01,-6.811245e-11
2.399000e-01,-1.621265e-10
2.400000e-01,-2.331249e-11
2.401000e-01,-1.173265e-10
2.402000e-01,2.148747e-11
2.403000e-01,-7.252654e-11
2.404000e-01,-1.665406e-10
2.405000e-01,-2.772658e-11
2.406000e-01,-1.217406e-10
2.407000e-01,1.707338e-11
2.408000e-01,-7.694063e-11
2.409000e-01,-1.709546e-10
2.410000e-01,-3.214067e-11
2.411000e-01,-1.261547e-10
2.412000e-01,-2.201687e-10
2.413000e-01,-8.135473e-11
2.414000e-01,-1.753687e-10
2.415000e-01,-3.655476e-11
2.416000e-01,-1.305688e-10
2.417000e-01,-2.245828e-10
2.418000e-01,-8.576882e-11
2.419000e-01,-1.797828e-10
2.420000e-01,-4.096886e-11
2.421000e-01,-1.349829e-10
2.422000e-01,-2.289969e-10
2.423000e-01,-9.018291e-11
2.424000e-01,-1.841969e-10
2.425000e-01,-4.538295e-11
2.426000e-01,-1.393970e-10
2.427000e-01,-5.829888e-13
2.428000e-01,-9.459700e-11
2.429000e-01,-1.886110e-10
2.430000e-01,-4.979704e-11
2.431000e-01,-1.438111e-10
2.432000e-01,-4.997081e-12
2.433000e-01,-9.901110e-11
2.434000e-01,3.980288e-11
2.435000e-01,-5.421113e-11
2.436000e-01,-1.482251e-10
2.437000e-01,-9.411174e-12
2.438000e-01,-1.034252e-10
2.439000e-01,3.538879e-11
2.440000e-01,-5.862523e-11
2.441000e-01,-1.526392e-10
2.442000e-01,-1.382527e-11
2.443000e-01,-1.078393e-10
2.444000e-01,3.097469e-11
2.445000e-01,-6.303932e-11
2.446000e-01,7.577466e-11
2.447000e-01,-1.823936e-11
2.448000e-01,-1.122534e-10
2.449000e-01,2.656060e-11
2.450000e-01,-6.745341e-11
2.451000e-01,7.136056e-11
2.452000e-01,-2.265345e-11
2.453000e-01,1.161605e-10
2.454000e-01,2.214651e-11
2.455000e-01,-7.186750e-11
2.456000e-01,6.694647e-11
2.457000e-01,-2.706754e-11
2.458000e-01,1.117464e-10
2.459000e-01,1.773242e-11
2.460000e-01,1.565464e-10
2.461000e-01,6.253238e-11
2.462000e-01,-3.148164e-11
2.463000e-01,1.073323e-10
2.464000e-01,1.331832e-11
2.465000e-01,1.521323e-10
2.466000e-01,5.811829e-11
2.467000e-01,-3.589573e-11
2.468000e-01,1.029182e-10
2.469000e-01,8.904232e-12
2.470000e-01,1.477182e-10
2.471000e-01,5.370419e-11
2.472000e-01,-4.030982e-11
2.473000e-01,9.850415e-11
2.474000e-01,4.490140e-12
2.475000e-01,1.433041e-10
2.476000e-01,4.929010e-11
2.477000e-01,-4.472391e-11
2.478000e-01,9.409006e-11
2.479000e-01,7.604730e-14
2.480000e-01,-9.393797e-11
2.481000e-01,4.487601e-11
2.482000e-01,-4.913801e-11
2.483000e-01,8.967597e-11
2.484000e-01,-4.338045e-12
2.485000e-01,-9.835206e-11
2.486000e-01,4.046192e-11
2.487000e-01,-5.355210e-11
2.488000e-01,8.526188e-11
2.489000e-01,-8.752138e-12
2.490000e-01,-1.027662e-10
2.491000e-01,3.604782e-11
2.492000e-01,-5.796619e-11
2.493000e-01,8.084778e-11
2.494000e-01,-1.316623e-11
2.495000e-01,-1.071802e-10
2.496000e-01,3.163373e-11
2.497000e-01,-6.238028e-11
2.498000e-01,7.643369e-11
2.499000e-01,-1.758032e-11
2.500000e-01,-1.115943e-10
2.501000e-01,-2.056084e-10
2.502000e-01,1.660336e-10
2.503000e-01,7.201960e-11
2.504000e-01,-2.199442e-11
2.505000e-01,-1.160084e-10
2.506000e-01,-2.100224e-10
2.507000e-01,1.616195e-10
2.508000e-01,6.760551e-11
2.509000e-01,-2.640851e-11
2.510000e-01,-1.204225e-10
2.511000e-01,-2.144365e-10
2.512000e-01,1.572054e-10
2.513000e-01,6.319141e-11
2.514000e-01,-3.082260e-11
2.515000e-01,-1.248366e-10
2.516000e-01,-2.188506e-10
2.517000e-01,1.527913e-10
2.518000e-01,5.877732e-11
2.519000e-01,-3.523669e-11
2.520000e-01,-1.292507e-10
2.521000e-01,-2.232647e-10
2.522000e-01,1.483772e-10
2.523000e-01,5.436323e-11
2.524000e-01,-3.965079e-11
2.525000e-01,-1.336648e-10
2.526000e-01,-2.276788e-10
2.527000e-01,1.439632e-10
2.528000e-01,4.994914e-11
2.529000e-01,-4.406488e-11
2.530000e-01,-1.380789e-10
2.531000e-01,-2.320929e-10
2.532000e-01,1.395491e-10
2.533000e-01,4.553504e-11
2.534000e-01,-4.847897e-11
2.535000e-01,-1.424930e-10
2.536000e-01,-2.365070e-10
2.537000e-01,1.351350e-10
2.538000e-01,4.112095e-11
2.539000e-01,-5.289306e-11
2.540000e-01,-1.469071e-10
2.541000e-01,-2.409211e-10
2.542000e-01,1.307209e-10
2.543000e-01,3.670686e-11
2.544000e-01,-5.730716e-11
2.545000e-01,-1.513212e-10
2.546000e-01,-2.453352e-10
2.547000e-01,1.263068e-10
2.548000e-01,3.229277e-11
2.549000e-01,-6.172125e-11
2.550000e-01,-1.557353e-10
2.551000e-01,-2.497493e-10
2.552000e-01,1.218927e-10
2.553000e-01,2.787867e-11
2.554000e-01,-6.613534e-11
2.555000e-01,-1.601494e-10
2.556000e-01,-2.541634e-10
2.557000e-01,1.174786e-10
2.558000e-01,2.346458e-11
2.559000e-01,-7.054943e-11
2.560000e-01,-1.645634e-10
2.561000e-01,-2.585775e-10
2.562000e-01,1.130645e-10
2.563000e-01,1.905049e-11
2.564000e-01,-7.496353e-11
2.565000e-01,-1.689775e-10
2.566000e-01,-2.629916e-10
2.567000e-01,1.086504e-10
2.568000e-01,1.463640e-11
2.569000e-01,-7.937762e-11
2.570000e-01,-1.733916e-10
2.571000e-01,-3.457766e-11
2.572000e-01,1.042363e-10
2.573000e-01,1.022230e-11
2.574000e-01,-8.379171e-11
2.575000e-01,-1.778057e-10
2.576000e-01,-3.899175e-11
2.577000e-01,-1.330058e-10
2.578000e-01,5.808212e-12
2.579000e-01,-8.820580e-11
2.580000e-01,-1.822198e-10
2.581000e-01,-4.340584e-11
2.582000e-01,-1.374199e-10
2.583000e-01,1.394119e-12
2.584000e-01,-9.261989e-11
2.585000e-01,4.619408e-11
2.586000e-01,-4.781993e-11
2.587000e-01,-1.418339e-10
2.588000e-01,-3.019973e-12
2.589000e-01,-9.703399e-11
2.590000e-01,4.177999e-11
2.591000e-01,-5.223403e-11
2.592000e-01,-1.462480e-10
2.593000e-01,-7.434066e-12
2.594000e-01,-1.014481e-10
2.595000e-01,3.736590e-11
2.596000e-01,-5.664812e-11
2.597000e-01,-1.506621e-10
2.598000e-01,-1.184816e-11
2.599000e-01,-1.058622e-10
2.600000e-01,3.295180e-11
2.601000e-01,-6.106221e-11
2.602000e-01,-1.550762e-10
2.603000e-01,-1.626225e-11
2.604000e-01,1.225517e-10
2.605000e-01,2.853771e-11
2.606000e-01,-6.547630e-11
2.607000e-01,-1.594903e-10
2.608000e-01,-2.067634e-11
2.609000e-01,1.181376e-10
2.610000e-01,2.412362e-11
2.611000e-01,-6.989040e-11
2.612000e-01,-1.639044e-10
2.613000e-01,-2.509044e-11
2.614000e-01,1.137235e-10
2.615000e-01,1.970953e-11
2.616000e-01,-7.430449e-11
2.617000e-01,-1.683185e-10
2.618000e-01,2.033235e-10
2.619000e-01,1.093094e-10
2.620000e-01,1.529543e-11
2.621000e-01,-7.871858e-11
2.622000e-01,-1.727326e-10
2.623000e-01,1.989094e-10
2.624000e-01,1.048954e-10
2.625000e-01,1.088134e-11
2.626000e-01,-8.313267e-11
2.627000e-01,-1.771467e-10
2.628000e-01,1.944953e-10
2.629000e-01,1.004813e-10
2.630000e-01,6.467248e-12
2.631000e-01,-8.754677e-11
2.632000e-01,-1.815608e-10
2.633000e-01,1.900812e-10
2.634000e-01,9.606717e-11
2.635000e-01,2.053155e-12
2.636000e-01,-9.196086e-11
2.637000e-01,-1.859749e-10
2.638000e-01,1.856671e-10
2.639000e-01,9.165308e-11
2.640000e-01,-2.360937e-12
2.641000e-01,-9.637495e-11
2.642000e-01,-1.903890e-10
2.643000e-01,1.812530e-10
2.644000e-01,8.723898e-11
2.645000e-01,-6.775030e-12
2.646000e-01,-1.007890e-10
2.647000e-01,-1.948031e-10
2.648000e-01,1.768389e-10
2.649000e-01,8.282489e-11
2.650000e-01,-1.118912e-11
2.651000e-01,-1.052031e-10
2.652000e-01,-1.992172e-10
2.653000e-01,1.724248e-10
2.654000e-01,7.841080e-11
2.655000e-01,-1.560321e-11
2.656000e-01,-1.096172e-10
2.657000e-01,-2.036312e-10
2.658000e-01,1.680107e-10
2.659000e-01,7.399671e-11
2.660000e-01,-2.001731e-11
2.661000e-01,-1.140313e-10
2.662000e-01,-2.080453e-10
2.663000e-01,1.635966e-10
2.664000e-01,6.958261e-11
2.665000e-01,-2.443140e-11
2.666000e-01,-1.184454e-10
2.667000e-01,-2.124594e-10
2.668000e-01,1.591825e-10
2.669000e-01,6.516852e-11
2.670000e-01,-2.884549e-11
2.671000e-01,-1.228595e-10
2.672000e-01,-2.168735e-10
2.673000e-01,1.547684e-10
2.674000e-01,6.075443e-11
2.675000e-01,-3.325958e-11
2.676000e-01,-1.272736e-10
2.677000e-01,-2.212876e-10
2.678000e-01,1.503544e-10
2.679000e-01,5.634034e-11
2.680000e-01,-3.767368e-11
2.681000e-01,-1.316877e-10
2.682000e-01,-2.257017e-10
2.683000e-01,1.459403e-10
2.684000e-01,5.192624e-11
2.685000e-01,-4.208777e-11
2.686000e-01,-1.361018e-10
2.687000e-01,-2.301158e-10
2.688000e-01,1.415262e-10
2.689000e-01,4.751215e-11
2.690000e-01,-4.650186e-11
2.691000e-01,-1.405159e-10
2.692000e-01,-2.345299e-10
2.693000e-01,1.371121e-10
2.694000e-01,4.309806e-11
2.695000e-01,-5.091595e-11
2.696000e-01,-1.449300e-10
2.697000e-01,-2.389440e-10
2.698000e-01,1.326980e-10
2.699000e-01,3.868397e-11
2.700000e-01,-5.533005e-11
2.701000e-01,-1.493441e-10
2.702000e-01,-2.433581e-10
2.703000e-01,1.282839e-10
2.704000e-01,3.426988e-11
2.705000e-01,-5.974414e-11
2.706000e-01,-1.537582e-10
2.707000e-01,-2.477722e-10
2.708000e-01,1.238698e-10
2.709000e-01,2.985578e-11
2.710000e-01,-6.415823e-11
2.711000e-01,-1.581722e-10
2.712000e-01,-2.521863e-10
2.713000e-01,-1.133723e-10
2.714000e-01,2.544169e-11
2.715000e-01,-6.857232e-11
2.716000e-01,-1.625863e-10
2.717000e-01,-2.377236e-11
2.718000e-01,-1.177864e-10
2.719000e-01,2.102760e-11
2.720000e-01,-7.298642e-11
2.721000e-01,-1.670004e-10
2.722000e-01,-2.818646e-11
2.723000e-01,-1.222005e-10
2.724000e-01,1.661351e-11
2.725000e-01,-7.740051e-11
2.726000e-01,-1.714145e-10
2.727000e-01,-3.260055e-11
2.728000e-01,-1.266146e-10
2.729000e-01,1.219941e-11
2.730000e-01,-8.181460e-11
2.731000e-01,-1.758286e-10
2.732000e-01,-3.701464e-11
2.733000e-01,-1.310287e-10
2.734000e-01,7.785320e-12
2.735000e-01,-8.622869e-11
2.736000e-01,5.258528e-11
2.737000e-01,-4.142873e-11
2.738000e-01,-1.354427e-10
2.739000e-01,3.371228e-12
2.740000e-01,-9.064279e-11
2.741000e-01,4.817119e-11
2.742000e-01,-4.584283e-11
2.743000e-01,-1.398568e-10
2.744000e-01,-1.042865e-12
2.745000e-01,-9.505688e-11
2.746000e-01,4.375710e-11
2.747000e-01,-5.025692e-11
2.748000e-01,-1.442709e-10
2.749000e-01,-5.456957e-12
2.750000e-01,-9.947097e-11
2.751000e-01,3.934300e-11
2.752000e-01,-5.467101e-11
2.753000e-01,-1.486850e-10
2.754000e-01,-9.871050e-12
2.755000e-01,1.289429e-10
2.756000e-01,3.492891e-11
2.757000e-01,-5.908510e-11
2.758000e-01,-1.530991e-10
2.759000e-01,-1.428514e-11
2.760000e-01,1.245288e-10
2.761000e-01,3.051482e-11
2.762000e-01,-6.349920e-11
2.763000e-01,-1.575132e-10
2.764000e-01,-1.869923e-11
2.765000e-01,1.201147e-10
2.766000e-01,2.610073e-11
2.767000e-01,-6.791329e-11
2.768000e-01,-1.619273e-10
2.769000e-01,2.097147e-10
2.770000e-01,1.157006e-10
2.771000e-01,2.168663e-11
2.772000e-01,-7.232738e-11
2.773000e-01,-1.663414e-10
2.774000e-01,2.053006e-10
2.775000e-01,1.112866e-10
2.776000e-01,1.727254e-11
2.777000e-01,-7.674147e-11
2.778000e-01,-1.707555e-10
2.779000e-01,2.008865e-10
2.780000e-01,1.068725e-10
2.781000e-01,1.285845e-11
2.782000e-01,-8.115557e-11
2.783000e-01,-1.751696e-10
2.784000e-01,1.964724e-10
2.785000e-01,1.024584e-10
2.786000e-01,8.444356e-12
2.787000e-01,-8.556966e-11
2.788000e-01,-1.795837e-10
2.789000e-01,1.920583e-10
2.790000e-01,9.804428e-11
2.791000e-01,4.030264e-12
2.792000e-01,-8.998375e-11
2.793000e-01,-1.839978e-10
2.794000e-01,1.876442e-10
2.795000e-01,9.363019e-11
2.796000e-01,-3.838288e-13
2.797000e-01,-9.439784e-11
2.798000e-01,-1.884119e-10
2.799000e-01,1.832301e-10
2.800000e-01,8.921609e-11
2.801000e-01,-4.797921e-12
2.802000e-01,-9.881194e-11
2.803000e-01,-1.928260e-10
2.804000e-01,1.788160e-10
2.805000e-01,8.480200e-11
2.806000e-01,-9.212014e-12
2.807000e-01,-1.032260e-10
2.808000e-01,-1.972400e-10
2.809000e-01,1.744019e-10
2.810000e-01,8.038791e-11
2.811000e-01,-1.362611e-11
2.812000e-01,-1.076401e-10
2.813000e-01,-2.016541e-10
2.814000e-01,1.699878e-10
2.815000e-01,7.597382e-11
2.816000e-01,-1.804020e-11
2.817000e-01,-1.120542e-10
2.818000e-01,-2.060682e-10
2.819000e-01,1.655737e-10
2.820000e-01,7.155972e-11
2.821000e-01,-2.245429e-11
2.822000e-01,-1.164683e-10
2.823000e-01,-2.104823e-10
2.824000e-01,1.611596e-10
2.825000e-01,6.714563e-11
2.826000e-01,-2.686838e-11
2.827000e-01,-1.208824e-10
2.828000e-01,-2.148964e-10
2.829000e-01,1.567456e-10
2.830000e-01,6.273154e-11
2.831000e-01,-3.128248e-11
2.832000e-01,-1.252965e-10
2.833000e-01,-2.193105e-10
2.834000e-01,1.523315e-10
2.835000e-01,5.831745e-11
2.836000e-01,-3.569657e-11
2.837000e-01,-1.297106e-10
2.838000e-01,-2.237246e-10
2.839000e-01,1.479174e-10
2.840000e-01,5.390335e-11
2.841000e-01,-4.011066e-11
2.842000e-01,-1.341247e-10
2.843000e-01,-2.281387e-10
2.844000e-01,-3.221527e-10
2.845000e-01,4.948926e-11
2.846000e-01,-4.452475e-11
2.847000e-01,-1.385388e-10
2.848000e-01,-2.325528e-10
2.849000e-01,-3.265668e-10
2.850000e-01,4.507517e-11
2.851000e-01,-4.893885e-11
2.852000e-01,-1.429529e-10
2.853000e-01,-2.369669e-10
2.854000e-01,-9.815290e-11
2.855000e-01,4.066108e-11
2.856000e-01,-5.335294e-11
2.857000e-01,-1.473670e-10
2.858000e-01,-2.413810e-10
2.859000e-01,-1.025670e-10
2.860000e-01,3.624698e-11
2.861000e-01,-5.776703e-11
2.862000e-01,-1.517810e-10
2.863000e-01,-2.457951e-10
2.864000e-01,-1.069811e-10
2.865000e-01,3.183289e-11
2.866000e-01,-6.218112e-11
2.867000e-01,-1.561951e-10
2.868000e-01,-1.738116e-11
2.869000e-01,-1.113952e-10
2.870000e-01,2.741880e-11
2.871000e-01,-6.659522e-11
2.872000e-01,-1.606092e-10
2.873000e-01,-2.179526e-11
2.874000e-01,-1.158093e-10
2.875000e-01,2.300471e-11
2.876000e-01,-7.100931e-11
2.877000e-01,-1.650233e-10
2.878000e-01,-2.620935e-11
2.879000e-01,-1.202234e-10
2.880000e-01,1.859061e-11
2.881000e-01,-7.542340e-11
2.882000e-01,-1.694374e-10
2.883000e-01,-3.062344e-11
2.884000e-01,-1.246375e-10
2.885000e-01,1.417652e-11
2.886000e-01,-7.983749e-11
2.887000e-01,5.897648e-11
2.888000e-01,-3.503753e-11
2.889000e-01,-1.290515e-10
2.890000e-01,9.762428e-12
2.891000e-01,-8.425159e-11
2.892000e-01,5.456239e-11
2.893000e-01,-3.945163e-11
2.894000e-01,-1.334656e-10
2.895000e-01,5.348336e-12
2.896000e-01,-8.866568e-11
2.897000e-01,5.014830e-11
2.898000e-01,-4.386572e-11
2.899000e-01,-1.378797e-10
2.900000e-01,9.342433e-13
2.901000e-01,1.397482e-10
2.902000e-01,4.573420e-11
2.903000e-01,-4.827981e-11
2.904000e-01,-1.422938e-10
2.905000e-01,-3.479849e-12
2.906000e-01,1.353341e-10
2.907000e-01,4.132011e-11
2.908000e-01,-5.269390e-11
2.909000e-01,-1.467079e-10
2.910000e-01,-7.893942e-12
2.911000e-01,1.309200e-10
2.912000e-01,3.690602e-11
2.913000e-01,-5.710800e-11
2.914000e-01,-1.511220e-10
2.915000e-01,-1.230803e-11
2.916000e-01,1.265059e-10
2.917000e-01,3.249193e-11
2.918000e-01,-6.152209e-11
2.919000e-01,-1.555361e-10
2.920000e-01,2.161059e-10
2.921000e-01,1.220918e-10
2.922000e-01,2.807783e-11
2.923000e-01,-6.593618e-11
2.924000e-01,-1.599502e-10
2.925000e-01,2.116918e-10
2.926000e-01,1.176778e-10
2.927000e-01,2.366374e-11
2.928000e-01,-7.035027e-11
2.929000e-01,-1.643643e-10
2.930000e-01,2.072777e-10
2.931000e-01,1.132637e-10
2.932000e-01,1.924965e-11
2.933000e-01,-7.476437e-11
2.934000e-01,-1.687784e-10
2.935000e-01,2.028636e-10
2.936000e-01,1.088496e-10
2.937000e-01,1.483556e-11
2.938000e-01,-7.917846e-11
2.939000e-01,-1.731925e-10
2.940000e-01,1.984495e-10
2.941000e-01,1.044355e-10
2.942000e-01,1.042146e-11
2.943000e-01,-8.359255e-11
2.944000e-01,-1.776066e-10
2.945000e-01,1.940354e-10
2.946000e-01,1.000214e-10
2.947000e-01,6.007372e-12
2.948000e-01,-8.800664e-11
2.949000e-01,-1.820207e-10
2.950000e-01,1.896213e-10
2.951000e-01,9.560729e-11
2.952000e-01,1.593279e-12
2.953000e-01,-9.242074e-11
2.954000e-01,-1.864347e-10
2.955000e-01,1.852072e-10
2.956000e-01,9.119320e-11
2.957000e-01,-2.820813e-12
2.958000e-01,-9.683483e-11
2.959000e-01,-1.908488e-10
2.960000e-01,1.807931e-10
2.961000e-01,8.677911e-11
2.962000e-01,-7.234906e-12
2.963000e-01,-1.012489e-10
2.964000e-01,-1.952629e-10
2.965000e-01,1.763790e-10
2.966000e-01,8.236502e-11
2.967000e-01,-1.164900e-11
2.968000e-01,-1.056630e-10
2.969000e-01,-1.996770e-10
2.970000e-01,1.719649e-10
2.971000e-01,7.795092e-11
2.972000e-01,-1.606309e-11
2.973000e-01,-1.100771e-10
2.974000e-01,-2.040911e-10
2.975000e-01,-2.981051e-10
2.976000e-01,7.353683e-11
2.977000e-01,-2.047718e-11
2.978000e-01,-1.144912e-10
2.979000e-01,-2.085052e-10
2.980000e-01,-3.025192e-10
2.981000e-01,6.912274e-11
2.982000e-01,-2.489128e-11
2.983000e-01,-1.189053e-10
2.984000e-01,-2.129193e-10
2.985000e-01,-3.069333e-10
2.986000e-01,6.470865e-11
2.987000e-01,-2.930537e-11
2.988000e-01,-1.233194e-10
2.989000e-01,-2.173334e-10
2.990000e-01,-3.113474e-10
2.991000e-01,6.029455e-11
2.992000e-01,-3.371946e-11
2.993000e-01,-1.277335e-10
2.994000e-01,-2.217475e-10
2.995000e-01,-3.157615e-10
2.996000e-01,5.588046e-11
2.997000e-01,-3.813355e-11
2.998000e-01,-1.321476e-10
2.999000e-01,-2.261616e-10
3.000000e-01,-8.734761e-11
3.001000e-01,5.146637e-11
3.002000e-01,-4.254765e-11
3.003000e-01,-1.365617e-10
3.004000e-01,-2.305757e-10
3.005000e-01,-9.176170e-11
3.006000e-01,4.705228e-11
3.007000e-01,-4.696174e-11
3.008000e-01,-1.409758e-10
3.009000e-01,-2.349898e-10
3.010000e-01,-9.617579e-11
3.011000e-01,4.263818e-11
3.012000e-01,-5.137583e-11
3.013000e-01,-1.453898e-10
3.014000e-01,-2.394039e-10
3.015000e-01,-1.005899e-10
3.016000e-01,3.822409e-11
3.017000e-01,-5.578992e-11
3.018000e-01,-1.498039e-10
3.019000e-01,-1.098996e-11
3.020000e-01,-1.050040e-10
3.021000e-01,3.381000e-11
3.022000e-01,-6.020402e-11
3.023000e-01,-1.542180e-10
3.024000e-01,-1.540405e-11
3.025000e-01,-1.094181e-10
3.026000e-01,2.939591e-11
3.027000e-01,-6.461811e-11
3.028000e-01,-1.586321e-10
3.029000e-01,-1.981815e-11
3.030000e-01,-1.138322e-10
3.031000e-01,2.498181e-11
3.032000e-01,-6.903220e-11
3.033000e-01,-1.630462e-10
3.034000e-01,-2.423224e-11
3.035000e-01,-1.182463e-10
3.036000e-01,2.056772e-11
3.037000e-01,-7.344629e-11
3.038000e-01,6.536768e-11
3.039000e-01,-2.864633e-11
3.040000e-01,-1.226603e-10
3.041000e-01,1.615363e-11
3.042000e-01,-7.786039e-11
3.043000e-01,6.095359e-11
3.044000e-01,-3.306042e-11
3.045000e-01,-1.270744e-10
3.046000e-01,1.173954e-11
3.047000e-01,-8.227448e-11
3.048000e-01,5.653950e-11
3.049000e-01,-3.747452e-11
3.050000e-01,-1.314885e-10
3.051000e-01,7.325444e-12
3.052000e-01,1.461394e-10
3.053000e-01,5.212540e-11
3.054000e-01,-4.188861e-11
3.055000e-01,-1.359026e-10
3.056000e-01,2.911351e-12
3.057000e-01,1.417253e-10
3.058000e-01,4.771131e-11
3.059000e-01,-4.630270e-11
3.060000e-01,-1.403167e-10
3.061000e-01,-1.502741e-12
3.062000e-01,1.373112e-10
3.063000e-01,4.329722e-11
3.064000e-01,-5.071679e-11
3.065000e-01,-1.447308e-10
3.066000e-01,-5.916834e-12
3.067000e-01,1.328971e-10
3.068000e-01,3.888313e-11
3.069000e-01,-5.513089e-11
3.070000e-01,-1.491449e-10
3.071000e-01,2.224971e-10
3.072000e-01,1.284830e-10
3.073000e-01,3.446903e-11
3.074000e-01,-5.954498e-11
3.075000e-01,-1.535590e-10
3.076000e-01,2.180830e-10
3.077000e-01,1.240690e-10
3.078000e-01,3.005494e-11
3.079000e-01,-6.395907e-11
3.080000e-01,-1.579731e-10
3.081000e-01,2.136689e-10
3.082000e-01,1.196549e-10
3.083000e-01,2.564085e-11
3.084000e-01,-6.837316e-11
3.085000e-01,-1.623872e-10
3.086000e-01,2.092548e-10
3.087000e-01,1.152408e-10
3.088000e-01,2.122676e-11
3.089000e-01,-7.278726e-11
3.090000e-01,-1.668013e-10
3.091000e-01,2.048407e-10
3.092000e-01,1.108267e-10
3.093000e-01,1.681266e-11
3.094000e-01,-7.720135e-11
3.095000e-01,-1.712154e-10
3.096000e-01,2.004266e-10
3.097000e-01,1.064126e-10
3.098000e-01,1.239857e-11
3.099000e-01,-8.161544e-11
3.100000e-01,-1.756295e-10
3.101000e-01,1.960125e-10
3.102000e-01,1.019985e-10
3.103000e-01,7.984480e-12
3.104000e-01,-8.602953e-11
3.105000e-01,-1.800435e-10
3.106000e-01,-2.740576e-10
3.107000e-01,9.758440e-11
3.108000e-01,3.570388e-12
3.109000e-01,-9.044363e-11
3.110000e-01,-1.844576e-10
3.111000e-01,-2.784717e-10
3.112000e-01,9.317031e-11
3.113000e-01,-8.437050e-13
3.114000e-01,-9.485772e-11
3.115000e-01,-1.888717e-10
3.116000e-01,-2.828857e-10
3.117000e-01,8.875622e-11
3.118000e-01,-5.257797e-12
3.119000e-01,-9.927181e-11
3.120000e-01,-1.932858e-10
3.121000e-01,-2.872998e-10
3.122000e-01,8.434212e-11
3.123000e-01,-9.671890e-12
3.124000e-01,-1.036859e-10
3.125000e-01,-1.976999e-10
3.126000e-01,-2.917139e-10
3.127000e-01,7.992803e-11
3.128000e-01,-1.408598e-11
3.129000e-01,-1.081000e-10
3.130000e-01,-2.021140e-10
3.131000e-01,-2.961280e-10
3.132000e-01,7.551394e-11
3.133000e-01,-1.850007e-11
3.134000e-01,-1.125141e-10
3.135000e-01,-2.065281e-10
3.136000e-01,-3.005421e-10
3.137000e-01,7.109985e-11
3.138000e-01,-2.291417e-11
3.139000e-01,-1.169282e-10
3.140000e-01,-2.109422e-10
3.141000e-01,-3.049562e-10
3.142000e-01,6.668575e-11
3.143000e-01,-2.732826e-11
3.144000e-01,-1.213423e-10
3.145000e-01,-2.153563e-10
3.146000e-01,-3.093703e-10
3.147000e-01,6.227166e-11
3.148000e-01,-3.174235e-11
3.149000e-01,-1.257564e-10
3.150000e-01,-2.197704e-10
3.151000e-01,-8.095641e-11
3.152000e-01,5.785757e-11
3.153000e-01,-3.615644e-11
3.154000e-01,-1.301705e-10
3.155000e-01,-2.241845e-10
3.156000e-01,-8.537050e-11
3.157000e-01,5.344348e-11
3.158000e-01,-4.057054e-11
3.159000e-01,-1.345846e-10
3.160000e-01,-2.285986e-10
3.161000e-01,-8.978459e-11
3.162000e-01,4.902938e-11
3.163000e-01,-4.498463e-11
3.164000e-01,-1.389986e-10
3.165000e-01,-2.330127e-10
3.166000e-01,-9.419868e-11
3.167000e-01,4.461529e-11
3.168000e-01,-4.939872e-11
3.169000e-01,-1.434127e-10
3.170000e-01,-4.598761e-12
3.171000e-01,-9.861278e-11
3.172000e-01,4.020120e-11
3.173000e-01,-5.381281e-11
3.174000e-01,-1.478268e-10
3.175000e-01,-9.012854e-12
3.176000e-01,-1.030269e-10
3.177000e-01,3.578711e-11
3.178000e-01,-5.822691e-11
3.179000e-01,-1.522409e-10
3.180000e-01,-1.342695e-11
3.181000e-01,-1.074410e-10
3.182000e-01,3.137301e-11
3.183000e-01,-6.264100e-11
3.184000e-01,7.617298e-11
3.185000e-01,-1.784104e-11
3.186000e-01,-1.118551e-10
3.187000e-01,2.695892e-11
3.188000e-01,-6.705509e-11
3.189000e-01,7.175888e-11
3.190000e-01,-2.225513e-11
3.191000e-01,-1.162691e-10
3.192000e-01,2.254483e-11
3.193000e-01,-7.146918e-11
3.194000e-01,6.734479e-11
3.195000e-01,-2.666922e-11
3.196000e-01,-1.206832e-10
3.197000e-01,1.813074e-11
3.198000e-01,-7.588328e-11
3.199000e-01,6.293070e-11
3.200000e-01,-3.108332e-11
3.201000e-01,-1.250973e-10
3.202000e-01,1.371664e-11
3.203000e-01,1.525306e-10
3.204000e-01,5.851661e-11
3.205000e-01,-3.549741e-11
3.206000e-01,-1.295114e-10
3.207000e-01,9.302552e-12
3.208000e-01,1.481165e-10
3.209000e-01,5.410251e-11
3.210000e-01,-3.991150e-11
3.211000e-01,-1.339255e-10
3.212000e-01,4.888460e-12
3.213000e-01,1.437024e-10
3.214000e-01,4.968842e-11
3.215000e-01,-4.432559e-11
3.216000e-01,-1.383396e-10
3.217000e-01,2.333024e-10
3.218000e-01,1.392883e-10
3.219000e-01,4.527433e-11
3.220000e-01,-4.873969e-11
3.221000e-01,-1.427537e-10
3.222000e-01,2.288883e-10
3.223000e-01,1.348742e-10
3.224000e-01,4.086024e-11
3.225000e-01,-5.315378e-11
3.226000e-01,-1.471678e-10
3.227000e-01,2.244742e-10
3.228000e-01,1.304602e-10
3.229000e-01,3.644614e-11
3.230000e-01,-5.756787e-11
3.231000e-01,-1.515819e-10
3.232000e-01,2.200601e-10
3.233000e-01,1.260461e-10
3.234000e-01,3.203205e-11
3.235000e-01,-6.198196e-11
3.236000e-01,-1.559960e-10
3.237000e-01,2.156460e-10
3.238000e-01,1.216320e-10
3.239000e-01,2.761796e-11
3.240000e-01,-6.639606e-11
3.241000e-01,-1.604101e-10
3.242000e-01,-2.544241e-10
3.243000e-01,1.172179e-10
3.244000e-01,2.320387e-11
3.245000e-01,-7.081015e-11
3.246000e-01,-1.648242e-10
3.247000e-01,-2.588382e-10
3.248000e-01,1.128038e-10
3.249000e-01,1.878977e-11
3.250000e-01,-7.522424e-11
3.251000e-01,-1.692383e-10
3.252000e-01,-2.632523e-10
3.253000e-01,1.083897e-10
3.254000e-01,1.437568e-11
3.255000e-01,-7.963833e-11
3.256000e-01,-1.736523e-10
3.257000e-01,-2.676664e-10
3.258000e-01,1.039756e-10
3.259000e-01,9.961588e-12
3.260000e-01,-8.405243e-11
3.261000e-01,-1.780664e-10
3.262000e-01,-2.720805e-10
3.263000e-01,9.956151e-11
3.264000e-01,5.547496e-12
3.265000e-01,-8.846652e-11
3.266000e-01,-1.824805e-10
3.267000e-01,-2.764945e-10
3.268000e-01,9.514742e-11
3.269000e-01,1.133403e-12
3.270000e-01,-9.288061e-11
3.271000e-01,-1.868946e-10
3.272000e-01,-2.809086e-10
3.273000e-01,9.073333e-11
3.274000e-01,-3.280689e-12
3.275000e-01,-9.729470e-11
3.276000e-01,-1.913087e-10
3.277000e-01,-2.853227e-10
3.278000e-01,8.631923e-11
3.279000e-01,-7.694782e-12
3.280000e-01,-1.017088e-10
3.281000e-01,-1.957228e-10
3.282000e-01,-2.897368e-10
3.283000e-01,8.190514e-11
3.284000e-01,-1.210887e-11
3.285000e-01,-1.061229e-10
3.286000e-01,-2.001369e-10
3.287000e-01,-2.941509e-10
3.288000e-01,7.749105e-11
3.289000e-01,-1.652297e-11
3.290000e-01,-1.105370e-10
3.291000e-01,-2.045510e-10
3.292000e-01,-2.985650e-10
3.293000e-01,7.307696e-11
3.294000e-01,-2.093706e-11
3.295000e-01,-1.149511e-10
3.296000e-01,-2.089651e-10
3.297000e-01,-3.029791e-10
3.298000e-01,6.866286e-11
3.299000e-01,-2.535115e-11
3.300000e-01,-1.193652e-10
3.301000e-01,-2.133792e-10
3.302000e-01,-7.456521e-11
3.303000e-01,6.424877e-11
3.304000e-01,-2.976524e-11
3.305000e-01,-1.237793e-10
3.306000e-01,-2.177933e-10
3.307000e-01,-7.897930e-11
3.308000e-01,5.983468e-11
3.309000e-01,-3.417934e-11
3.310000e-01,-1.281934e-10
3.311000e-01,-2.222074e-10
3.312000e-01,-8.339339e-11
3.313000e-01,5.542059e-11
3.314000e-01,-3.859343e-11
3.315000e-01,-1.326074e-10
3.316000e-01,-2.266215e-10
3.317000e-01,-8.780748e-11
3.318000e-01,5.100649e-11
3.319000e-01,-4.300752e-11
3.320000e-01,-1.370215e-10
3.321000e-01,1.792439e-12
3.322000e-01,-9.222158e-11
3.323000e-01,4.659240e-11
3.324000e-01,-4.742161e-11
3.325000e-01,-1.414356e-10
3.326000e-01,-2.621653e-12
3.327000e-01,-9.663567e-11
3.328000e-01,4.217831e-11
3.329000e-01,-5.183571e-11
3.330000e-01,-1.458497e-10
3.331000e-01,-7.035746e-12
3.332000e-01,-1.010498e-10
3.333000e-01,3.776422e-11
3.334000e-01,-5.624980e-11
3.335000e-01,8.256418e-11
3.336000e-01,-1.144984e-11
3.337000e-01,-1.054639e-10
3.338000e-01,3.335012e-11
3.339000e-01,-6.066389e-11
3.340000e-01,-1.546779e-10
3.341000e-01,-2.486919e-10
3.342000e-01,-3.427059e-10
3.343000e-01,2.893603e-11
3.344000e-01,-6.507798e-11
3.345000e-01,-1.590920e-10
3.346000e-01,-2.531060e-10
3.347000e-01,-3.471200e-10
3.348000e-01,2.452194e-11
3.349000e-01,-6.949208e-11
3.350000e-01,-1.635061e-10
3.351000e-01,-2.575201e-10
3.352000e-01,-3.515341e-10
3.353000e-01,2.010785e-11
3.354000e-01,-7.390617e-11
3.355000e-01,-1.679202e-10
3.356000e-01,-2.619342e-10
3.357000e-01,-3.559482e-10
3.358000e-01,1.569375e-11
3.359000e-01,-7.832026e-11
3.360000e-01,-1.723343e-10
3.361000e-01,-2.663483e-10
3.362000e-01,-3.603623e-10
3.363000e-01,1.127966e-11
3.364000e-01,-8.273435e-11
3.365000e-01,-1.767484e-10
3.366000e-01,-2.707624e-10
3.367000e-01,-3.647764e-10
3.368000e-01,6.865568e-12
3.369000e-01,-8.714845e-11
3.370000e-01,-1.811625e-10
3.371000e-01,-2.751765e-10
3.372000e-01,-3.691905e-10
3.373000e-01,2.451475e-12
3.374000e-01,-9.156254e-11
3.375000e-01,-1.855766e-10
3.376000e-01,-2.795906e-10
3.377000e-01,-3.736046e-10
3.378000e-01,-1.962617e-12
3.379000e-01,-9.597663e-11
3.380000e-01,-1.899906e-10
3.381000e-01,-2.840047e-10
3.382000e-01,-3.780187e-10
3.383000e-01,-6.376710e-12
3.384000e-01,-1.003907e-10
3.385000e-01,-1.944047e-10
3.386000e-01,-2.884188e-10
3.387000e-01,8.322321e-11
3.388000e-01,-1.079080e-11
3.389000e-01,-1.048048e-10
3.390000e-01,-1.988188e-10
3.391000e-01,-2.928328e-10
3.392000e-01,7.880912e-11
3.393000e-01,-1.520489e-11
3.394000e-01,-1.092189e-10
3.395000e-01,-2.032329e-10
3.396000e-01,-2.972469e-10
3.397000e-01,7.439503e-11
3.398000e-01,-1.961899e-11
3.399000e-01,-1.136330e-10
3.400000e-01,-2.076470e-10
3.401000e-01,1.639949e-10
3.402000e-01,6.998093e-11
3.403000e-01,-2.403308e-11
3.404000e-01,-1.180471e-10
3.405000e-01,-2.120611e-10
3.406000e-01,1.595809e-10
3.407000e-01,6.556684e-11
3.408000e-01,-2.844717e-11
3.409000e-01,-1.224612e-10
3.410000e-01,-2.164752e-10
3.411000e-01,1.551668e-10
3.412000e-01,6.115275e-11
3.413000e-01,-3.286126e-11
3.414000e-01,-1.268753e-10
3.415000e-01,-2.208893e-10
3.416000e-01,1.507527e-10
3.417000e-01,5.673866e-11
3.418000e-01,-3.727536e-11
3.419000e-01,-1.312894e-10
3.420000e-01,2.403526e-10
3.421000e-01,1.463386e-10
3.422000e-01,5.232456e-11
3.423000e-01,-4.168945e-11
3.424000e-01,-1.357035e-10
3.425000e-01,2.359385e-10
3.426000e-01,1.419245e-10
3.427000e-01,4.791047e-11
3.428000e-01,-4.610354e-11
3.429000e-01,-1.401176e-10
3.430000e-01,2.315244e-10
3.431000e-01,1.375104e-10
3.432000e-01,4.349638e-11
3.433000e-01,-5.051763e-11
3.434000e-01,3.211243e-10
3.435000e-01,2.271103e-10
3.436000e-01,1.330963e-10
3.437000e-01,3.908229e-11
3.438000e-01,-5.493173e-11
3.439000e-01,3.167102e-10
3.440000e-01,2.226962e-10
3.441000e-01,1.286822e-10
3.442000e-01,3.466819e-11
3.443000e-01,-5.934582e-11
3.444000e-01,3.122961e-10
3.445000e-01,2.182821e-10
3.446000e-01,1.242681e-10
3.447000e-01,3.025410e-11
3.448000e-01,-6.375991e-11
3.449000e-01,3.078821e-10
3.450000e-01,2.138680e-10
3.451000e-01,1.198540e-10
3.452000e-01,2.584001e-11
3.453000e-01,-6.817400e-11
3.454000e-01,3.034680e-10
3.455000e-01,2.094539e-10
3.456000e-01,1.154399e-10
3.457000e-01,2.142592e-11
3.458000e-01,-7.258810e-11
3.459000e-01,2.990539e-10
3.460000e-01,2.050399e-10
3.461000e-01,1.110258e-10
3.462000e-01,1.701182e-11
3.463000e-01,-7.700219e-11
3.464000e-01,2.946398e-10
3.465000e-01,2.006258e-10
3.466000e-01,1.066117e-10
3.467000e-01,1.259773e-11
3.468000e-01,-8.141628e-11
3.469000e-01,2.902257e-10
3.470000e-01,1.962117e-10
3.471000e-01,1.021977e-10
3.472000e-01,8.183640e-12
3.473000e-01,-8.583037e-11
3.474000e-01,2.858116e-10
3.475000e-01,1.917976e-10
3.476000e-01,9.778356e-11
3.477000e-01,3.769547e-12
3.478000e-01,-9.024447e-11
3.479000e-01,2.813975e-10
3.480000e-01,1.873835e-10
3.481000e-01,9.336947e-11
3.482000e-01,-6.445451e-13
3.483000e-01,-9.465856e-11
3.484000e-01,2.769834e-10
3.485000e-01,1.829694e-10
3.486000e-01,8.895538e-11
3.487000e-01,-5.058638e-12
3.488000e-01,-9.907265e-11
3.489000e-01,2.725693e-10
3.490000e-01,1.785553e-10
3.491000e-01,8.454128e-11
3.492000e-01,-9.472730e-12
3.493000e-01,-1.034867e-10
3.494000e-01,2.681552e-10
3.495000e-01,1.741412e-10
3.496000e-01,8.012719e-11
3.497000e-01,-1.388682e-11
3.498000e-01,-1.079008e-10
3.499000e-01,2.637411e-10
3.500000e-01,1.697271e-10
3.501000e-01,7.571310e-11
3.502000e-01,-1.830092e-11
3.503000e-01,-1.123149e-10
3.504000e-01,-2.063289e-10
3.505000e-01,1.653130e-10
3.506000e-01,7.129901e-11
3.507000e-01,-2.271501e-11
3.508000e-01,-1.167290e-10
3.509000e-01,-2.107430e-10
3.510000e-01,1.608989e-10
3.511000e-01,6.688491e-11
3.512000e-01,-2.712910e-11
3.513000e-01,-1.211431e-10
3.514000e-01,-2.151571e-10
3.515000e-01,1.564848e-10
3.516000e-01,6.247082e-11
3.517000e-01,-3.154319e-11
3.518000e-01,-1.255572e-10
3.519000e-01,-2.195712e-10
3.520000e-01,1.520707e-10
3.521000e-01,5.805673e-11
3.522000e-01,-3.595728e-11
3.523000e-01,-1.299713e-10
3.524000e-01,-2.239853e-10
3.525000e-01,1.476567e-10
3.526000e-01,5.364264e-11
3.527000e-01,-4.037138e-11
3.528000e-01,-1.343854e-10
3.529000e-01,-2.283994e-10
3.530000e-01,1.432426e-10
3.531000e-01,4.922854e-11
3.532000e-01,-4.478547e-11
3.533000e-01,-1.387995e-10
3.534000e-01,-2.328135e-10
3.535000e-01,1.388285e-10
3.536000e-01,4.481445e-11
3.537000e-01,-4.919956e-11
3.538000e-01,-1.432136e-10
3.539000e-01,-2.372276e-10
3.540000e-01,1.344144e-10
3.541000e-01,4.040036e-11
3.542000e-01,-5.361365e-11
3.543000e-01,-1.476277e-10
3.544000e-01,-2.416417e-10
3.545000e-01,1.300003e-10
3.546000e-01,3.598627e-11
3.547000e-01,-5.802775e-11
3.548000e-01,-1.520418e-10
3.549000e-01,-2.460558e-10
3.550000e-01,1.255862e-10
3.551000e-01,3.157217e-11
3.552000e-01,-6.244184e-11
3.553000e-01,-1.564559e-10
3.554000e-01,-2.504699e-10
3.555000e-01,1.211721e-10
3.556000e-01,2.715808e-11
3.557000e-01,-6.685593e-11
3.558000e-01,-1.608699e-10
3.559000e-01,-2.548840e-10
3.560000e-01,1.167580e-10
3.561000e-01,2.274399e-11
3.562000e-01,-7.127002e-11
3.563000e-01,-1.652840e-10
3.564000e-01,-2.592981e-10
3.565000e-01,1.123439e-10
3.566000e-01,1.832990e-11
3.567000e-01,-7.568412e-11
3.568000e-01,-1.696981e-10
3.569000e-01,-2.637121e-10
3.570000e-01,1.079298e-10
3.571000e-01,1.391580e-11
3.572000e-01,-8.009821e-11
3.573000e-01,-1.741122e-10
3.574000e-01,-2.681262e-10
3.575000e-01,1.035157e-10
3.576000e-01,9.501712e-12
3.577000e-01,-8.451230e-11
3.578000e-01,-1.785263e-10
3.579000e-01,-2.725403e-10
3.580000e-01,9.910163e-11
3.581000e-01,5.087620e-12
3.582000e-01,-8.892639e-11
3.583000e-01,-1.829404e-10
3.584000e-01,-2.769544e-10
3.585000e-01,9.468754e-11
3.586000e-01,6.735271e-13
3.587000e-01,-9.334049e-11
3.588000e-01,-1.873545e-10
3.589000e-01,-2.813685e-10
3.590000e-01,9.027345e-11
3.591000e-01,-3.740565e-12
3.592000e-01,-9.775458e-11
3.593000e-01,-1.917686e-10
3.594000e-01,-2.857826e-10
3.595000e-01,8.585936e-11
3.596000e-01,-8.154658e-12
3.597000e-01,-1.021687e-10
3.598000e-01,-1.961827e-10
3.599000e-01,-2.901967e-10
3.600000e-01,8.144526e-11
3.601000e-01,-1.256875e-11
3.602000e-01,-1.065828e-10
3.603000e-01,-2.005968e-10
3.604000e-01,-2.946108e-10
3.605000e-01,7.703117e-11
3.606000e-01,-1.698284e-11
3.607000e-01,-1.109969e-10
3.608000e-01,-2.050109e-10
3.609000e-01,-2.990249e-10
3.610000e-01,7.261708e-11
3.611000e-01,-2.139694e-11
3.612000e-01,-1.154109e-10
3.613000e-01,-2.094250e-10
3.614000e-01,-3.034390e-10
3.615000e-01,6.820299e-11
3.616000e-01,-2.581103e-11
3.617000e-01,-1.198250e-10
3.618000e-01,-2.138391e-10
3.619000e-01,-3.078531e-10
3.620000e-01,6.378889e-11
3.621000e-01,-3.022512e-11
3.622000e-01,-1.242391e-10
3.623000e-01,-2.182531e-10
3.624000e-01,-3.122672e-10
3.625000e-01,5.937480e-11
3.626000e-01,-3.463921e-11
3.627000e-01,-1.286532e-10
3.628000e-01,-2.226672e-10
3.629000e-01,-3.166813e-10
3.630000e-01,5.496071e-11
3.631000e-01,-3.905331e-11
3.632000e-01,-1.330673e-10
3.633000e-01,-2.270813e-10
3.634000e-01,-3.210953e-10
3.635000e-01,-4.151094e-10
3.636000e-01,-4.346740e-11
3.637000e-01,-1.374814e-10
3.638000e-01,-2.314954e-10
3.639000e-01,-3.255094e-10
3.640000e-01,-4.195235e-10
3.641000e-01,-4.788149e-11
3.642000e-01,-1.418955e-10
3.643000e-01,-2.359095e-10
3.644000e-01,-3.299235e-10
3.645000e-01,-4.239375e-10
3.646000e-01,-5.229558e-11
3.647000e-01,-1.463096e-10
3.648000e-01,-2.403236e-10
3.649000e-01,-3.343376e-10
3.650000e-01,-4.283516e-10
3.651000e-01,-5.670968e-11
3.652000e-01,-1.507237e-10
3.653000e-01,-2.447377e-10
3.654000e-01,-3.387517e-10
3.655000e-01,-4.327657e-10
3.656000e-01,-6.112377e-11
3.657000e-01,-1.551378e-10
3.658000e-01,-2.491518e-10
3.659000e-01,-3.431658e-10
3.660000e-01,-4.371798e-10
3.661000e-01,-6.553786e-11
3.662000e-01,-1.595519e-10
3.663000e-01,-2.535659e-10
3.664000e-01,-3.475799e-10
3.665000e-01,-4.415939e-10
3.666000e-01,-6.995195e-11
3.667000e-01,-1.639660e-10
3.668000e-01,-2.579800e-10
3.669000e-01,-3.519940e-10
3.670000e-01,1.964797e-11
3.671000e-01,-7.436605e-11
3.672000e-01,-1.683801e-10
3.673000e-01,-2.623941e-10
3.674000e-01,-3.564081e-10
3.675000e-01,1.523388e-11
3.676000e-01,-7.878014e-11
3.677000e-01,-1.727942e-10
3.678000e-01,-2.668082e-10
3.679000e-01,-3.608222e-10
3.680000e-01,1.081978e-11
3.681000e-01,-8.319423e-11
3.682000e-01,-1.772082e-10
3.683000e-01,-2.712223e-10
3.684000e-01,1.004197e-10
3.685000e-01,6.405692e-12
3.686000e-01,-8.760832e-11
3.687000e-01,-1.816223e-10
3.688000e-01,-2.756364e-10
3.689000e-01,9.600561e-11
3.690000e-01,1.991599e-12
3.691000e-01,-9.202242e-11
3.692000e-01,-1.860364e-10
3.693000e-01,-2.800504e-10
3.694000e-01,9.159152e-11
3.695000e-01,-2.422493e-12
3.696000e-01,-9.643651e-11
3.697000e-01,-1.904505e-10
3.698000e-01,-2.844645e-10
3.699000e-01,8.717743e-11
3.700000e-01,-6.836586e-12
3.701000e-01,-1.008506e-10
3.702000e-01,-1.948646e-10
3.703000e-01,1.767774e-10
3.704000e-01,8.276334e-11
3.705000e-01,-1.125068e-11
3.706000e-01,-1.052647e-10
3.707000e-01,-1.992787e-10
3.708000e-01,1.723633e-10
3.709000e-01,7.834924e-11
3.710000e-01,-1.566477e-11
3.711000e-01,-1.096788e-10
3.712000e-01,-2.036928e-10
3.713000e-01,1.679492e-10
3.714000e-01,7.393515e-11
3.715000e-01,-2.007886e-11
3.716000e-01,-1.140929e-10
3.717000e-01,2.575491e-10
3.718000e-01,1.635351e-10
3.719000e-01,6.952106e-11
3.720000e-01,-2.449296e-11
3.721000e-01,-1.185070e-10
3.722000e-01,2.531350e-10
3.723000e-01,1.591210e-10
3.724000e-01,6.510697e-11
3.725000e-01,-2.890705e-11
3.726000e-01,-1.229211e-10
3.727000e-01,2.487209e-10
3.728000e-01,1.547069e-10
3.729000e-01,6.069287e-11
3.730000e-01,-3.332114e-11
3.731000e-01,-1.273352e-10
3.732000e-01,2.443068e-10
3.733000e-01,1.502928e-10
3.734000e-01,5.627878e-11
3.735000e-01,-3.773523e-11
3.736000e-01,3.339067e-10
3.737000e-01,2.398927e-10
3.738000e-01,1.458787e-10
3.739000e-01,5.186469e-11
3.740000e-01,-4.214933e-11
3.741000e-01,3.294926e-10
3.742000e-01,2.354786e-10
3.743000e-01,1.414646e-10
3.744000e-01,4.745060e-11
3.745000e-01,-4.656342e-11
3.746000e-01,3.250785e-10
3.747000e-01,2.310645e-10
3.748000e-01,1.370505e-10
3.749000e-01,4.303650e-11
3.750000e-01,-5.097751e-11
3.751000e-01,3.206645e-10
3.752000e-01,2.266504e-10
3.753000e-01,1.326364e-10
3.754000e-01,3.862241e-11
3.755000e-01,-5.539160e-11
3.756000e-01,3.162504e-10
3.757000e-01,2.222363e-10
3.758000e-01,1.282223e-10
3.759000e-01,3.420832e-11
3.760000e-01,-5.980570e-11
3.761000e-01,3.118363e-10
3.762000e-01,2.178223e-10
3.763000e-01,1.238082e-10
3.764000e-01,2.979423e-11
3.765000e-01,-6.421979e-11
3.766000e-01,-1.582338e-10
3.767000e-01,2.134082e-10
3.768000e-01,1.193941e-10
3.769000e-01,2.538013e-11
3.770000e-01,-6.863388e-11
3.771000e-01,-1.626479e-10
3.772000e-01,2.089941e-10
3.773000e-01,1.149801e-10
3.774000e-01,2.096604e-11
3.775000e-01,-7.304797e-11
3.776000e-01,-1.670620e-10
3.777000e-01,2.045800e-10
3.778000e-01,1.105660e-10
3.779000e-01,1.655195e-11
3.780000e-01,-7.746207e-11
3.781000e-01,-1.714761e-10
3.782000e-01,2.001659e-10
3.783000e-01,1.061519e-10
3.784000e-01,1.213786e-11
3.785000e-01,-8.187616e-11
3.786000e-01,-1.758902e-10
3.787000e-01,1.957518e-10
3.788000e-01,1.017378e-10
3.789000e-01,7.723764e-12
3.790000e-01,-8.629025e-11
3.791000e-01,-1.803043e-10
3.792000e-01,1.913377e-10
3.793000e-01,9.732369e-11
3.794000e-01,3.309671e-12
3.795000e-01,-9.070434e-11
3.796000e-01,-1.847184e-10
3.797000e-01,1.869236e-10
3.798000e-01,9.290959e-11
3.799000e-01,-1.104421e-12
3.800000e-01,-9.511844e-11
3.801000e-01,-1.891324e-10
3.802000e-01,1.825095e-10
3.803000e-01,8.849550e-11
3.804000e-01,-5.518514e-12
3.805000e-01,-9.953253e-11
3.806000e-01,-1.935465e-10
3.807000e-01,1.780954e-10
3.808000e-01,8.408141e-11
3.809000e-01,-9.932606e-12
3.810000e-01,-1.039466e-10
3.811000e-01,-1.979606e-10
3.812000e-01,1.736813e-10
3.813000e-01,7.966732e-11
3.814000e-01,-1.434670e-11
3.815000e-01,-1.083607e-10
3.816000e-01,-2.023747e-10
3.817000e-01,1.692672e-10
3.818000e-01,7.525322e-11
3.819000e-01,-1.876079e-11
3.820000e-01,-1.127748e-10
3.821000e-01,-2.067888e-10
3.822000e-01,1.648531e-10
3.823000e-01,7.083913e-11
3.824000e-01,-2.317488e-11
3.825000e-01,-1.171889e-10
3.826000e-01,-2.112029e-10
3.827000e-01,1.604391e-10
3.828000e-01,6.642504e-11
3.829000e-01,-2.758898e-11
3.830000e-01,-1.216030e-10
3.831000e-01,-2.156170e-10
3.832000e-01,1.560250e-10
3.833000e-01,6.201095e-11
3.834000e-01,-3.200307e-11
3.835000e-01,-1.260171e-10
3.836000e-01,-2.200311e-10
3.837000e-01,1.516109e-10
3.838000e-01,5.759685e-11
3.839000e-01,-3.641716e-11
3.840000e-01,-1.304312e-10
3.841000e-01,-2.244452e-10
3.842000e-01,1.471968e-10
3.843000e-01,5.318276e-11
3.844000e-01,-4.083125e-11
3.845000e-01,-1.348453e-10
3.846000e-01,-2.288593e-10
3.847000e-01,1.427827e-10
3.848000e-01,4.876867e-11
3.849000e-01,-4.524535e-11
3.850000e-01,-1.392594e-10
3.851000e-01,-2.332734e-10
3.852000e-01,1.383686e-10
3.853000e-01,4.435458e-11
3.854000e-01,-4.965944e-11
3.855000e-01,-1.436735e-10
3.856000e-01,-2.376875e-10
3.857000e-01,1.339545e-10
3.858000e-01,3.994048e-11
3.859000e-01,-5.407353e-11
3.860000e-01,-1.480875e-10
3.861000e-01,-2.421016e-10
3.862000e-01,1.295404e-10
3.863000e-01,3.552639e-11
3.864000e-01,-5.848762e-11
3.865000e-01,-1.525016e-10
3.866000e-01,-2.465157e-10
3.867000e-01,1.251263e-10
3.868000e-01,3.111230e-11
3.869000e-01,-6.290172e-11
3.870000e-01,-1.569157e-10
3.871000e-01,-2.509297e-10
3.872000e-01,1.207122e-10
3.873000e-01,2.669821e-11
3.874000e-01,-6.731581e-11
3.875000e-01,-1.613298e-10
3.876000e-01,-2.553438e-10
3.877000e-01,1.162981e-10
3.878000e-01,2.228411e-11
3.879000e-01,-7.172990e-11
3.880000e-01,-1.657439e-10
3.881000e-01,-2.597579e-10
3.882000e-01,1.118840e-10
3.883000e-01,1.787002e-11
3.884000e-01,-7.614399e-11
3.885000e-01,-1.701580e-10
3.886000e-01,-2.641720e-10
3.887000e-01,1.074699e-10
3.888000e-01,1.345593e-11
3.889000e-01,-8.055809e-11
3.890000e-01,-1.745721e-10
3.891000e-01,-2.685861e-10
3.892000e-01,1.030559e-10
3.893000e-01,9.041836e-12
3.894000e-01,-8.497218e-11
3.895000e-01,-1.789862e-10
3.896000e-01,-2.730002e-10
3.897000e-01,9.864176e-11
3.898000e-01,4.627743e-12
3.899000e-01,-8.938627e-11
3.900000e-01,-1.834003e-10
3.901000e-01,-2.774143e-10
3.902000e-01,-3.714283e-10
3.903000e-01,2.136509e-13
3.904000e-01,-9.380036e-11
3.905000e-01,-1.878144e-10
3.906000e-01,-2.818284e-10
3.907000e-01,-3.758424e-10
3.908000e-01,-4.200442e-12
3.909000e-01,-9.821446e-11
3.910000e-01,-1.922285e-10
3.911000e-01,-2.862425e-10
3.912000e-01,-3.802565e-10
3.913000e-01,-8.614534e-12
3.914000e-01,-1.026285e-10
3.915000e-01,-1.966426e-10
3.916000e-01,-2.906566e-10
3.917000e-01,-3.846706e-10
3.918000e-01,-1.302863e-11
3.919000e-01,-1.070426e-10
3.920000e-01,-2.010567e-10
3.921000e-01,-2.950707e-10
3.922000e-01,-3.890847e-10
3.923000e-01,-1.744272e-11
3.924000e-01,-1.114567e-10
3.925000e-01,-2.054707e-10
3.926000e-01,-2.994848e-10
3.927000e-01,-3.934988e-10
3.928000e-01,-2.185681e-11
3.929000e-01,-1.158708e-10
3.930000e-01,-2.098848e-10
3.931000e-01,-3.038989e-10
3.932000e-01,-3.979129e-10
3.933000e-01,-2.627090e-11
3.934000e-01,-1.202849e-10
3.935000e-01,-2.142989e-10
3.936000e-01,-3.083129e-10
3.937000e-01,-4.023270e-10
3.938000e-01,-3.068500e-11
3.939000e-01,-1.246990e-10
3.940000e-01,-2.187130e-10
3.941000e-01,-3.127270e-10
3.942000e-01,-4.067411e-10
3.943000e-01,-3.509909e-11
3.944000e-01,-1.291131e-10
3.945000e-01,-2.231271e-10
3.946000e-01,-3.171411e-10
3.947000e-01,-4.111551e-10
3.948000e-01,-3.951318e-11
3.949000e-01,-1.335272e-10
3.950000e-01,-2.275412e-10
3.951000e-01,-3.215552e-10
3.952000e-01,-4.155692e-10
3.953000e-01,-4.392727e-11
3.954000e-01,-1.379413e-10
3.955000e-01,-2.319553e-10
3.956000e-01,-3.259693e-10
3.957000e-01,-4.199833e-10
3.958000e-01,-4.834137e-11
3.959000e-01,-1.423554e-10
3.960000e-01,-2.363694e-10
3.961000e-01,-3.303834e-10
3.962000e-01,-4.243974e-10
3.963000e-01,-5.275546e-11
3.964000e-01,-1.467695e-10
3.965000e-01,-2.407835e-10
3.966000e-01,-3.347975e-10
3.967000e-01,3.684446e-11
3.968000e-01,-5.716955e-11
3.969000e-01,-1.511836e-10
3.970000e-01,-2.451976e-10
3.971000e-01,-3.392116e-10
3.972000e-01,3.243037e-11
3.973000e-01,-6.158364e-11
3.974000e-01,-1.555977e-10
3.975000e-01,-2.496117e-10
3.976000e-01,-3.436257e-10
3.977000e-01,2.801628e-11
3.978000e-01,-6.599774e-11
3.979000e-01,-1.600118e-10
3.980000e-01,-2.540258e-10
3.981000e-01,-3.480398e-10
3.982000e-01,2.360219e-11
3.983000e-01,-7.041183e-11
3.984000e-01,-1.644258e-10
3.985000e-01,-2.584399e-10
3.986000e-01,1.132021e-10
3.987000e-01,1.918809e-11
3.988000e-01,-7.482592e-11
3.989000e-01,-1.688399e-10
3.990000e-01,-2.628540e-10
3.991000e-01,1.087880e-10
3.992000e-01,1.477400e-11
3.993000e-01,-7.924001e-11
3.994000e-01,-1.732540e-10
3.995000e-01,-2.672680e-10
3.996000e-01,1.043739e-10
3.997000e-01,1.035991e-11
3.998000e-01,-8.365411e-11
3.999000e-01,-1.776681e-10
4.000000e-01,-2.716821e-10
4.001000e-01,9.995983e-11
4.002000e-01,5.945816e-12
4.003000e-01,-8.806820e-11
4.004000e-01,-1.820822e-10
4.005000e-01,1.895598e-10
4.006000e-01,9.554574e-11
4.007000e-01,1.531723e-12
4.008000e-01,-9.248229e-11
4.009000e-01,-1.864963e-10
4.010000e-01,1.851457e-10
4.011000e-01,9.113164e-11
4.012000e-01,-2.882369e-12
4.013000e-01,-9.689638e-11
4.014000e-01,-1.909104e-10
4.015000e-01,1.807316e-10
4.016000e-01,8.671755e-11
4.017000e-01,-7.296462e-12
4.018000e-01,-1.013105e-10
4.019000e-01,2.703315e-10
4.020000e-01,1.763175e-10
4.021000e-01,8.230346e-11
4.022000e-01,-1.171055e-11
4.023000e-01,-1.057246e-10
4.024000e-01,2.659174e-10
4.025000e-01,1.719034e-10
4.026000e-01,7.788937e-11
4.027000e-01,-1.612465e-11
4.028000e-01,-1.101387e-10
4.029000e-01,2.615033e-10
4.030000e-01,1.674893e-10
4.031000e-01,7.347527e-11
4.032000e-01,-2.053874e-11
4.033000e-01,-1.145528e-10
4.034000e-01,2.570892e-10
4.035000e-01,1.630752e-10
4.036000e-01,6.906118e-11
4.037000e-01,-2.495283e-11
4.038000e-01,-1.189668e-10
4.039000e-01,2.526751e-10
4.040000e-01,1.586611e-10
4.041000e-01,6.464709e-11
4.042000e-01,-2.936692e-11
4.043000e-01,-1.233809e-10
4.044000e-01,2.482610e-10
4.045000e-01,1.542470e-10
4.046000e-01,6.023300e-11
4.047000e-01,-3.378102e-11
4.048000e-01,-1.277950e-10
4.049000e-01,2.438469e-10
4.050000e-01,1.498329e-10
4.051000e-01,5.581891e-11
4.052000e-01,-3.819511e-11
4.053000e-01,-1.322091e-10
4.054000e-01,2.394328e-10
4.055000e-01,1.454188e-10
4.056000e-01,5.140481e-11
4.057000e-01,-4.260920e-11
4.058000e-01,-1.366232e-10
4.059000e-01,2.350187e-10
4.060000e-01,1.410047e-10
4.061000e-01,4.699072e-11
4.062000e-01,-4.702329e-11
4.063000e-01,-1.410373e-10
4.064000e-01,2.306047e-10
4.065000e-01,1.365906e-10
4.066000e-01,4.257663e-11
4.067000e-01,-5.143739e-11
4.068000e-01,-1.454514e-10
4.069000e-01,2.261906e-10
4.070000e-01,1.321765e-10
4.071000e-01,3.816254e-11
4.072000e-01,-5.585148e-11
4.073000e-01,-1.498655e-10
4.074000e-01,2.217765e-10
4.075000e-01,1.277625e-10
4.076000e-01,3.374844e-11
4.077000e-01,-6.026557e-11
4.078000e-01,-1.542796e-10
4.079000e-01,2.173624e-10
4.080000e-01,1.233484e-10
4.081000e-01,2.933435e-11
4.082000e-01,-6.467966e-11
4.083000e-01,-1.586937e-10
4.084000e-01,2.129483e-10
4.085000e-01,1.189343e-10
4.086000e-01,2.492026e-11
4.087000e-01,-6.909376e-11
4.088000e-01,-1.631078e-10
4.089000e-01,2.085342e-10
4.090000e-01,1.145202e-10
4.091000e-01,2.050617e-11
4.092000e-01,-7.350785e-11
4.093000e-01,-1.675219e-10
4.094000e-01,2.041201e-10
4.095000e-01,1.101061e-10
4.096000e-01,1.609207e-11
4.097000e-01,-7.792194e-11
4.098000e-01,-1.719360e-10
4.099000e-01,1.997060e-10
4.100000e-01,1.056920e-10
4.101000e-01,1.167798e-11
4.102000e-01,-8.233603e-11
4.103000e-01,-1.763500e-10
4.104000e-01,1.952919e-10
4.105000e-01,1.012779e-10
4.106000e-01,7.263888e-12
4.107000e-01,-8.675013e-11
4.108000e-01,-1.807641e-10
4.109000e-01,1.908778e-10
4.110000e-01,9.686381e-11
4.111000e-01,2.849795e-12
4.112000e-01,-9.116422e-11
4.113000e-01,-1.851782e-10
4.114000e-01,1.864637e-10
4.115000e-01,9.244972e-11
4.116000e-01,-1.564297e-12
4.117000e-01,-9.557831e-11
4.118000e-01,-1.895923e-10
4.119000e-01,1.820496e-10
4.120000e-01,8.803562e-11
4.121000e-01,-5.978390e-12
4.122000e-01,-9.999240e-11
4.123000e-01,-1.940064e-10
4.124000e-01,1.776355e-10
4.125000e-01,8.362153e-11
4.126000e-01,-1.039248e-11
4.127000e-01,-1.044065e-10
4.128000e-01,-1.984205e-10
4.129000e-01,1.732215e-10
4.130000e-01,7.920744e-11
4.131000e-01,-1.480657e-11
4.132000e-01,-1.088206e-10
4.133000e-01,-2.028346e-10
4.134000e-01,1.688074e-10
4.135000e-01,7.479335e-11
4.136000e-01,-1.922067e-11
4.137000e-01,-1.132347e-10
4.138000e-01,-2.072487e-10
4.139000e-01,1.643933e-10
4.140000e-01,7.037925e-11
4.141000e-01,-2.363476e-11
4.142000e-01,-1.176488e-10
4.143000e-01,-2.116628e-10
4.144000e-01,1.599792e-10
4.145000e-01,6.596516e-11
4.146000e-01,-2.804885e-11
4.147000e-01,-1.220629e-10
4.148000e-01,-2.160769e-10
4.149000e-01,1.555651e-10
4.150000e-01,6.155107e-11
4.151000e-01,-3.246294e-11
4.152000e-01,-1.264770e-10
4.153000e-01,-2.204910e-10
4.154000e-01,1.511510e-10
4.155000e-01,5.713698e-11
4.156000e-01,-3.687704e-11
4.157000e-01,-1.308911e-10
4.158000e-01,-2.249051e-10
4.159000e-01,1.467369e-10
4.160000e-01,5.272288e-11
4.161000e-01,-4.129113e-11
4.162000e-01,-1.353051e-10
4.163000e-01,-2.293192e-10
4.164000e-01,-3.233332e-10
4.165000e-01,4.830879e-11
4.166000e-01,-4.570522e-11
4.167000e-01,-1.397192e-10
4.168000e-01,-2.337333e-10
4.169000e-01,-3.277473e-10
4.170000e-01,4.389470e-11
4.171000e-01,-5.011931e-11
4.172000e-01,-1.441333e-10
4.173000e-01,-2.381473e-10
4.174000e-01,-3.321614e-10
4.175000e-01,3.948061e-11
4.176000e-01,-5.453341e-11
4.177000e-01,-1.485474e-10
4.178000e-01,-2.425614e-10
4.179000e-01,-3.365755e-10
4.180000e-01,3.506651e-11
4.181000e-01,-5.894750e-11
4.182000e-01,-1.529615e-10
4.183000e-01,-2.469755e-10
4.184000e-01,-3.409895e-10
4.185000e-01,3.065242e-11
4.186000e-01,-6.336159e-11
4.187000e-01,-1.573756e-10
4.188000e-01,-2.513896e-10
4.189000e-01,-3.454036e-10
4.190000e-01,2.623833e-11
4.191000e-01,-6.777568e-11
4.192000e-01,-1.617897e-10
4.193000e-01,-2.558037e-10
4.194000e-01,-3.498177e-10
4.195000e-01,2.182424e-11
4.196000e-01,-7.218978e-11
4.197000e-01,-1.662038e-10
4.198000e-01,-2.602178e-10
4.199000e-01,-3.542318e-10
4.200000e-01,1.741014e-11
4.201000e-01,-7.660387e-11
4.202000e-01,-1.706179e-10
4.203000e-01,-2.646319e-10
4.204000e-01,-3.586459e-10
4.205000e-01,1.299605e-11
4.206000e-01,-8.101796e-11
4.207000e-01,-1.750320e-10
4.208000e-01,-2.690460e-10
4.209000e-01,-3.630600e-10
4.210000e-01,8.581960e-12
4.211000e-01,-8.543205e-11
4.212000e-01,-1.794461e-10
4.213000e-01,-2.734601e-10
4.214000e-01,-3.674741e-10
4.215000e-01,4.167867e-12
4.216000e-01,-8.984615e-11
4.217000e-01,-1.838602e-10
4.218000e-01,-2.778742e-10
4.219000e-01,-3.718882e-10
4.220000e-01,-2.462252e-13
4.221000e-01,-9.426024e-11
4.222000e-01,-1.882743e-10
4.223000e-01,-2.822883e-10
4.224000e-01,-3.763023e-10
4.225000e-01,-4.660318e-12
4.226000e-01,-9.867433e-11
4.227000e-01,-1.926883e-10
4.228000e-01,-2.867024e-10
4.229000e-01,-3.807164e-10
4.230000e-01,-9.074410e-12
4.231000e-01,-1.030884e-10
4.232000e-01,-1.971024e-10
4.233000e-01,-2.911165e-10
4.234000e-01,-3.851305e-10
4.235000e-01,-1.348850e-11
4.236000e-01,-1.075025e-10
4.237000e-01,-2.015165e-10
4.238000e-01,-2.955305e-10
4.239000e-01,-3.895446e-10
4.240000e-01,-1.790260e-11
4.241000e-01,-1.119166e-10
4.242000e-01,-2.059306e-10
4.243000e-01,-2.999446e-10
4.244000e-01,-3.939587e-10
4.245000e-01,-2.231669e-11
4.246000e-01,-1.163307e-10
4.247000e-01,-2.103447e-10
4.248000e-01,-3.043587e-10
4.249000e-01,-3.983727e-10
4.250000e-01,-2.673078e-11
4.251000e-01,-1.207448e-10
4.252000e-01,-2.147588e-10
4.253000e-01,-3.087728e-10
4.254000e-01,-4.027868e-10
4.255000e-01,-3.114487e-11
4.256000e-01,-1.251589e-10
4.257000e-01,-2.191729e-10
4.258000e-01,-3.131869e-10
4.259000e-01,-4.072009e-10
4.260000e-01,-3.555897e-11
4.261000e-01,-1.295730e-10
4.262000e-01,-2.235870e-10
4.263000e-01,-3.176010e-10
4.264000e-01,-4.116150e-10
4.265000e-01,-3.997306e-11
4.266000e-01,-1.339871e-10
4.267000e-01,-2.280011e-10
4.268000e-01,-3.220151e-10
4.269000e-01,4.962686e-11
4.270000e-01,-4.438715e-11
4.271000e-01,-1.384012e-10
4.272000e-01,-2.324152e-10
4.273000e-01,-3.264292e-10
4.274000e-01,4.521277e-11
4.275000e-01,-4.880124e-11
4.276000e-01,-1.428153e-10
4.277000e-01,-2.368293e-10
4.278000e-01,-3.308433e-10
4.279000e-01,4.079868e-11
4.280000e-01,-5.321534e-11
4.281000e-01,-1.472293e-10
4.282000e-01,-2.412434e-10
4.283000e-01,-3.352574e-10
4.284000e-01,3.638459e-11
4.285000e-01,-5.762943e-11
4.286000e-01,-1.516434e-10
4.287000e-01,-2.456575e-10
4.288000e-01,1.259845e-10
4.289000e-01,3.197049e-11
4.290000e-01,-6.204352e-11
4.291000e-01,-1.560575e-10
4.292000e-01,-2.500715e-10
4.293000e-01,1.215704e-10
4.294000e-01,2.755640e-11
4.295000e-01,-6.645761e-11
4.296000e-01,-1.604716e-10
4.297000e-01,-2.544856e-10
4.298000e-01,1.171563e-10
4.299000e-01,2.314231e-11
4.300000e-01,-7.087171e-11
4.301000e-01,-1.648857e-10
4.302000e-01,2.067562e-10
4.303000e-01,1.127422e-10
4.304000e-01,1.872822e-11
4.305000e-01,-7.528580e-11
4.306000e-01,-1.692998e-10
4.307000e-01,2.023422e-10
4.308000e-01,1.083281e-10
4.309000e-01,1.431412e-11
4.310000e-01,-7.969989e-11
4.311000e-01,-1.737139e-10
4.312000e-01,1.979281e-10
4.313000e-01,1.039140e-10
4.314000e-01,9.900032e-12
4.315000e-01,-8.411398e-11
4.316000e-01,-1.781280e-10
4.317000e-01,1.935140e-10
4.318000e-01,9.949995e-11
4.319000e-01,5.485939e-12
4.320000e-01,-8.852808e-11
4.321000e-01,2.831139e-10
4.322000e-01,1.890999e-10
4.323000e-01,9.508586e-11
4.324000e-01,1.071847e-12
4.325000e-01,-9.294217e-11
4.326000e-01,2.786998e-10
4.327000e-01,1.846858e-10
4.328000e-01,9.067177e-11
4.329000e-01,-3.342246e-12
4.330000e-01,-9.735626e-11
4.331000e-01,2.742857e-10
4.332000e-01,1.802717e-10
4.333000e-01,8.625768e-11
4.334000e-01,-7.756338e-12
4.335000e-01,-1.017704e-10
4.336000e-01,2.698716e-10
4.337000e-01,1.758576e-10
4.338000e-01,8.184358e-11
4.339000e-01,-1.217043e-11
4.340000e-01,-1.061844e-10
4.341000e-01,2.654575e-10
4.342000e-01,1.714435e-10
4.343000e-01,7.742949e-11
4.344000e-01,-1.658452e-11
4.345000e-01,-1.105985e-10
4.346000e-01,2.610434e-10
4.347000e-01,1.670294e-10
4.348000e-01,7.301540e-11
4.349000e-01,-2.099862e-11
4.350000e-01,-1.150126e-10
4.351000e-01,2.566293e-10
4.352000e-01,1.626153e-10
4.353000e-01,6.860131e-11
4.354000e-01,-2.541271e-11
4.355000e-01,-1.194267e-10
4.356000e-01,2.522152e-10
4.357000e-01,1.582012e-10
4.358000e-01,6.418721e-11
4.359000e-01,-2.982680e-11
4.360000e-01,-1.238408e-10
4.361000e-01,2.478012e-10
4.362000e-01,1.537871e-10
4.363000e-01,5.977312e-11
4.364000e-01,-3.424089e-11
4.365000e-01,-1.282549e-10
4.366000e-01,2.433871e-10
4.367000e-01,1.493730e-10
4.368000e-01,5.535903e-11
4.369000e-01,-3.865499e-11
4.370000e-01,-1.326690e-10
4.371000e-01,2.389730e-10
4.372000e-01,1.449590e-10
4.373000e-01,5.094494e-11
4.374000e-01,-4.306908e-11
4.375000e-01,-1.370831e-10
4.376000e-01,2.345589e-10
4.377000e-01,1.405449e-10
4.378000e-01,4.653084e-11
4.379000e-01,-4.748317e-11
4.380000e-01,-1.414972e-10
4.381000e-01,2.301448e-10
4.382000e-01,1.361308e-10
4.383000e-01,4.211675e-11
4.384000e-01,-5.189726e-11
4.385000e-01,-1.459113e-10
4.386000e-01,2.257307e-10
4.387000e-01,1.317167e-10
4.388000e-01,3.770266e-11
4.389000e-01,-5.631136e-11
4.390000e-01,-1.503254e-10
4.391000e-01,2.213166e-10
4.392000e-01,1.273026e-10
4.393000e-01,3.328857e-11
4.394000e-01,-6.072545e-11
4.395000e-01,-1.547395e-10
4.396000e-01,2.169025e-10
4.397000e-01,1.228885e-10
4.398000e-01,2.887447e-11
4.399000e-01,-6.513954e-11
4.400000e-01,-1.591536e-10
4.401000e-01,2.124884e-10
4.402000e-01,1.184744e-10
4.403000e-01,2.446038e-11
4.404000e-01,-6.955363e-11
4.405000e-01,-1.635676e-10
4.406000e-01,2.080743e-10
4.407000e-01,1.140603e-10
4.408000e-01,2.004629e-11
4.409000e-01,-7.396773e-11
4.410000e-01,-1.679817e-10
4.411000e-01,2.036602e-10
4.412000e-01,1.096462e-10
4.413000e-01,1.563220e-11
4.414000e-01,-7.838182e-11
4.415000e-01,-1.723958e-10
4.416000e-01,1.992461e-10
4.417000e-01,1.052321e-10
4.418000e-01,1.121810e-11
4.419000e-01,-8.279591e-11
4.420000e-01,-1.768099e-10
4.421000e-01,1.948320e-10
4.422000e-01,1.008180e-10
4.423000e-01,6.804011e-12
4.424000e-01,-8.721000e-11
4.425000e-01,-1.812240e-10
4.426000e-01,1.904179e-10
4.427000e-01,9.640393e-11
4.428000e-01,2.389919e-12
4.429000e-01,-9.162410e-11
4.430000e-01,-1.856381e-10
4.431000e-01,-2.796521e-10
4.432000e-01,9.198984e-11
4.433000e-01,-2.024173e-12
4.434000e-01,-9.603819e-11
4.435000e-01,-1.900522e-10
4.436000e-01,-2.840662e-10
4.437000e-01,8.757575e-11
4.438000e-01,-6.438266e-12
4.439000e-01,-1.004523e-10
4.440000e-01,-1.944663e-10
4.441000e-01,-2.884803e-10
4.442000e-01,8.316166e-11
4.443000e-01,-1.085236e-11
4.444000e-01,-1.048664e-10
4.445000e-01,-1.988804e-10
4.446000e-01,-2.928944e-10
4.447000e-01,7.874756e-11
4.448000e-01,-1.526645e-11
4.449000e-01,-1.092805e-10
4.450000e-01,-2.032945e-10
4.451000e-01,-2.973085e-10
4.452000e-01,7.433347e-11
4.453000e-01,-1.968054e-11
4.454000e-01,-1.136946e-10
4.455000e-01,-2.077086e-10
4.456000e-01,-3.017226e-10
4.457000e-01,6.991938e-11
4.458000e-01,-2.409464e-11
4.459000e-01,-1.181087e-10
4.460000e-01,-2.121227e-10
4.461000e-01,-3.061367e-10
4.462000e-01,6.550529e-11
4.463000e-01,-2.850873e-11
4.464000e-01,-1.225227e-10
4.465000e-01,-2.165368e-10
4.466000e-01,-3.105508e-10
4.467000e-01,6.109119e-11
4.468000e-01,-3.292282e-11
4.469000e-01,-1.269368e-10
4.470000e-01,-2.209508e-10
4.471000e-01,-3.149649e-10
4.472000e-01,5.667710e-11
4.473000e-01,-3.733691e-11
4.474000e-01,-1.313509e-10
4.475000e-01,-2.253649e-10
4.476000e-01,-3.193790e-10
4.477000e-01,5.226301e-11
4.478000e-01,-4.175101e-11
4.479000e-01,-1.357650e-10
4.480000e-01,-2.297790e-10
4.481000e-01,-3.237930e-10
4.482000e-01,4.784892e-11
4.483000e-01,-4.616510e-11
4.484000e-01,-1.401791e-10
4.485000e-01,-2.341931e-10
4.486000e-01,-3.282071e-10
4.487000e-01,4.343482e-11
4.488000e-01,-5.057919e-11
4.489000e-01,-1.445932e-10
4.490000e-01,-2.386072e-10
4.491000e-01,-3.326212e-10
4.492000e-01,3.902073e-11
4.493000e-01,-5.499328e-11
4.494000e-01,-1.490073e-10
4.495000e-01,-2.430213e-10
4.496000e-01,-3.370353e-10
4.497000e-01,3.460664e-11
4.498000e-01,-5.940738e-11
4.499000e-01,-1.534214e-10
4.500000e-01,-2.474354e-10
4.501000e-01,-3.414494e-10
4.502000e-01,3.019255e-11
4.503000e-01,-6.382147e-11
4.504000e-01,-1.578355e-10
4.505000e-01,-2.518495e-10
4.506000e-01,-3.458635e-10
4.507000e-01,2.577845e-11
4.508000e-01,-6.823556e-11
4.509000e-01,-1.622496e-10
4.510000e-01,-2.562636e-10
4.511000e-01,-3.502776e-10
4.512000e-01,2.136436e-11
4.513000e-01,-7.264965e-11
4.514000e-01,-1.666637e-10
4.515000e-01,-2.606777e-10
4.516000e-01,-3.546917e-10
4.517000e-01,1.695027e-11
4.518000e-01,-7.706375e-11
4.519000e-01,-1.710778e-10
4.520000e-01,-2.650918e-10
4.521000e-01,-3.591058e-10
4.522000e-01,1.253618e-11
4.523000e-01,-8.147784e-11
4.524000e-01,-1.754919e-10
4.525000e-01,-2.695059e-10
4.526000e-01,-3.635199e-10
4.527000e-01,8.122084e-12
4.528000e-01,-8.589193e-11
4.529000e-01,-1.799059e-10
4.530000e-01,-2.739200e-10
4.531000e-01,-3.679340e-10
4.532000e-01,3.707991e-12
4.533000e-01,-9.030602e-11
4.534000e-01,-1.843200e-10
4.535000e-01,-2.783341e-10
4.536000e-01,-3.723481e-10
4.537000e-01,-7.061014e-13
4.538000e-01,-9.472012e-11
4.539000e-01,-1.887341e-10
4.540000e-01,-2.827481e-10
4.541000e-01,-3.767622e-10
4.542000e-01,-5.120194e-12
4.543000e-01,-9.913421e-11
4.544000e-01,-1.931482e-10
4.545000e-01,-2.871622e-10
4.546000e-01,-3.811763e-10
4.547000e-01,-9.534286e-12
4.548000e-01,-1.035483e-10
4.549000e-01,-1.975623e-10
4.550000e-01,-2.915763e-10
4.551000e-01,-3.855903e-10
4.552000e-01,-1.394838e-11
4.553000e-01,-1.079624e-10
4.554000e-01,-2.019764e-10
4.555000e-01,-2.959904e-10
4.556000e-01,-3.900044e-10
4.557000e-01,-1.836247e-11
4.558000e-01,-1.123765e-10
4.559000e-01,-2.063905e-10
4.560000e-01,-3.004045e-10
4.561000e-01,-3.944185e-10
4.562000e-01,-2.277656e-11
4.563000e-01,-1.167906e-10
4.564000e-01,-2.108046e-10
4.565000e-01,-3.048186e-10
4.566000e-01,-3.988326e-10
4.567000e-01,-2.719066e-11
4.568000e-01,-1.212047e-10
4.569000e-01,-2.152187e-10
4.570000e-01,-3.092327e-10
4.571000e-01,6.240927e-11
4.572000e-01,-3.160475e-11
4.573000e-01,-1.256188e-10
4.574000e-01,-2.196328e-10
4.575000e-01,-3.136468e-10
4.576000e-01,5.799517e-11
4.577000e-01,-3.601884e-11
4.578000e-01,-1.300329e-10
4.579000e-01,-2.240469e-10
4.580000e-01,-3.180609e-10
4.581000e-01,5.358108e-11
4.582000e-01,-4.043293e-11
4.583000e-01,-1.344469e-10
4.584000e-01,-2.284610e-10
4.585000e-01,1.431810e-10
4.586000e-01,4.916699e-11
4.587000e-01,-4.484703e-11
4.588000e-01,-1.388610e-10
4.589000e-01,-2.328751e-10
4.590000e-01,1.387669e-10
4.591000e-01,4.475290e-11
4.592000e-01,-4.926112e-11
4.593000e-01,-1.432751e-10
4.594000e-01,-2.372891e-10
4.595000e-01,1.343528e-10
4.596000e-01,4.033880e-11
4.597000e-01,-5.367521e-11
4.598000e-01,-1.476892e-10
4.599000e-01,-2.417032e-10
4.600000e-01,1.299387e-10
4.601000e-01,3.592471e-11
4.602000e-01,-5.808930e-11
4.603000e-01,-1.521033e-10
4.604000e-01,2.195386e-10
4.605000e-01,1.255246e-10
4.606000e-01,3.151062e-11
4.607000e-01,-6.250340e-11
4.608000e-01,-1.565174e-10
4.609000e-01,2.151246e-10
4.610000e-01,1.211105e-10
4.611000e-01,2.709653e-11
4.612000e-01,-6.691749e-11
4.613000e-01,-1.609315e-10
4.614000e-01,2.107105e-10
4.615000e-01,1.166964e-10
4.616000e-01,2.268243e-11
4.617000e-01,-7.133158e-11
4.618000e-01,3.003104e-10
4.619000e-01,2.062964e-10
4.620000e-01,1.122824e-10
4.621000e-01,1.826834e-11
4.622000e-01,-7.574567e-11
4.623000e-01,2.958963e-10
4.624000e-01,2.018823e-10
4.625000e-01,1.078683e-10
4.626000e-01,1.385425e-11
4.627000e-01,-8.015977e-11
4.628000e-01,2.914822e-10
4.629000e-01,1.974682e-10
4.630000e-01,1.034542e-10
4.631000e-01,9.440156e-12
4.632000e-01,-8.457386e-11
4.633000e-01,2.870681e-10
4.634000e-01,1.930541e-10
4.635000e-01,9.904008e-11
4.636000e-01,5.026063e-12
4.637000e-01,-8.898795e-11
4.638000e-01,2.826540e-10
4.639000e-01,1.886400e-10
4.640000e-01,9.462599e-11
4.641000e-01,6.119707e-13
4.642000e-01,-9.340204e-11
4.643000e-01,2.782399e-10
4.644000e-01,1.842259e-10
4.645000e-01,9.021189e-11
4.646000e-01,-3.802122e-12
4.647000e-01,-9.781614e-11
4.648000e-01,2.738258e-10
4.649000e-01,1.798118e-10
4.650000e-01,8.579780e-11
4.651000e-01,-8.216214e-12
4.652000e-01,-1.022302e-10
4.653000e-01,2.694117e-10
4.654000e-01,1.753977e-10
4.655000e-01,8.138371e-11
4.656000e-01,-1.263031e-11
4.657000e-01,-1.066443e-10
4.658000e-01,2.649976e-10
4.659000e-01,1.709836e-10
4.660000e-01,7.696962e-11
4.661000e-01,-1.704440e-11
4.662000e-01,-1.110584e-10
4.663000e-01,2.605836e-10
4.664000e-01,1.665695e-10
4.665000e-01,7.255552e-11
4.666000e-01,-2.145849e-11
4.667000e-01,-1.154725e-10
4.668000e-01,2.561695e-10
4.669000e-01,1.621554e-10
4.670000e-01,6.814143e-11
4.671000e-01,-2.587258e-11
4.672000e-01,-1.198866e-10
4.673000e-01,2.517554e-10
4.674000e-01,1.577414e-10
4.675000e-01,6.372734e-11
4.676000e-01,-3.028668e-11
4.677000e-01,-1.243007e-10
4.678000e-01,2.473413e-10
4.679000e-01,1.533273e-10
4.680000e-01,5.931325e-11
4.681000e-01,-3.470077e-11
4.682000e-01,-1.287148e-10
4.683000e-01,2.429272e-10
4.684000e-01,1.489132e-10
4.685000e-01,5.489915e-11
4.686000e-01,-3.911486e-11
4.687000e-01,-1.331289e-10
4.688000e-01,2.385131e-10
4.689000e-01,1.444991e-10
4.690000e-01,5.048506e-11
4.691000e-01,-4.352895e-11
4.692000e-01,-1.375430e-10
4.693000e-01,-2.315570e-10
4.694000e-01,1.400850e-10
4.695000e-01,4.607097e-11
4.696000e-01,-4.794305e-11
4.697000e-01,-1.419571e-10
4.698000e-01,-2.359711e-10
4.699000e-01,1.356709e-10
4.700000e-01,4.165688e-11
4.701000e-01,-5.235714e-11
4.702000e-01,-1.463712e-10
4.703000e-01,-2.403852e-10
4.704000e-01,1.312568e-10
4.705000e-01,3.724278e-11
4.706000e-01,-5.677123e-11
4.707000e-01,-1.507852e-10
4.708000e-01,-2.447993e-10
4.709000e-01,1.268427e-10
4.710000e-01,3.282869e-11
4.711000e-01,-6.118532e-11
4.712000e-01,-1.551993e-10
4.713000e-01,-2.492134e-10
4.714000e-01,1.224286e-10
4.715000e-01,2.841460e-11
4.716000e-01,-6.559942e-11
4.717000e-01,-1.596134e-10
4.718000e-01,-2.536274e-10
4.719000e-01,1.180145e-10
4.720000e-01,2.400051e-11
4.721000e-01,-7.001351e-11
4.722000e-01,-1.640275e-10
4.723000e-01,-2.580415e-10
4.724000e-01,1.136004e-10
4.725000e-01,1.958641e-11
4.726000e-01,-7.442760e-11
4.727000e-01,-1.684416e-10
4.728000e-01,-2.624556e-10
4.729000e-01,1.091863e-10
4.730000e-01,1.517232e-11
4.731000e-01,-7.884169e-11
4.732000e-01,-1.728557e-10
4.733000e-01,-2.668697e-10
4.734000e-01,1.047722e-10
4.735000e-01,1.075823e-11
4.736000e-01,-8.325579e-11
4.737000e-01,-1.772698e-10
4.738000e-01,-2.712838e-10
4.739000e-01,1.003581e-10
4.740000e-01,6.344135e-12
4.741000e-01,-8.766988e-11
4.742000e-01,-1.816839e-10
4.743000e-01,-2.756979e-10
4.744000e-01,9.594406e-11
4.745000e-01,1.930043e-12
4.746000e-01,-9.208397e-11
4.747000e-01,-1.860980e-10
4.748000e-01,-2.801120e-10
4.749000e-01,9.152996e-11
4.750000e-01,-2.484050e-12
4.751000e-01,-9.649806e-11
4.752000e-01,-1.905121e-10
4.753000e-01,-2.845261e-10
4.754000e-01,8.711587e-11
4.755000e-01,-6.898142e-12
4.756000e-01,-1.009122e-10
4.757000e-01,-1.949262e-10
4.758000e-01,-2.889402e-10
4.759000e-01,8.270178e-11
4.760000e-01,-1.131223e-11
4.761000e-01,-1.053262e-10
4.762000e-01,-1.993403e-10
4.763000e-01,-2.933543e-10
4.764000e-01,7.828769e-11
4.765000e-01,-1.572633e-11
4.766000e-01,-1.097403e-10
4.767000e-01,-2.037544e-10
4.768000e-01,-2.977684e-10
4.769000e-01,7.387359e-11
4.770000e-01,-2.014042e-11
4.771000e-01,-1.141544e-10
4.772000e-01,-2.081684e-10
4.773000e-01,-3.021825e-10
4.774000e-01,6.945950e-11
4.775000e-01,-2.455451e-11
4.776000e-01,-1.185685e-10
4.777000e-01,-2.125825e-10
4.778000e-01,-3.065966e-10
4.779000e-01,6.504541e-11
4.780000e-01,-2.896860e-11
4.781000e-01,-1.229826e-10
4.782000e-01,-2.169966e-10
4.783000e-01,-3.110106e-10
4.784000e-01,6.063132e-11
4.785000e-01,-3.338270e-11
4.786000e-01,-1.273967e-10
4.787000e-01,-2.214107e-10
4.788000e-01,-3.154247e-10
4.789000e-01,5.621722e-11
4.790000e-01,-3.779679e-11
4.791000e-01,-1.318108e-10
4.792000e-01,-2.258248e-10
4.793000e-01,-3.198388e-10
4.794000e-01,5.180313e-11
4.795000e-01,-4.221088e-11
4.796000e-01,-1.362249e-10
4.797000e-01,-2.302389e-10
4.798000e-01,-3.242529e-10
4.799000e-01,4.738904e-11
4.800000e-01,-4.662497e-11
4.801000e-01,-1.406390e-10
4.802000e-01,-2.346530e-10
4.803000e-01,-3.286670e-10
4.804000e-01,4.297495e-11
4.805000e-01,-5.103907e-11
4.806000e-01,-1.450531e-10
4.807000e-01,-2.390671e-10
4.808000e-01,-3.330811e-10
4.809000e-01,3.856085e-11
4.810000e-01,-5.545316e-11
4.811000e-01,-1.494672e-10
4.812000e-01,-2.434812e-10
4.813000e-01,-3.374952e-10
4.814000e-01,3.414676e-11
4.815000e-01,-5.986725e-11
4.816000e-01,-1.538813e-10
4.817000e-01,-2.478953e-10
4.818000e-01,-3.419093e-10
4.819000e-01,2.973267e-11
4.820000e-01,-6.428134e-11
4.821000e-01,-1.582954e-10
4.822000e-01,-2.523094e-10
4.823000e-01,-3.463234e-10
4.824000e-01,-4.403374e-10
4.825000e-01,-6.869544e-11
4.826000e-01,-1.627095e-10
4.827000e-01,-2.567235e-10
4.828000e-01,-3.507375e-10
4.829000e-01,-4.447515e-10
4.830000e-01,-7.310953e-11
4.831000e-01,-1.671235e-10
4.832000e-01,-2.611376e-10
4.833000e-01,-3.551516e-10
4.834000e-01,-4.491656e-10
4.835000e-01,-7.752362e-11
4.836000e-01,-1.715376e-10
4.837000e-01,-2.655517e-10
4.838000e-01,-3.595657e-10
4.839000e-01,-4.535797e-10
4.840000e-01,-8.193771e-11
4.841000e-01,-1.759517e-10
4.842000e-01,-2.699657e-10
4.843000e-01,-3.639798e-10
4.844000e-01,-4.579938e-10
4.845000e-01,-8.635181e-11
4.846000e-01,-1.803658e-10
4.847000e-01,-2.743798e-10
4.848000e-01,-3.683939e-10
4.849000e-01,-4.624079e-10
4.850000e-01,-9.076590e-11
4.851000e-01,-1.847799e-10
4.852000e-01,-2.787939e-10
4.853000e-01,-3.728079e-10
4.854000e-01,-1.165978e-12
4.855000e-01,-9.517999e-11
4.856000e-01,-1.891940e-10
4.857000e-01,-2.832080e-10
4.858000e-01,-3.772220e-10
4.859000e-01,-5.580070e-12
4.860000e-01,-9.959408e-11
4.861000e-01,-1.936081e-10
4.862000e-01,-2.876221e-10
4.863000e-01,-3.816361e-10
4.864000e-01,-9.994162e-12
4.865000e-01,-1.040082e-10
4.866000e-01,-1.980222e-10
4.867000e-01,-2.920362e-10
4.868000e-01,7.960576e-11
4.869000e-01,-1.440825e-11
4.870000e-01,-1.084223e-10
4.871000e-01,-2.024363e-10
4.872000e-01,-2.964503e-10
4.873000e-01,7.519167e-11
4.874000e-01,-1.882235e-11
4.875000e-01,-1.128364e-10
4.876000e-01,-2.068504e-10
4.877000e-01,-3.008644e-10
4.878000e-01,7.077757e-11
4.879000e-01,-2.323644e-11
4.880000e-01,-1.172505e-10
4.881000e-01,-2.112645e-10
4.882000e-01,-3.052785e-10
4.883000e-01,6.636348e-11
4.884000e-01,-2.765053e-11
4.885000e-01,-1.216645e-10
4.886000e-01,-2.156786e-10
4.887000e-01,1.559634e-10
4.888000e-01,6.194939e-11
4.889000e-01,-3.206462e-11
4.890000e-01,-1.260786e-10
4.891000e-01,-2.200927e-10
4.892000e-01,1.515493e-10
4.893000e-01,5.753530e-11
4.894000e-01,-3.647872e-11
4.895000e-01,-1.304927e-10
4.896000e-01,-2.245067e-10
4.897000e-01,1.471352e-10
4.898000e-01,5.312120e-11
4.899000e-01,-4.089281e-11
4.900000e-01,-1.349068e-10
4.901000e-01,2.367351e-10
4.902000e-01,1.427211e-10
4.903000e-01,4.870711e-11
4.904000e-01,-4.530690e-11
4.905000e-01,-1.393209e-10
4.906000e-01,2.323210e-10
4.907000e-01,1.383070e-10
4.908000e-01,4.429302e-11
4.909000e-01,-4.972099e-11
4.910000e-01,-1.437350e-10
4.911000e-01,2.279070e-10
4.912000e-01,1.338929e-10
4.913000e-01,3.987893e-11
4.914000e-01,-5.413509e-11
4.915000e-01,-1.481491e-10
4.916000e-01,2.234929e-10
4.917000e-01,1.294788e-10
4.918000e-01,3.546483e-11
4.919000e-01,-5.854918e-11
4.920000e-01,3.130928e-10
4.921000e-01,2.190788e-10
4.922000e-01,1.250648e-10
4.923000e-01,3.105074e-11
4.924000e-01,-6.296327e-11
4.925000e-01,3.086787e-10
4.926000e-01,2.146647e-10
4.927000e-01,1.206507e-10
4.928000e-01,2.663665e-11
4.929000e-01,-6.737736e-11
4.930000e-01,3.042646e-10
4.931000e-01,2.102506e-10
4.932000e-01,1.162366e-10
4.933000e-01,2.222256e-11
4.934000e-01,-7.179146e-11
4.935000e-01,2.998505e-10
4.936000e-01,2.058365e-10
4.937000e-01,1.118225e-10
4.938000e-01,1.780846e-11
4.939000e-01,-7.620555e-11
4.940000e-01,2.954364e-10
4.941000e-01,2.014224e-10
4.942000e-01,1.074084e-10
4.943000e-01,1.339437e-11
4.944000e-01,-8.061964e-11
4.945000e-01,2.910223e-10
4.946000e-01,1.970083e-10
4.947000e-01,1.029943e-10
4.948000e-01,8.980280e-12
4.949000e-01,-8.503373e-11
4.950000e-01,2.866082e-10
4.951000e-01,1.925942e-10
4.952000e-01,9.858020e-11
4.953000e-01,4.566187e-12
4.954000e-01,-8.944783e-11
4.955000e-01,-1.834618e-10
4.956000e-01,1.881801e-10
4.957000e-01,9.416611e-11
4.958000e-01,1.520946e-13
4.959000e-01,-9.386192e-11
4.960000e-01,-1.878759e-10
4.961000e-01,1.837660e-10
4.962000e-01,8.975202e-11
4.963000e-01,-4.261998e-12
4.964000e-01,-9.827601e-11
4.965000e-01,-1.922900e-10
4.966000e-01,1.793519e-10
4.967000e-01,8.533792e-11
4.968000e-01,-8.676090e-12
4.969000e-01,-1.026901e-10
4.970000e-01,-1.967041e-10
4.971000e-01,1.749378e-10
4.972000e-01,8.092383e-11
4.973000e-01,-1.309018e-11
4.974000e-01,-1.071042e-10
4.975000e-01,-2.011182e-10
4.976000e-01,1.705238e-10
4.977000e-01,7.650974e-11
4.978000e-01,-1.750428e-11
4.979000e-01,-1.115183e-10
4.980000e-01,-2.055323e-10
4.981000e-01,1.661097e-10
4.982000e-01,7.209565e-11
4.983000e-01,-2.191837e-11
4.984000e-01,-1.159324e-10
4.985000e-01,-2.099464e-10
4.986000e-01,1.616956e-10
4.987000e-01,6.768155e-11
4.988000e-01,-2.633246e-11
4.989000e-01,-1.203465e-10
4.990000e-01,-2.143605e-10
4.991000e-01,1.572815e-10
4.992000e-01,6.326746e-11
4.993000e-01,-3.074655e-11
4.994000e-01,-1.247606e-10
4.995000e-01,-2.187746e-10
4.996000e-01,1.528674e-10
4.997000e-01,5.885337e-11
4.998000e-01,-3.516065e-11
4.999000e-01,-1.291747e-10
5.000000e-01,-2.231887e-10
5.001000e-01,-3.172027e-10
5.002000e-01,-4.112167e-10
5.003000e-01,4.260812e-10
5.004000e-01,3.320672e-10
5.005000e-01,2.380532e-10
5.006000e-01,1.440392e-10
5.007000e-01,5.002518e-11
5.008000e-01,-4.398883e-11
5.009000e-01,-1.380028e-10
5.010000e-01,-2.320169e-10
5.011000e-01,-3.260309e-10
5.012000e-01,-4.200449e-10
5.013000e-01,4.172531e-10
5.014000e-01,3.232390e-10
5.015000e-01,2.292250e-10
5.016000e-01,1.352110e-10
5.017000e-01,4.119700e-11
5.018000e-01,-5.281702e-11
5.019000e-01,-1.468310e-10
5.020000e-01,-2.408450e-10
5.021000e-01,-3.348591e-10
5.022000e-01,-4.288731e-10
5.023000e-01,-5.228871e-10
5.024000e-01,3.144109e-10
5.025000e-01,2.203968e-10
5.026000e-01,1.263828e-10
5.027000e-01,3.236881e-11
5.028000e-01,-6.164520e-11
5.029000e-01,-1.556592e-10
5.030000e-01,-2.496732e-10
5.031000e-01,-3.436872e-10
5.032000e-01,-4.377013e-10
5.033000e-01,-5.317153e-10
5.034000e-01,3.055827e-10
5.035000e-01,2.115687e-10
5.036000e-01,1.175546e-10
5.037000e-01,2.354063e-11
5.038000e-01,-7.047339e-11
5.039000e-01,-1.644874e-10
5.040000e-01,-2.585014e-10
5.041000e-01,-3.525154e-10
5.042000e-01,-4.465294e-10
5.043000e-01,-5.405435e-10
5.044000e-01,2.967545e-10
5.045000e-01,2.027405e-10
5.046000e-01,1.087265e-10
5.047000e-01,1.471244e-11
5.048000e-01,-7.930157e-11
5.049000e-01,-1.733156e-10
5.050000e-01,-2.673296e-10
5.051000e-01,-3.613436e-10
5.052000e-01,-4.553576e-10
5.053000e-01,-5.493716e-10
5.054000e-01,2.879263e-10
5.055000e-01,1.939123e-10
5.056000e-01,9.989827e-11
5.057000e-01,5.884259e-12
5.058000e-01,-8.812976e-11
5.059000e-01,-1.821438e-10
5.060000e-01,-2.761578e-10
5.061000e-01,-3.701718e-10
5.062000e-01,-4.641858e-10
5.063000e-01,-5.581998e-10
5.064000e-01,2.790981e-10
5.065000e-01,1.850841e-10
5.066000e-01,9.107009e-11
5.067000e-01,-2.943926e-12
5.068000e-01,-9.695794e-11
5.069000e-01,-1.909720e-10
5.070000e-01,-2.849860e-10
5.071000e-01,-3.790000e-10
5.072000e-01,-4.730140e-10
5.073000e-01,-5.670280e-10
5.074000e-01,2.702699e-10
5.075000e-01,1.762559e-10
5.076000e-01,8.224190e-11
5.077000e-01,-1.177211e-11
5.078000e-01,-1.057861e-10
5.079000e-01,-1.998001e-10
5.080000e-01,-2.938142e-10
5.081000e-01,-3.878282e-10
5.082000e-01,-4.818422e-10
5.083000e-01,-5.758562e-10
5.084000e-01,2.614417e-10
5.085000e-01,1.674277e-10
5.086000e-01,7.341372e-11
5.087000e-01,-2.060030e-11
5.088000e-01,-1.146143e-10
5.089000e-01,-2.086283e-10
5.090000e-01,-3.026423e-10
5.091000e-01,-3.966564e-10
5.092000e-01,-4.906704e-10
5.093000e-01,-5.846844e-10
5.094000e-01,2.526136e-10
5.095000e-01,1.585995e-10
5.096000e-01,6.458553e-11
5.097000e-01,-2.942848e-11
5.098000e-01,-1.234425e-10
5.099000e-01,-2.174565e-10
5.100000e-01,-3.114705e-10
5.101000e-01,-4.054845e-10
5.102000e-01,-4.994986e-10
5.103000e-01,-5.935126e-10
5.104000e-01,2.437854e-10
5.105000e-01,1.497714e-10
5.106000e-01,5.575735e-11
5.107000e-01,-3.825667e-11
5.108000e-01,-1.322707e-10
5.109000e-01,-2.262847e-10
5.110000e-01,-3.202987e-10
5.111000e-01,-4.143127e-10
5.112000e-01,-5.083267e-10
5.113000e-01,-6.023408e-10
5.114000e-01,2.349572e-10
5.115000e-01,1.409432e-10
5.116000e-01,4.692916e-11
5.117000e-01,-4.708485e-11
5.118000e-01,-1.410989e-10
5.119000e-01,-2.351129e-10
5.120000e-01,-3.291269e-10
5.121000e-01,-4.231409e-10
5.122000e-01,-5.171549e-10
5.123000e-01,-1.455130e-10
5.124000e-01,2.261290e-10
5.125000e-01,1.321150e-10
5.126000e-01,3.810098e-11
5.127000e-01,-5.591304e-11
5.128000e-01,-1.499271e-10
5.129000e-01,-2.439411e-10
5.130000e-01,-3.379551e-10
5.131000e-01,-4.319691e-10
5.132000e-01,-5.259831e-10
5.133000e-01,-1.543411e-10
5.134000e-01,2.173008e-10
5.135000e-01,1.232868e-10
5.136000e-01,2.927279e-11
5.137000e-01,-6.474122e-11
5.138000e-01,-1.587552e-10
5.139000e-01,-2.527692e-10
5.140000e-01,-3.467833e-10
5.141000e-01,-4.407973e-10
5.142000e-01,-6.915531e-11
5.143000e-01,-1.631693e-10
5.144000e-01,2.084726e-10
5.145000e-01,1.144586e-10
5.146000e-01,2.044461e-11
5.147000e-01,-7.356941e-11
5.148000e-01,-1.675834e-10
5.149000e-01,-2.615974e-10
5.150000e-01,-3.556114e-10
5.151000e-01,1.603052e-11
5.152000e-01,-7.798350e-11
5.153000e-01,-1.719975e-10
5.154000e-01,-2.660115e-10
5.155000e-01,1.056304e-10
5.156000e-01,1.161642e-11
5.157000e-01,-8.239759e-11
5.158000e-01,-1.764116e-10
5.159000e-01,-2.704256e-10
5.160000e-01,-3.644396e-10
5.161000e-01,7.202331e-12
5.162000e-01,-8.681168e-11
5.163000e-01,-1.808257e-10
5.164000e-01,-2.748397e-10
5.165000e-01,9.680225e-11
5.166000e-01,2.788239e-12
5.167000e-01,-9.122578e-11
5.168000e-01,-1.852398e-10
5.169000e-01,-2.792538e-10
5.170000e-01,9.238816e-11
5.171000e-01,-1.625854e-12
5.172000e-01,-9.563987e-11
5.173000e-01,-1.896539e-10
5.174000e-01,-2.836679e-10
5.175000e-01,8.797407e-11
5.176000e-01,-6.039946e-12
5.177000e-01,-1.000540e-10
5.178000e-01,-1.940680e-10
5.179000e-01,-2.880820e-10
5.180000e-01,8.355998e-11
5.181000e-01,-1.045404e-11
5.182000e-01,-1.044681e-10
5.183000e-01,-1.984821e-10
5.184000e-01,-2.924961e-10
5.185000e-01,7.914588e-11
5.186000e-01,-1.486813e-11
5.187000e-01,-1.088821e-10
5.188000e-01,-2.028962e-10
5.189000e-01,1.687458e-10
5.190000e-01,7.473179e-11
5.191000e-01,-1.928222e-11
5.192000e-01,-1.132962e-10
5.193000e-01,-2.073103e-10
5.194000e-01,-3.013243e-10
5.195000e-01,7.031770e-11
5.196000e-01,-2.369632e-11
5.197000e-01,-1.177103e-10
5.198000e-01,-2.117243e-10
5.199000e-01,1.599176e-10
5.200000e-01,6.590361e-11
5.201000e-01,-2.811041e-11
5.202000e-01,-1.221244e-10
5.203000e-01,-2.161384e-10
5.204000e-01,-3.101525e-10
5.205000e-01,6.148951e-11
5.206000e-01,-3.252450e-11
5.207000e-01,-1.265385e-10
5.208000e-01,2.451034e-10
5.209000e-01,1.510894e-10
5.210000e-01,5.707542e-11
5.211000e-01,-3.693859e-11
5.212000e-01,-1.309526e-10
5.213000e-01,-2.249666e-10
5.214000e-01,-3.189806e-10
5.215000e-01,5.266133e-11
5.216000e-01,-4.135269e-11
5.217000e-01,3.302893e-10
5.218000e-01,2.362753e-10
5.219000e-01,1.422613e-10
5.220000e-01,4.824724e-11
5.221000e-01,-4.576678e-11
5.222000e-01,-1.397808e-10
5.223000e-01,-2.337948e-10
5.224000e-01,-3.278088e-10
5.225000e-01,4.383314e-11
5.226000e-01,-5.018087e-11
5.227000e-01,3.214611e-10
5.228000e-01,2.274471e-10
5.229000e-01,1.334331e-10
5.230000e-01,3.941905e-11
5.231000e-01,-5.459496e-11
5.232000e-01,-1.486090e-10
5.233000e-01,-2.426230e-10
5.234000e-01,-3.366370e-10
5.235000e-01,3.500496e-11
5.236000e-01,4.066469e-10
5.237000e-01,3.126329e-10
5.238000e-01,2.186189e-10
5.239000e-01,1.246049e-10
5.240000e-01,3.059087e-11
5.241000e-01,-6.342315e-11
5.242000e-01,-1.574372e-10
5.243000e-01,-2.514512e-10
5.244000e-01,-3.454652e-10
5.245000e-01,2.617677e-11
5.246000e-01,3.978187e-10
5.247000e-01,3.038047e-10
5.248000e-01,2.097907e-10
5.249000e-01,1.157767e-10
5.250000e-01,2.176268e-11
5.251000e-01,-7.225133e-11
5.252000e-01,-1.662653e-10
5.253000e-01,-2.602794e-10
5.254000e-01,-3.542934e-10
5.255000e-01,4.830046e-10
5.256000e-01,3.889906e-10
5.257000e-01,2.949765e-10
5.258000e-01,2.009625e-10
5.259000e-01,1.069485e-10
5.260000e-01,1.293450e-11
5.261000e-01,-8.107952e-11
5.262000e-01,-1.750935e-10
5.263000e-01,-2.691075e-10
5.264000e-01,-3.631216e-10
5.265000e-01,4.741764e-10
5.266000e-01,3.801624e-10
5.267000e-01,2.861484e-10
5.268000e-01,1.921343e-10
5.269000e-01,9.812033e-11
5.270000e-01,4.106311e-12
5.271000e-01,-8.990770e-11
5.272000e-01,-1.839217e-10
5.273000e-01,-2.779357e-10
5.274000e-01,-3.719497e-10
5.275000e-01,4.653482e-10
5.276000e-01,3.713342e-10
5.277000e-01,2.773202e-10
5.278000e-01,1.833062e-10
5.279000e-01,8.929214e-11
5.280000e-01,-4.721874e-12
5.281000e-01,-9.873589e-11
5.282000e-01,-1.927499e-10
5.283000e-01,-2.867639e-10
5.284000e-01,-3.807779e-10
5.285000e-01,4.565200e-10
5.286000e-01,3.625060e-10
5.287000e-01,2.684920e-10
5.288000e-01,1.744780e-10
5.289000e-01,8.046396e-11
5.290000e-01,-1.355006e-11
5.291000e-01,-1.075641e-10
5.292000e-01,-2.015781e-10
5.293000e-01,-2.955921e-10
5.294000e-01,-3.896061e-10
5.295000e-01,-4.836201e-10
5.296000e-01,3.536778e-10
5.297000e-01,2.596638e-10
5.298000e-01,1.656498e-10
5.299000e-01,7.163577e-11
5.300000e-01,-2.237824e-11
5.301000e-01,-1.163923e-10
5.302000e-01,-2.104063e-10
5.303000e-01,-3.044203e-10
5.304000e-01,-3.984343e-10
5.305000e-01,-4.924483e-10
5.306000e-01,3.448496e-10
5.307000e-01,2.508356e-10
5.308000e-01,1.568216e-10
5.309000e-01,6.280759e-11
5.310000e-01,-3.120643e-11
5.311000e-01,-1.252204e-10
5.312000e-01,-2.192345e-10
5.313000e-01,-3.132485e-10
5.314000e-01,-4.072625e-10
5.315000e-01,-5.012765e-10
5.316000e-01,3.360214e-10
5.317000e-01,2.420074e-10
5.318000e-01,1.479934e-10
5.319000e-01,5.397940e-11
5.320000e-01,-4.003461e-11
5.321000e-01,-1.340486e-10
5.322000e-01,-2.280626e-10
5.323000e-01,-3.220767e-10
5.324000e-01,-4.160907e-10
5.325000e-01,-5.101047e-10
5.326000e-01,3.271933e-10
5.327000e-01,2.331792e-10
5.328000e-01,1.391652e-10
5.329000e-01,4.515122e-11
5.330000e-01,-4.886280e-11
5.331000e-01,-1.428768e-10
5.332000e-01,-2.368908e-10
5.333000e-01,-3.309048e-10
5.334000e-01,-4.249189e-10
5.335000e-01,-5.189329e-10
5.336000e-01,3.183651e-10
5.337000e-01,2.243511e-10
5.338000e-01,1.303370e-10
5.339000e-01,3.632303e-11
5.340000e-01,-5.769098e-11
5.341000e-01,-1.517050e-10
5.342000e-01,-2.457190e-10
5.343000e-01,-3.397330e-10
5.344000e-01,-4.337470e-10
5.345000e-01,-5.277611e-10
5.346000e-01,3.095369e-10
5.347000e-01,2.155229e-10
5.348000e-01,1.215089e-10
5.349000e-01,2.749485e-11
5.350000e-01,-6.651917e-11
5.351000e-01,-1.605332e-10
5.352000e-01,-2.545472e-10
5.353000e-01,-3.485612e-10
5.354000e-01,-4.425752e-10
5.355000e-01,-5.365892e-10
5.356000e-01,3.007087e-10
5.357000e-01,2.066947e-10
5.358000e-01,1.126807e-10
5.359000e-01,1.866666e-11
5.360000e-01,-7.534735e-11
5.361000e-01,-1.693614e-10
5.362000e-01,-2.633754e-10
5.363000e-01,-3.573894e-10
5.364000e-01,-4.514034e-10
5.365000e-01,-5.454174e-10
5.366000e-01,2.918805e-10
5.367000e-01,1.978665e-10
5.368000e-01,1.038525e-10
5.369000e-01,9.838476e-12
5.370000e-01,-8.417554e-11
5.371000e-01,-1.781896e-10
5.372000e-01,-2.722036e-10
5.373000e-01,-3.662176e-10
5.374000e-01,-4.602316e-10
5.375000e-01,-5.542456e-10
5.376000e-01,2.830523e-10
5.377000e-01,1.890383e-10
5.378000e-01,9.502430e-11
5.379000e-01,1.010291e-12
5.380000e-01,-9.300372e-11
5.381000e-01,-1.870177e-10
5.382000e-01,-2.810318e-10
5.383000e-01,-3.750458e-10
5.384000e-01,-4.690598e-10
5.385000e-01,-5.630738e-10
5.386000e-01,2.742241e-10
5.387000e-01,1.802101e-10
5.388000e-01,8.619612e-11
5.389000e-01,-7.817894e-12
5.390000e-01,-1.018319e-10
5.391000e-01,-1.958459e-10
5.392000e-01,-2.898599e-10
5.393000e-01,-3.838740e-10
5.394000e-01,-4.778880e-10
5.395000e-01,-5.719020e-10
5.396000e-01,2.653960e-10
5.397000e-01,1.713819e-10
5.398000e-01,7.736794e-11
5.399000e-01,-1.664608e-11
5.400000e-01,-1.106601e-10
5.401000e-01,-2.046741e-10
5.402000e-01,-2.986881e-10
5.403000e-01,-3.927021e-10
5.404000e-01,-4.867162e-10
5.405000e-01,-5.807302e-10
5.406000e-01,2.565678e-10
5.407000e-01,1.625538e-10
5.408000e-01,6.853975e-11
5.409000e-01,-2.547426e-11
5.410000e-01,-1.194883e-10
5.411000e-01,-2.135023e-10
5.412000e-01,-3.075163e-10
5.413000e-01,-4.015303e-10
5.414000e-01,-4.955443e-10
5.415000e-01,-5.895584e-10
5.416000e-01,2.477396e-10
5.417000e-01,1.537256e-10
5.418000e-01,5.971157e-11
5.419000e-01,-3.430245e-11
5.420000e-01,-1.283165e-10
5.421000e-01,-2.223305e-10
5.422000e-01,-3.163445e-10
5.423000e-01,-4.103585e-10
5.424000e-01,-5.043725e-10
5.425000e-01,-1.327306e-10
5.426000e-01,-2.267446e-10
5.427000e-01,1.448974e-10
5.428000e-01,5.088338e-11
5.429000e-01,-4.313063e-11
5.430000e-01,-1.371446e-10
5.431000e-01,-2.311587e-10
5.432000e-01,-3.251727e-10
5.433000e-01,-4.191867e-10
5.434000e-01,-4.754473e-11
5.435000e-01,-1.415587e-10
5.436000e-01,-2.355728e-10
5.437000e-01,1.360692e-10
5.438000e-01,4.205520e-11
5.439000e-01,-5.195882e-11
5.440000e-01,-1.459728e-10
5.441000e-01,-2.399868e-10
5.442000e-01,-3.340009e-10
5.443000e-01,-4.280149e-10
5.444000e-01,-5.637291e-11
5.445000e-01,-1.503869e-10
5.446000e-01,-2.444009e-10
5.447000e-01,1.272410e-10
5.448000e-01,3.322701e-11
5.449000e-01,-6.078700e-11
5.450000e-01,-1.548010e-10
5.451000e-01,-2.488150e-10
5.452000e-01,-3.428290e-10
5.453000e-01,2.881292e-11
5.454000e-01,-6.520110e-11
5.455000e-01,-1.592151e-10
5.456000e-01,-2.532291e-10
5.457000e-01,1.184128e-10
5.458000e-01,2.439883e-11
5.459000e-01,-6.961519e-11
5.460000e-01,-1.636292e-10
5.461000e-01,-2.576432e-10
5.462000e-01,-3.516572e-10
5.463000e-01,1.998473e-11
5.464000e-01,-7.402928e-11
5.465000e-01,-1.680433e-10
5.466000e-01,-2.620573e-10
5.467000e-01,1.095847e-10
5.468000e-01,1.557064e-11
5.469000e-01,-7.844337e-11
5.470000e-01,-1.724574e-10
5.471000e-01,-2.664714e-10
5.472000e-01,1.051706e-10
5.473000e-01,1.115655e-11
5.474000e-01,-8.285747e-11
5.475000e-01,-1.768715e-10
5.476000e-01,-2.708855e-10
5.477000e-01,1.007565e-10
5.478000e-01,6.742455e-12
5.479000e-01,-8.727156e-11
5.480000e-01,-1.812856e-10
5.481000e-01,-2.752996e-10
5.482000e-01,9.634238e-11
5.483000e-01,2.328363e-12
5.484000e-01,-9.168565e-11
5.485000e-01,-1.856997e-10
5.486000e-01,-2.797137e-10
5.487000e-01,9.192828e-11
5.488000e-01,-2.085730e-12
5.489000e-01,-9.609974e-11
5.490000e-01,-1.901138e-10
5.491000e-01,1.815282e-10
5.492000e-01,8.751419e-11
5.493000e-01,-6.499822e-12
5.494000e-01,-1.005138e-10
5.495000e-01,-1.945279e-10
5.496000e-01,-2.885419e-10
5.497000e-01,8.310010e-11
5.498000e-01,-1.091391e-11
5.499000e-01,-1.049279e-10
5.500000e-01,-1.989419e-10
5.501000e-01,1.727000e-10
5.502000e-01,7.868601e-11
5.503000e-01,-1.532801e-11
5.504000e-01,-1.093420e-10
5.505000e-01,-2.033560e-10
5.506000e-01,-2.973701e-10
5.507000e-01,7.427191e-11
5.508000e-01,-1.974210e-11
5.509000e-01,-1.137561e-10
5.510000e-01,2.578859e-10
5.511000e-01,1.638718e-10
5.512000e-01,6.985782e-11
5.513000e-01,-2.415619e-11
5.514000e-01,-1.181702e-10
5.515000e-01,-2.121842e-10
5.516000e-01,-3.061982e-10
5.517000e-01,6.544373e-11
5.518000e-01,-2.857028e-11
5.519000e-01,3.430717e-10
5.520000e-01,2.490577e-10
5.521000e-01,1.550437e-10
5.522000e-01,6.102964e-11
5.523000e-01,-3.298438e-11
5.524000e-01,-1.269984e-10
5.525000e-01,-2.210124e-10
5.526000e-01,-3.150264e-10
5.527000e-01,5.661554e-11
5.528000e-01,-3.739847e-11
5.529000e-01,3.342435e-10
5.530000e-01,2.402295e-10
5.531000e-01,1.462155e-10
5.532000e-01,5.220145e-11
5.533000e-01,-4.181256e-11
5.534000e-01,-1.358266e-10
5.535000e-01,-2.298406e-10
5.536000e-01,-3.238546e-10
5.537000e-01,4.778736e-11
5.538000e-01,4.194293e-10
5.539000e-01,3.254153e-10
5.540000e-01,2.314013e-10
5.541000e-01,1.373873e-10
5.542000e-01,4.337327e-11
5.543000e-01,-5.064075e-11
5.544000e-01,-1.446548e-10
5.545000e-01,-2.386688e-10
5.546000e-01,-3.326828e-10
5.547000e-01,3.895917e-11
5.548000e-01,4.106011e-10
5.549000e-01,3.165871e-10
5.550000e-01,2.225731e-10
5.551000e-01,1.285591e-10
5.552000e-01,3.454508e-11
5.553000e-01,-5.946893e-11
5.554000e-01,-1.534829e-10
5.555000e-01,-2.474970e-10
5.556000e-01,-3.415110e-10
5.557000e-01,-4.355250e-10
5.558000e-01,4.017730e-10
5.559000e-01,3.077589e-10
5.560000e-01,2.137449e-10
5.561000e-01,1.197309e-10
5.562000e-01,2.571690e-11
5.563000e-01,-6.829712e-11
5.564000e-01,-1.623111e-10
5.565000e-01,-2.563251e-10
5.566000e-01,-3.503392e-10
5.567000e-01,-4.443532e-10
5.568000e-01,3.929448e-10
5.569000e-01,2.989308e-10
5.570000e-01,2.049167e-10
5.571000e-01,1.109027e-10
5.572000e-01,1.688871e-11
5.573000e-01,-7.712530e-11
5.574000e-01,-1.711393e-10
5.575000e-01,-2.651533e-10
5.576000e-01,-3.591673e-10
5.577000e-01,-4.531814e-10
5.578000e-01,3.841166e-10
5.579000e-01,2.901026e-10
5.580000e-01,1.960886e-10
5.581000e-01,1.020745e-10
5.582000e-01,8.060527e-12
5.583000e-01,-8.595349e-11
5.584000e-01,-1.799675e-10
5.585000e-01,-2.739815e-10
5.586000e-01,-3.679955e-10
5.587000e-01,-4.620095e-10
5.588000e-01,3.752884e-10
5.589000e-01,2.812744e-10
5.590000e-01,1.872604e-10
5.591000e-01,9.324636e-11
5.592000e-01,-7.676577e-13
5.593000e-01,-9.478167e-11
5.594000e-01,-1.887957e-10
5.595000e-01,-2.828097e-10
5.596000e-01,-3.768237e-10
5.597000e-01,-4.708377e-10
5.598000e-01,3.664602e-10
5.599000e-01,2.724462e-10
5.600000e-01,1.784322e-10
5.601000e-01,8.441817e-11
5.602000e-01,-9.595843e-12
5.603000e-01,-1.036099e-10
5.604000e-01,-1.976239e-10
5.605000e-01,-2.916379e-10
5.606000e-01,-3.856519e-10
5.607000e-01,-4.796659e-10
5.608000e-01,3.576320e-10
5.609000e-01,2.636180e-10
5.610000e-01,1.696040e-10
5.611000e-01,7.558999e-11
5.612000e-01,-1.842403e-11
5.613000e-01,-1.124380e-10
5.614000e-01,-2.064521e-10
5.615000e-01,-3.004661e-10
5.616000e-01,-3.944801e-10
5.617000e-01,-4.884941e-10
5.618000e-01,3.488038e-10
5.619000e-01,2.547898e-10
5.620000e-01,1.607758e-10
5.621000e-01,6.676180e-11
5.622000e-01,-2.725221e-11
5.623000e-01,-1.212662e-10
5.624000e-01,-2.152802e-10
5.625000e-01,-3.092943e-10
5.626000e-01,-4.033083e-10
5.627000e-01,-4.973223e-10
5.628000e-01,3.399757e-10
5.629000e-01,2.459616e-10
5.630000e-01,1.519476e-10
5.631000e-01,5.793362e-11
5.632000e-01,-3.608040e-11
5.633000e-01,-1.300944e-10
5.634000e-01,-2.241084e-10
5.635000e-01,-3.181224e-10
5.636000e-01,-4.121365e-10
5.637000e-01,-5.061505e-10
5.638000e-01,3.311475e-10
5.639000e-01,2.371335e-10
5.640000e-01,1.431194e-10
5.641000e-01,4.910543e-11
5.642000e-01,-4.490858e-11
5.643000e-01,-1.389226e-10
5.644000e-01,-2.329366e-10
5.645000e-01,-3.269506e-10
5.646000e-01,-4.209646e-10
5.647000e-01,-5.149787e-10
5.648000e-01,3.223193e-10
5.649000e-01,2.283053e-10
5.650000e-01,1.342913e-10
5.651000e-01,4.027725e-11
5.652000e-01,-5.373677e-11
5.653000e-01,-1.477508e-10
5.654000e-01,-2.417648e-10
5.655000e-01,-3.357788e-10
5.656000e-01,-4.297928e-10
5.657000e-01,-5.238068e-10
5.658000e-01,3.134911e-10
5.659000e-01,2.194771e-10
5.660000e-01,1.254631e-10
5.661000e-01,3.144906e-11
5.662000e-01,-6.256495e-11
5.663000e-01,-1.565790e-10
5.664000e-01,-2.505930e-10
5.665000e-01,-3.446070e-10
5.666000e-01,-4.386210e-10
5.667000e-01,-5.326350e-10
5.668000e-01,3.046629e-10
5.669000e-01,2.106489e-10
5.670000e-01,1.166349e-10
5.671000e-01,2.262088e-11
5.672000e-01,-7.139314e-11
5.673000e-01,-1.654072e-10
5.674000e-01,-2.594212e-10
5.675000e-01,-3.534352e-10
5.676000e-01,-4.474492e-10
5.677000e-01,-5.414632e-10
5.678000e-01,2.958347e-10
5.679000e-01,2.018207e-10
5.680000e-01,1.078067e-10
5.681000e-01,1.379269e-11
5.682000e-01,-8.022132e-11
5.683000e-01,-1.742353e-10
5.684000e-01,-2.682494e-10
5.685000e-01,-3.622634e-10
5.686000e-01,-4.562774e-10
5.687000e-01,-5.502914e-10
5.688000e-01,-6.443054e-10
5.689000e-01,1.929925e-10
5.690000e-01,9.897852e-11
5.691000e-01,4.964507e-12
5.692000e-01,-8.904951e-11
5.693000e-01,-1.830635e-10
5.694000e-01,-2.770775e-10
5.695000e-01,-3.710916e-10
5.696000e-01,-4.651056e-10
5.697000e-01,-5.591196e-10
5.698000e-01,-6.531336e-10
5.699000e-01,1.841644e-10
5.700000e-01,9.015034e-11
5.701000e-01,-3.863678e-12
5.702000e-01,-9.787769e-11
5.703000e-01,-1.918917e-10
5.704000e-01,-2.859057e-10
5.705000e-01,-3.799197e-10
5.706000e-01,-4.739338e-10
5.707000e-01,-5.679478e-10
5.708000e-01,-1.963058e-10
5.709000e-01,1.753362e-10
5.710000e-01,8.132215e-11
5.711000e-01,-1.269186e-11
5.712000e-01,-1.067059e-10
5.713000e-01,-2.007199e-10
5.714000e-01,-2.947339e-10
5.715000e-01,-3.887479e-10
5.716000e-01,-4.827619e-10
5.717000e-01,-1.111200e-10
5.718000e-01,-2.051340e-10
5.719000e-01,1.665080e-10
5.720000e-01,7.249397e-11
5.721000e-01,-2.152005e-11
5.722000e-01,-1.155341e-10
5.723000e-01,-2.095481e-10
5.724000e-01,-3.035621e-10
5.725000e-01,-3.975761e-10
5.726000e-01,-4.915901e-10
5.727000e-01,-1.199482e-10
5.728000e-01,-2.139622e-10
5.729000e-01,1.576798e-10
5.730000e-01,6.366578e-11
5.731000e-01,-3.034823e-11
5.732000e-01,-1.243622e-10
5.733000e-01,-2.183763e-10
5.734000e-01,-3.123903e-10
5.735000e-01,-4.064043e-10
5.736000e-01,-3.476233e-11
5.737000e-01,-1.287763e-10
5.738000e-01,-2.227904e-10
5.739000e-01,1.488516e-10
5.740000e-01,5.483760e-11
5.741000e-01,-3.917642e-11
5.742000e-01,-1.331904e-10
5.743000e-01,-2.272044e-10
5.744000e-01,-3.212185e-10
5.745000e-01,-4.152325e-10
5.746000e-01,-4.359051e-11
5.747000e-01,-1.376045e-10
5.748000e-01,-2.316185e-10
5.749000e-01,1.400234e-10
5.750000e-01,4.600941e-11
5.751000e-01,-4.800460e-11
5.752000e-01,-1.420186e-10
5.753000e-01,-2.360326e-10
5.754000e-01,-3.300466e-10
5.755000e-01,4.159532e-11
5.756000e-01,-5.241870e-11
5.757000e-01,-1.464327e-10
5.758000e-01,-2.404467e-10
5.759000e-01,1.311952e-10
5.760000e-01,3.718123e-11
5.761000e-01,-5.683279e-11
5.762000e-01,-1.508468e-10
5.763000e-01,-2.448608e-10
5.764000e-01,-3.388748e-10
5.765000e-01,3.276713e-11
5.766000e-01,-6.124688e-11
5.767000e-01,-1.552609e-10
5.768000e-01,-2.492749e-10
5.769000e-01,1.223671e-10
5.770000e-01,2.835304e-11
5.771000e-01,-6.566097e-11
5.772000e-01,-1.596750e-10
5.773000e-01,-2.536890e-10
5.774000e-01,1.179530e-10
5.775000e-01,2.393895e-11
5.776000e-01,-7.007507e-11
5.777000e-01,-1.640891e-10
5.778000e-01,-2.581031e-10
5.779000e-01,1.135389e-10
5.780000e-01,1.952486e-11
5.781000e-01,-7.448916e-11
5.782000e-01,-1.685032e-10
5.783000e-01,-2.625172e-10
5.784000e-01,1.091248e-10
5.785000e-01,1.511076e-11
5.786000e-01,-7.890325e-11
5.787000e-01,-1.729173e-10
5.788000e-01,-2.669313e-10
5.789000e-01,1.047107e-10
5.790000e-01,1.069667e-11
5.791000e-01,-8.331734e-11
5.792000e-01,-1.773314e-10
5.793000e-01,1.943106e-10
5.794000e-01,1.002966e-10
5.795000e-01,6.282579e-12
5.796000e-01,-8.773144e-11
5.797000e-01,-1.817454e-10
5.798000e-01,-2.757595e-10
5.799000e-01,9.588250e-11
5.800000e-01,1.868487e-12
5.801000e-01,-9.214553e-11
5.802000e-01,2.794964e-10
5.803000e-01,1.854824e-10
5.804000e-01,9.146841e-11
5.805000e-01,-2.545606e-12
5.806000e-01,-9.655962e-11
5.807000e-01,-1.905736e-10
5.808000e-01,-2.845876e-10
5.809000e-01,8.705432e-11
5.810000e-01,-6.959698e-12
5.811000e-01,-1.009737e-10
5.812000e-01,2.706683e-10
5.813000e-01,1.766542e-10
5.814000e-01,8.264022e-11
5.815000e-01,-1.137379e-11
5.816000e-01,-1.053878e-10
5.817000e-01,-1.994018e-10
5.818000e-01,-2.934158e-10
5.819000e-01,-3.874298e-10
5.820000e-01,-1.578788e-11
5.821000e-01,3.558541e-10
5.822000e-01,2.618401e-10
5.823000e-01,1.678261e-10
5.824000e-01,7.381204e-11
5.825000e-01,-2.020198e-11
5.826000e-01,-1.142160e-10
5.827000e-01,-2.082300e-10
5.828000e-01,-3.022440e-10
5.829000e-01,-3.962580e-10
5.830000e-01,-2.461607e-11
5.831000e-01,3.470259e-10
5.832000e-01,2.530119e-10
5.833000e-01,1.589979e-10
5.834000e-01,6.498385e-11
5.835000e-01,-2.903016e-11
5.836000e-01,-1.230442e-10
5.837000e-01,-2.170582e-10
5.838000e-01,-3.110722e-10
5.839000e-01,-4.050862e-10
5.840000e-01,4.322117e-10
5.841000e-01,3.381977e-10
5.842000e-01,2.441837e-10
5.843000e-01,1.501697e-10
5.844000e-01,5.615567e-11
5.845000e-01,-3.785835e-11
5.846000e-01,-1.318724e-10
5.847000e-01,-2.258864e-10
5.848000e-01,-3.199004e-10
5.849000e-01,-4.139144e-10
5.850000e-01,4.233835e-10
5.851000e-01,3.293695e-10
5.852000e-01,2.353555e-10
5.853000e-01,1.413415e-10
5.854000e-01,4.732748e-11
5.855000e-01,-4.668653e-11
5.856000e-01,-1.407005e-10
5.857000e-01,-2.347146e-10
5.858000e-01,-3.287286e-10
5.859000e-01,-4.227426e-10
5.860000e-01,4.145554e-10
5.861000e-01,3.205413e-10
5.862000e-01,2.265273e-10
5.863000e-01,1.325133e-10
5.864000e-01,3.849930e-11
5.865000e-01,-5.551472e-11
5.866000e-01,-1.495287e-10
5.867000e-01,-2.435427e-10
5.868000e-01,-3.375568e-10
5.869000e-01,-4.315708e-10
5.870000e-01,4.057272e-10
5.871000e-01,3.117132e-10
5.872000e-01,2.176991e-10
5.873000e-01,1.236851e-10
5.874000e-01,2.967111e-11
5.875000e-01,-6.434290e-11
5.876000e-01,-1.583569e-10
5.877000e-01,-2.523709e-10
5.878000e-01,-3.463849e-10
5.879000e-01,-4.403990e-10
5.880000e-01,3.968990e-10
5.881000e-01,3.028850e-10
5.882000e-01,2.088710e-10
5.883000e-01,1.148569e-10
5.884000e-01,2.084293e-11
5.885000e-01,-7.317109e-11
5.886000e-01,-1.671851e-10
5.887000e-01,-2.611991e-10
5.888000e-01,-3.552131e-10
5.889000e-01,-4.492271e-10
5.890000e-01,3.880708e-10
5.891000e-01,2.940568e-10
5.892000e-01,2.000428e-10
5.893000e-01,1.060288e-10
5.894000e-01,1.201474e-11
5.895000e-01,-8.199927e-11
5.896000e-01,-1.760133e-10
5.897000e-01,-2.700273e-10
5.898000e-01,-3.640413e-10
5.899000e-01,-4.580553e-10
5.900000e-01,3.792426e-10
5.901000e-01,2.852286e-10
5.902000e-01,1.912146e-10
5.903000e-01,9.720057e-11
5.904000e-01,3.186559e-12
5.905000e-01,-9.082746e-11
5.906000e-01,-1.848415e-10
5.907000e-01,-2.788555e-10
5.908000e-01,-3.728695e-10
5.909000e-01,-4.668835e-10
5.910000e-01,3.704144e-10
5.911000e-01,2.764004e-10
5.912000e-01,1.823864e-10
5.913000e-01,8.837239e-11
5.914000e-01,-5.641626e-12
5.915000e-01,-9.965564e-11
5.916000e-01,-1.936697e-10
5.917000e-01,-2.876837e-10
5.918000e-01,-3.816977e-10
5.919000e-01,-4.757117e-10
5.920000e-01,3.615862e-10
5.921000e-01,2.675722e-10
5.922000e-01,1.735582e-10
5.923000e-01,7.954420e-11
5.924000e-01,-1.446981e-11
5.925000e-01,-1.084838e-10
5.926000e-01,-2.024978e-10
5.927000e-01,-2.965119e-10
5.928000e-01,-3.905259e-10
5.929000e-01,-4.845399e-10
5.930000e-01,3.527581e-10
5.931000e-01,2.587440e-10
5.932000e-01,1.647300e-10
5.933000e-01,7.071602e-11
5.934000e-01,-2.329800e-11
5.935000e-01,-1.173120e-10
5.936000e-01,-2.113260e-10
5.937000e-01,-3.053400e-10
5.938000e-01,-3.993541e-10
5.939000e-01,-4.933681e-10
5.940000e-01,3.439299e-10
5.941000e-01,2.499159e-10
5.942000e-01,1.559018e-10
5.943000e-01,6.188783e-11
5.944000e-01,-3.212618e-11
5.945000e-01,-1.261402e-10
5.946000e-01,-2.201542e-10
5.947000e-01,-3.141682e-10
5.948000e-01,-4.081822e-10
5.949000e-01,-5.021963e-10
5.950000e-01,-5.962103e-10
5.951000e-01,2.410877e-10
5.952000e-01,1.470737e-10
5.953000e-01,5.305965e-11
5.954000e-01,-4.095437e-11
5.955000e-01,-1.349684e-10
5.956000e-01,-2.289824e-10
5.957000e-01,-3.229964e-10
5.958000e-01,-4.170104e-10
5.959000e-01,-5.110244e-10
5.960000e-01,-6.050385e-10
5.961000e-01,2.322595e-10
5.962000e-01,1.382455e-10
5.963000e-01,4.423146e-11
5.964000e-01,-4.978255e-11
5.965000e-01,-1.437966e-10
5.966000e-01,-2.378106e-10
5.967000e-01,-3.318246e-10
5.968000e-01,-4.258386e-10
5.969000e-01,-5.198526e-10
5.970000e-01,-6.138666e-10
5.971000e-01,2.234313e-10
5.972000e-01,1.294173e-10
5.973000e-01,3.540328e-11
5.974000e-01,-5.861074e-11
5.975000e-01,-1.526248e-10
5.976000e-01,-2.466388e-10
5.977000e-01,-3.406528e-10
5.978000e-01,-4.346668e-10
5.979000e-01,-5.286808e-10
5.980000e-01,-6.226948e-10
5.981000e-01,2.146031e-10
5.982000e-01,1.205891e-10
5.983000e-01,2.657509e-11
5.984000e-01,-6.743892e-11
5.985000e-01,-1.614529e-10
5.986000e-01,-2.554669e-10
5.987000e-01,-3.494810e-10
5.988000e-01,-4.434950e-10
5.989000e-01,-5.375090e-10
5.990000e-01,-6.315230e-10
5.991000e-01,2.057749e-10
5.992000e-01,1.117609e-10
5.993000e-01,1.774691e-11
5.994000e-01,-7.626711e-11
5.995000e-01,-1.702811e-10
5.996000e-01,-2.642951e-10
5.997000e-01,-3.583091e-10
5.998000e-01,-4.523232e-10
5.999000e-01,-5.463372e-10
6.000000e-01,-1.746952e-10
6.001000e-01,1.969468e-10
6.002000e-01,1.029327e-10
6.003000e-01,8.918723e-12
6.004000e-01,-8.509529e-11
6.005000e-01,-1.791093e-10
6.006000e-01,-2.731233e-10
6.007000e-01,-3.671373e-10
6.008000e-01,-4.611513e-10
6.009000e-01,-5.551654e-10
6.010000e-01,-1.835234e-10
6.011000e-01,1.881186e-10
6.012000e-01,9.410455e-11
6.013000e-01,9.053830e-14
6.014000e-01,-9.392348e-11
6.015000e-01,-1.879375e-10
6.016000e-01,-2.819515e-10
6.017000e-01,-3.759655e-10
6.018000e-01,-4.699795e-10
6.019000e-01,-9.833757e-11
6.020000e-01,-1.923516e-10
6.021000e-01,1.792904e-10
6.022000e-01,8.527637e-11
6.023000e-01,-8.737647e-12
6.024000e-01,-1.027517e-10
6.025000e-01,-1.967657e-10
6.026000e-01,-2.907797e-10
6.027000e-01,-3.847937e-10
6.028000e-01,-4.788077e-10
6.029000e-01,-1.071658e-10
6.030000e-01,-2.011798e-10
6.031000e-01,1.704622e-10
6.032000e-01,7.644818e-11
6.033000e-01,-1.756583e-11
6.034000e-01,-1.115798e-10
6.035000e-01,-2.055939e-10
6.036000e-01,-2.996079e-10
6.037000e-01,-3.936219e-10
6.038000e-01,-2.197992e-11
6.039000e-01,-1.159939e-10
6.040000e-01,-2.100080e-10
6.041000e-01,1.616340e-10
6.042000e-01,6.762000e-11
6.043000e-01,-2.639402e-11
6.044000e-01,-1.204080e-10
6.045000e-01,-2.144220e-10
6.046000e-01,-3.084361e-10
6.047000e-01,-4.024501e-10
6.048000e-01,-3.080811e-11
6.049000e-01,-1.248221e-10
6.050000e-01,-2.188361e-10
6.051000e-01,1.528058e-10
6.052000e-01,5.879181e-11
6.053000e-01,-3.522220e-11
6.054000e-01,-1.292362e-10
6.055000e-01,-2.232502e-10
6.056000e-01,-3.172642e-10
6.057000e-01,5.437772e-11
6.058000e-01,-3.963629e-11
6.059000e-01,-1.336503e-10
6.060000e-01,-2.276643e-10
6.061000e-01,1.439776e-10
6.062000e-01,4.996363e-11
6.063000e-01,-4.405039e-11
6.064000e-01,-1.380644e-10
6.065000e-01,-2.320784e-10
6.066000e-01,-3.260924e-10
6.067000e-01,4.554954e-11
6.068000e-01,-4.846448e-11
6.069000e-01,-1.424785e-10
6.070000e-01,-2.364925e-10
6.071000e-01,1.351495e-10
6.072000e-01,4.113544e-11
6.073000e-01,-5.287857e-11
6.074000e-01,-1.468926e-10
6.075000e-01,-2.409066e-10
6.076000e-01,1.307354e-10
6.077000e-01,3.672135e-11
6.078000e-01,-5.729266e-11
6.079000e-01,-1.513067e-10
6.080000e-01,-2.453207e-10
6.081000e-01,-3.393347e-10
6.082000e-01,3.230726e-11
6.083000e-01,-6.170676e-11
6.084000e-01,-1.557208e-10
6.085000e-01,2.159212e-10
6.086000e-01,1.219072e-10
6.087000e-01,2.789317e-11
6.088000e-01,-6.612085e-11
6.089000e-01,-1.601349e-10
6.090000e-01,-2.541489e-10
6.091000e-01,-3.481629e-10
6.092000e-01,2.347907e-11
6.093000e-01,-7.053494e-11
6.094000e-01,-1.645490e-10
6.095000e-01,2.070930e-10
6.096000e-01,1.130790e-10
6.097000e-01,1.906498e-11
6.098000e-01,-7.494903e-11
6.099000e-01,-1.689630e-10
6.100000e-01,-2.629771e-10
6.101000e-01,-3.569911e-10
6.102000e-01,1.465089e-11
6.103000e-01,-7.936313e-11
6.104000e-01,2.922788e-10
6.105000e-01,1.982648e-10
6.106000e-01,1.042508e-10
6.107000e-01,1.023680e-11
6.108000e-01,-8.377722e-11
6.109000e-01,-1.777912e-10
6.110000e-01,-2.718052e-10
6.111000e-01,-3.658193e-10
6.112000e-01,5.822703e-12
6.113000e-01,-8.819131e-11
6.114000e-01,2.834507e-10
6.115000e-01,1.894366e-10
6.116000e-01,9.542262e-11
6.117000e-01,1.408610e-12
6.118000e-01,-9.260540e-11
6.119000e-01,-1.866194e-10
6.120000e-01,-2.806334e-10
6.121000e-01,-3.746474e-10
6.122000e-01,-3.005482e-12
6.123000e-01,3.686365e-10
6.124000e-01,2.746225e-10
6.125000e-01,1.806085e-10
6.126000e-01,8.659444e-11
6.127000e-01,-7.419575e-12
6.128000e-01,-1.014336e-10
6.129000e-01,-1.954476e-10
6.130000e-01,-2.894616e-10
6.131000e-01,-3.834756e-10
6.132000e-01,-1.183367e-11
6.133000e-01,3.598083e-10
6.134000e-01,2.657943e-10
6.135000e-01,1.717803e-10
6.136000e-01,7.776625e-11
6.137000e-01,-1.624776e-11
6.138000e-01,-1.102618e-10
6.139000e-01,-2.042758e-10
6.140000e-01,-2.982898e-10
6.141000e-01,-3.923038e-10
6.142000e-01,4.449941e-10
6.143000e-01,3.509801e-10
6.144000e-01,2.569661e-10
6.145000e-01,1.629521e-10
6.146000e-01,6.893807e-11
6.147000e-01,-2.507594e-11
6.148000e-01,-1.190900e-10
6.149000e-01,-2.131040e-10
6.150000e-01,-3.071180e-10
6.151000e-01,-4.011320e-10
6.152000e-01,4.361659e-10
6.153000e-01,3.421519e-10
6.154000e-01,2.481379e-10
6.155000e-01,1.541239e-10
6.156000e-01,6.010988e-11
6.157000e-01,-3.390413e-11
6.158000e-01,-1.279181e-10
6.159000e-01,-2.219322e-10
6.160000e-01,-3.159462e-10
6.161000e-01,-4.099602e-10
6.162000e-01,4.273378e-10
6.163000e-01,3.333237e-10
6.164000e-01,2.393097e-10
6.165000e-01,1.452957e-10
6.166000e-01,5.128170e-11
6.167000e-01,-4.273231e-11
6.168000e-01,-1.367463e-10
6.169000e-01,-2.307603e-10
6.170000e-01,-3.247744e-10
6.171000e-01,-4.187884e-10
6.172000e-01,4.185096e-10
6.173000e-01,3.244956e-10
6.174000e-01,2.304815e-10
6.175000e-01,1.364675e-10
6.176000e-01,4.245351e-11
6.177000e-01,-5.156050e-11
6.178000e-01,-1.455745e-10
6.179000e-01,-2.395885e-10
6.180000e-01,-3.336025e-10
6.181000e-01,-4.276166e-10
6.182000e-01,4.096814e-10
6.183000e-01,3.156674e-10
6.184000e-01,2.216534e-10
6.185000e-01,1.276393e-10
6.186000e-01,3.362533e-11
6.187000e-01,-6.038868e-11
6.188000e-01,-1.544027e-10
6.189000e-01,-2.484167e-10
6.190000e-01,-3.424307e-10
6.191000e-01,-4.364447e-10
6.192000e-01,4.008532e-10
6.193000e-01,3.068392e-10
6.194000e-01,2.128252e-10
6.195000e-01,1.188112e-10
6.196000e-01,2.479714e-11
6.197000e-01,-6.921687e-11
6.198000e-01,-1.632309e-10
6.199000e-01,-2.572449e-10
6.200000e-01,-3.512589e-10
6.201000e-01,-4.452729e-10
6.202000e-01,3.920250e-10
6.203000e-01,2.980110e-10
6.204000e-01,2.039970e-10
6.205000e-01,1.099830e-10
6.206000e-01,1.596896e-11
6.207000e-01,-7.804505e-11
6.208000e-01,-1.720591e-10
6.209000e-01,-2.660731e-10
6.210000e-01,-3.600871e-10
6.211000e-01,-4.541011e-10
6.212000e-01,-5.481151e-10
6.213000e-01,2.891828e-10
6.214000e-01,1.951688e-10
6.215000e-01,1.011548e-10
6.216000e-01,7.140775e-12
6.217000e-01,-8.687324e-11
6.218000e-01,-1.808873e-10
6.219000e-01,-2.749013e-10
6.220000e-01,-3.689153e-10
6.221000e-01,-4.629293e-10
6.222000e-01,-5.569433e-10
6.223000e-01,2.803546e-10
6.224000e-01,1.863406e-10
6.225000e-01,9.232660e-11
6.226000e-01,-1.687410e-12
6.227000e-01,-9.570142e-11
6.228000e-01,-1.897154e-10
6.229000e-01,-2.837295e-10
6.230000e-01,-3.777435e-10
6.231000e-01,-4.717575e-10
6.232000e-01,-5.657715e-10
6.233000e-01,2.715264e-10
6.234000e-01,1.775124e-10
6.235000e-01,8.349842e-11
6.236000e-01,-1.051559e-11
6.237000e-01,-1.045296e-10
6.238000e-01,-1.985436e-10
6.239000e-01,-2.925576e-10
6.240000e-01,-3.865717e-10
6.241000e-01,-4.805857e-10
6.242000e-01,-5.745997e-10
6.243000e-01,2.626983e-10
6.244000e-01,1.686842e-10
6.245000e-01,7.467023e-11
6.246000e-01,-1.934378e-11
6.247000e-01,-1.133578e-10
6.248000e-01,-2.073718e-10
6.249000e-01,-3.013858e-10
6.250000e-01,-3.953998e-10
6.251000e-01,-4.894139e-10
6.252000e-01,-5.834279e-10
6.253000e-01,2.538701e-10
6.254000e-01,1.598561e-10
6.255000e-01,6.584205e-11
6.256000e-01,-2.817196e-11
6.257000e-01,-1.221860e-10
6.258000e-01,-2.162000e-10
6.259000e-01,-3.102140e-10
6.260000e-01,-4.042280e-10
6.261000e-01,-4.982420e-10
6.262000e-01,-5.922561e-10
6.263000e-01,2.450419e-10
6.264000e-01,1.510279e-10
6.265000e-01,5.701386e-11
6.266000e-01,-3.700015e-11
6.267000e-01,-1.310142e-10
6.268000e-01,-2.250282e-10
6.269000e-01,-3.190422e-10
6.270000e-01,-4.130562e-10
6.271000e-01,-5.070702e-10
6.272000e-01,-6.010842e-10
6.273000e-01,2.362137e-10
6.274000e-01,1.421997e-10
6.275000e-01,4.818568e-11
6.276000e-01,-4.582833e-11
6.277000e-01,-1.398423e-10
6.278000e-01,-2.338564e-10
6.279000e-01,-3.278704e-10
6.280000e-01,-4.218844e-10
6.281000e-01,-5.158984e-10
6.282000e-01,-6.099124e-10
6.283000e-01,2.273855e-10
6.284000e-01,1.333715e-10
6.285000e-01,3.935749e-11
6.286000e-01,-5.465652e-11
6.287000e-01,-1.486705e-10
6.288000e-01,-2.426845e-10
6.289000e-01,-3.366986e-10
6.290000e-01,-4.307126e-10
6.291000e-01,-5.247266e-10
6.292000e-01,-6.187406e-10
6.293000e-01,2.185573e-10
6.294000e-01,1.245433e-10
6.295000e-01,3.052931e-11
6.296000e-01,-6.348470e-11
6.297000e-01,-1.574987e-10
6.298000e-01,-2.515127e-10
6.299000e-01,-3.455267e-10
6.300000e-01,-4.395408e-10
6.301000e-01,-5.335548e-10
6.302000e-01,-1.619128e-10
6.303000e-01,2.097292e-10
6.304000e-01,1.157151e-10
6.305000e-01,2.170112e-11
6.306000e-01,-7.231289e-11
6.307000e-01,-1.663269e-10
6.308000e-01,-2.603409e-10
6.309000e-01,-3.543549e-10
6.310000e-01,-4.483689e-10
6.311000e-01,-5.423830e-10
6.312000e-01,-1.707410e-10
6.313000e-01,2.009010e-10
6.314000e-01,1.068870e-10
6.315000e-01,1.287294e-11
6.316000e-01,-8.114107e-11
6.317000e-01,-1.751551e-10
6.318000e-01,-2.691691e-10
6.319000e-01,-3.631831e-10
6.320000e-01,-4.571971e-10
6.321000e-01,-8.555517e-11
6.322000e-01,-1.795692e-10
6.323000e-01,1.920728e-10
6.324000e-01,9.805877e-11
6.325000e-01,4.044755e-12
6.326000e-01,-8.996926e-11
6.327000e-01,-1.839833e-10
6.328000e-01,-2.779973e-10
6.329000e-01,-3.720113e-10
6.330000e-01,-4.660253e-10
6.331000e-01,-9.438335e-11
6.332000e-01,-1.883974e-10
6.333000e-01,1.832446e-10
6.334000e-01,8.923058e-11
6.335000e-01,-4.783430e-12
6.336000e-01,-9.879744e-11
6.337000e-01,-1.928115e-10
6.338000e-01,-2.868255e-10
6.339000e-01,-3.808395e-10
6.340000e-01,-9.197523e-12
6.341000e-01,-1.032115e-10
6.342000e-01,-1.972256e-10
6.343000e-01,-2.912396e-10
6.344000e-01,8.040240e-11
6.345000e-01,-1.361162e-11
6.346000e-01,-1.076256e-10
6.347000e-01,-2.016396e-10
6.348000e-01,-2.956537e-10
6.349000e-01,-3.896677e-10
6.350000e-01,-1.802571e-11
6.351000e-01,-1.120397e-10
6.352000e-01,-2.060537e-10
6.353000e-01,-3.000678e-10
6.354000e-01,7.157421e-11
6.355000e-01,-2.243980e-11
6.356000e-01,-1.164538e-10
6.357000e-01,-2.104678e-10
6.358000e-01,-3.044818e-10
6.359000e-01,6.716012e-11
6.360000e-01,-2.685389e-11
6.361000e-01,-1.208679e-10
6.362000e-01,-2.148819e-10
6.363000e-01,-3.088959e-10
6.364000e-01,6.274603e-11
6.365000e-01,-3.126799e-11
6.366000e-01,-1.252820e-10
6.367000e-01,-2.192960e-10
6.368000e-01,1.523460e-10
6.369000e-01,5.833194e-11
6.370000e-01,-3.568208e-11
6.371000e-01,-1.296961e-10
6.372000e-01,-2.237101e-10
6.373000e-01,-3.177241e-10
6.374000e-01,5.391784e-11
6.375000e-01,-4.009617e-11
6.376000e-01,-1.341102e-10
6.377000e-01,-2.281242e-10
6.378000e-01,1.435178e-10
6.379000e-01,4.950375e-11
6.380000e-01,-4.451026e-11
6.381000e-01,-1.385243e-10
6.382000e-01,-2.325383e-10
6.383000e-01,-3.265523e-10
6.384000e-01,4.508966e-11
6.385000e-01,-4.892436e-11
6.386000e-01,-1.429384e-10
6.387000e-01,2.287036e-10
6.388000e-01,1.346896e-10
6.389000e-01,4.067557e-11
6.390000e-01,-5.333845e-11
6.391000e-01,-1.473525e-10
6.392000e-01,-2.413665e-10
6.393000e-01,-3.353805e-10
6.394000e-01,3.626147e-11
6.395000e-01,-5.775254e-11
6.396000e-01,-1.517666e-10
6.397000e-01,2.198754e-10
6.398000e-01,1.258614e-10
6.399000e-01,3.184738e-11
6.400000e-01,-6.216663e-11
6.401000e-01,-1.561806e-10
6.402000e-01,-2.501947e-10
6.403000e-01,-3.442087e-10
6.404000e-01,2.743329e-11
6.405000e-01,-6.658073e-11
6.406000e-01,3.050612e-10
6.407000e-01,2.110472e-10
6.408000e-01,1.170332e-10
6.409000e-01,2.301920e-11
6.410000e-01,-7.099482e-11
6.411000e-01,-1.650088e-10
6.412000e-01,-2.590228e-10
6.413000e-01,-3.530369e-10
6.414000e-01,1.860510e-11
6.415000e-01,-7.540891e-11
6.416000e-01,2.962331e-10
6.417000e-01,2.022190e-10
6.418000e-01,1.082050e-10
6.419000e-01,1.419101e-11
6.420000e-01,-7.982300e-11
6.421000e-01,-1.738370e-10
6.422000e-01,-2.678510e-10
6.423000e-01,-3.618650e-10
6.424000e-01,9.776919e-12
6.425000e-01,3.814189e-10
6.426000e-01,2.874049e-10
6.427000e-01,1.933909e-10
6.428000e-01,9.937684e-11
6.429000e-01,5.362827e-12
6.430000e-01,-8.865119e-11
6.431000e-01,-1.826652e-10
6.432000e-01,-2.766792e-10
6.433000e-01,-3.706932e-10
6.434000e-01,4.666047e-10
6.435000e-01,3.725907e-10
6.436000e-01,2.785767e-10
6.437000e-01,1.845627e-10
6.438000e-01,9.054866e-11
6.439000e-01,-3.465358e-12
6.440000e-01,-9.747937e-11
6.441000e-01,-1.914934e-10
6.442000e-01,-2.855074e-10
6.443000e-01,-3.795214e-10
6.444000e-01,4.577765e-10
6.445000e-01,3.637625e-10
6.446000e-01,2.697485e-10
6.447000e-01,1.757345e-10
6.448000e-01,8.172047e-11
6.449000e-01,-1.229354e-11
6.450000e-01,-1.063076e-10
6.451000e-01,-2.003216e-10
6.452000e-01,-2.943356e-10
6.453000e-01,-3.883496e-10
6.454000e-01,4.489483e-10
6.455000e-01,3.549343e-10
6.456000e-01,2.609203e-10
6.457000e-01,1.669063e-10
6.458000e-01,7.289229e-11
6.459000e-01,-2.112173e-11
6.460000e-01,-1.151357e-10
6.461000e-01,-2.091498e-10
6.462000e-01,-3.031638e-10
6.463000e-01,-3.971778e-10
6.464000e-01,4.401202e-10
6.465000e-01,3.461061e-10
6.466000e-01,2.520921e-10
6.467000e-01,1.580781e-10
6.468000e-01,6.406410e-11
6.469000e-01,-2.994991e-11
6.470000e-01,-1.239639e-10
6.471000e-01,-2.179779e-10
6.472000e-01,-3.119920e-10
6.473000e-01,-4.060060e-10
6.474000e-01,4.312920e-10
6.475000e-01,3.372780e-10
6.476000e-01,2.432639e-10
6.477000e-01,1.492499e-10
6.478000e-01,5.523592e-11
6.479000e-01,-3.877810e-11
6.480000e-01,-1.327921e-10
6.481000e-01,-2.268061e-10
6.482000e-01,-3.208201e-10
6.483000e-01,-4.148342e-10
6.484000e-01,-5.088482e-10
6.485000e-01,3.284498e-10
6.486000e-01,2.344358e-10
6.487000e-01,1.404217e-10
6.488000e-01,4.640773e-11
6.489000e-01,-4.760628e-11
6.490000e-01,-1.416203e-10
6.491000e-01,-2.356343e-10
6.492000e-01,-3.296483e-10
6.493000e-01,-4.236623e-10
6.494000e-01,-5.176764e-10
6.495000e-01,3.196216e-10
6.496000e-01,2.256076e-10
6.497000e-01,1.315936e-10
6.498000e-01,3.757955e-11
6.499000e-01,-5.643447e-11
6.500000e-01,-1.504485e-10
6.501000e-01,-2.444625e-10
6.502000e-01,-3.384765e-10
6.503000e-01,-4.324905e-10
6.504000e-01,-5.265045e-10
6.505000e-01,3.107934e-10
6.506000e-01,2.167794e-10
6.507000e-01,1.227654e-10
6.508000e-01,2.875136e-11
6.509000e-01,-6.526265e-11
6.510000e-01,-1.592767e-10
6.511000e-01,-2.532907e-10
6.512000e-01,-3.473047e-10
6.513000e-01,-4.413187e-10
6.514000e-01,-5.353327e-10
6.515000e-01,3.019652e-10
6.516000e-01,2.079512e-10
6.517000e-01,1.139372e-10
6.518000e-01,1.992318e-11
6.519000e-01,-7.409084e-11
6.520000e-01,-1.681049e-10
6.521000e-01,-2.621189e-10
6.522000e-01,-3.561329e-10
6.523000e-01,-4.501469e-10
6.524000e-01,-5.441609e-10
6.525000e-01,2.931370e-10
6.526000e-01,1.991230e-10
6.527000e-01,1.051090e-10
6.528000e-01,1.109499e-11
6.529000e-01,-8.291902e-11
6.530000e-01,-1.769330e-10
6.531000e-01,-2.709471e-10
6.532000e-01,-3.649611e-10
6.533000e-01,-4.589751e-10
6.534000e-01,-5.529891e-10
6.535000e-01,2.843088e-10
6.536000e-01,1.902948e-10
6.537000e-01,9.628082e-11
6.538000e-01,2.266806e-12
6.539000e-01,-9.174721e-11
6.540000e-01,-1.857612e-10
6.541000e-01,-2.797752e-10
6.542000e-01,-3.737893e-10
6.543000e-01,-4.678033e-10
6.544000e-01,-5.618173e-10
6.545000e-01,2.754807e-10
6.546000e-01,1.814667e-10
6.547000e-01,8.745264e-11
6.548000e-01,-6.561379e-12
6.549000e-01,-1.005754e-10
6.550000e-01,-1.945894e-10
6.551000e-01,-2.886034e-10
6.552000e-01,-3.826174e-10
6.553000e-01,-4.766315e-10
6.554000e-01,-5.706455e-10
6.555000e-01,2.666525e-10
6.556000e-01,1.726385e-10
6.557000e-01,7.862445e-11
6.558000e-01,-1.538956e-11
6.559000e-01,-1.094036e-10
6.560000e-01,-2.034176e-10
6.561000e-01,-2.974316e-10
6.562000e-01,-3.914456e-10
6.563000e-01,-4.854596e-10
6.564000e-01,-5.794736e-10
6.565000e-01,2.578243e-10
6.566000e-01,1.638103e-10
6.567000e-01,6.979627e-11
6.568000e-01,-2.421775e-11
6.569000e-01,-1.182318e-10
6.570000e-01,-2.122458e-10
6.571000e-01,-3.062598e-10
6.572000e-01,-4.002738e-10
6.573000e-01,-4.942878e-10
6.574000e-01,-5.883018e-10
6.575000e-01,2.489961e-10
6.576000e-01,1.549821e-10
6.577000e-01,6.096808e-11
6.578000e-01,-3.304593e-11
6.579000e-01,-1.270599e-10
6.580000e-01,-2.210740e-10
6.581000e-01,-3.150880e-10
6.582000e-01,-4.091020e-10
6.583000e-01,-5.031160e-10
6.584000e-01,-5.971300e-10
6.585000e-01,2.401679e-10
6.586000e-01,1.461539e-10
6.587000e-01,5.213990e-11
6.588000e-01,-4.187412e-11
6.589000e-01,-1.358881e-10
6.590000e-01,-2.299021e-10
6.591000e-01,-3.239162e-10
6.592000e-01,-4.179302e-10
6.593000e-01,-5.119442e-10
6.594000e-01,-6.059582e-10
6.595000e-01,2.313397e-10
6.596000e-01,1.373257e-10
6.597000e-01,4.331171e-11
6.598000e-01,-5.070230e-11
6.599000e-01,-1.447163e-10
6.600000e-01,-2.387303e-10
6.601000e-01,-3.327443e-10
6.602000e-01,-4.267584e-10
6.603000e-01,-5.207724e-10
6.604000e-01,-1.491304e-10
6.605000e-01,2.225116e-10
6.606000e-01,1.284975e-10
6.607000e-01,3.448353e-11
6.608000e-01,-5.953049e-11
6.609000e-01,-1.535445e-10
6.610000e-01,-2.475585e-10
6.611000e-01,-3.415725e-10
6.612000e-01,-4.355865e-10
6.613000e-01,-5.296006e-10
6.614000e-01,-1.579586e-10
6.615000e-01,-2.519726e-10
6.616000e-01,1.196694e-10
6.617000e-01,2.565534e-11
6.618000e-01,-6.835867e-11
6.619000e-01,-1.623727e-10
6.620000e-01,-2.563867e-10
6.621000e-01,-3.504007e-10
6.622000e-01,-4.444147e-10
6.623000e-01,-7.277277e-11
6.624000e-01,-1.667868e-10
6.625000e-01,-2.608008e-10
6.626000e-01,1.108412e-10
6.627000e-01,1.682716e-11
6.628000e-01,-7.718686e-11
6.629000e-01,-1.712009e-10
6.630000e-01,-2.652149e-10
6.631000e-01,-3.592289e-10
6.632000e-01,-4.532429e-10
6.633000e-01,-8.160095e-11
6.634000e-01,-1.756150e-10
6.635000e-01,-2.696290e-10
6.636000e-01,1.020130e-10
6.637000e-01,7.998971e-12
6.638000e-01,-8.601504e-11
6.639000e-01,-1.800291e-10
6.640000e-01,-2.740431e-10
6.641000e-01,-3.680571e-10
6.642000e-01,3.584879e-12
6.643000e-01,-9.042914e-11
6.644000e-01,-1.844432e-10
6.645000e-01,-2.784572e-10
6.646000e-01,9.318480e-11
6.647000e-01,-8.292140e-13
6.648000e-01,-9.484323e-11
6.649000e-01,-1.888572e-10
6.650000e-01,-2.828713e-10
6.651000e-01,8.877071e-11
6.652000e-01,-5.243306e-12
6.653000e-01,-9.925732e-11
6.654000e-01,-1.932713e-10
6.655000e-01,-2.872853e-10
6.656000e-01,8.435662e-11
6.657000e-01,-9.657399e-12
6.658000e-01,-1.036714e-10
6.659000e-01,-1.976854e-10
6.660000e-01,-2.916994e-10
6.661000e-01,7.994252e-11
6.662000e-01,-1.407149e-11
6.663000e-01,-1.080855e-10
6.664000e-01,-2.020995e-10
6.665000e-01,-2.961135e-10
6.666000e-01,7.552843e-11
6.667000e-01,-1.848558e-11
6.668000e-01,-1.124996e-10
6.669000e-01,-2.065136e-10
6.670000e-01,1.651284e-10
6.671000e-01,7.111434e-11
6.672000e-01,-2.289968e-11
6.673000e-01,-1.169137e-10
6.674000e-01,-2.109277e-10
6.675000e-01,-3.049417e-10
6.676000e-01,6.670025e-11
6.677000e-01,-2.731377e-11
6.678000e-01,-1.213278e-10
6.679000e-01,-2.153418e-10
6.680000e-01,-3.093558e-10
6.681000e-01,-4.033698e-10
6.682000e-01,-4.973838e-10
6.683000e-01,-5.913979e-10
6.684000e-01,-6.854119e-10
6.685000e-01,-7.794259e-10
6.686000e-01,5.787206e-11
6.687000e-01,-3.614195e-11
6.688000e-01,-1.301560e-10
6.689000e-01,-2.241700e-10
6.690000e-01,-3.181840e-10
6.691000e-01,-4.121980e-10
6.692000e-01,-5.062120e-10
6.693000e-01,-6.002260e-10
6.694000e-01,-6.942401e-10
6.695000e-01,-7.882541e-10
6.696000e-01,4.904388e-11
6.697000e-01,-4.497014e-11
6.698000e-01,-1.389842e-10
6.699000e-01,-2.329982e-10
6.700000e-01,-3.270122e-10
6.701000e-01,-4.210262e-10
6.702000e-01,-5.150402e-10
6.703000e-01,-6.090542e-10
6.704000e-01,-7.030682e-10
6.705000e-01,-7.970823e-10
6.706000e-01,4.021569e-11
6.707000e-01,-5.379832e-11
6.708000e-01,-1.478123e-10
6.709000e-01,-2.418264e-10
6.710000e-01,-3.358404e-10
6.711000e-01,-4.298544e-10
6.712000e-01,-5.238684e-10
6.713000e-01,-6.178824e-10
6.714000e-01,-7.118964e-10
6.715000e-01,-8.059104e-10
6.716000e-01,3.138751e-11
6.717000e-01,-6.262651e-11
6.718000e-01,-1.566405e-10
6.719000e-01,-2.506545e-10
6.720000e-01,-3.446686e-10
6.721000e-01,-4.386826e-10
6.722000e-01,-5.326966e-10
6.723000e-01,-6.267106e-10
6.724000e-01,-7.207246e-10
6.725000e-01,-8.147386e-10
6.726000e-01,2.255932e-11
6.727000e-01,-7.145469e-11
6.728000e-01,-1.654687e-10
6.729000e-01,-2.594827e-10
6.730000e-01,-3.534967e-10
6.731000e-01,-4.475108e-10
6.732000e-01,-5.415248e-10
6.733000e-01,-6.355388e-10
6.734000e-01,-7.295528e-10
6.735000e-01,-8.235668e-10
6.736000e-01,1.373114e-11
6.737000e-01,-8.028288e-11
6.738000e-01,-1.742969e-10
6.739000e-01,-2.683109e-10
6.740000e-01,-3.623249e-10
6.741000e-01,-4.563389e-10
6.742000e-01,-5.503530e-10
6.743000e-01,-6.443670e-10
6.744000e-01,-7.383810e-10
6.745000e-01,-8.323950e-10
6.746000e-01,4.902951e-12
6.747000e-01,-8.911106e-11
6.748000e-01,-1.831251e-10
6.749000e-01,-2.771391e-10
6.750000e-01,-3.711531e-10
6.751000e-01,-4.651671e-10
6.752000e-01,-5.591811e-10
6.753000e-01,-6.531952e-10
6.754000e-01,-7.472092e-10
6.755000e-01,9.008878e-11
6.756000e-01,-3.925234e-12
6.757000e-01,-9.793925e-11
6.758000e-01,-1.919533e-10
6.759000e-01,-2.859673e-10
6.760000e-01,-3.799813e-10
6.761000e-01,-4.739953e-10
6.762000e-01,-5.680093e-10
6.763000e-01,-6.620233e-10
6.764000e-01,-7.560373e-10
6.765000e-01,8.126060e-11
6.766000e-01,-1.275342e-11
6.767000e-01,-1.067674e-10
6.768000e-01,-2.007814e-10
6.769000e-01,-2.947955e-10
6.770000e-01,-3.888095e-10
6.771000e-01,-4.828235e-10
6.772000e-01,-5.768375e-10
6.773000e-01,-6.708515e-10
6.774000e-01,1.664464e-10
6.775000e-01,7.243241e-11
6.776000e-01,-2.158160e-11
6.777000e-01,-1.155956e-10
6.778000e-01,-2.096096e-10
6.779000e-01,-3.036236e-10
6.780000e-01,-3.976377e-10
6.781000e-01,-4.916517e-10
6.782000e-01,-5.856657e-10
6.783000e-01,-6.796797e-10
6.784000e-01,1.576182e-10
6.785000e-01,6.360423e-11
6.786000e-01,-3.040979e-11
6.787000e-01,-1.244238e-10
6.788000e-01,-2.184378e-10
6.789000e-01,-3.124518e-10
6.790000e-01,-4.064658e-10
6.791000e-01,-5.004799e-10
6.792000e-01,-5.944939e-10
6.793000e-01,2.428041e-10
6.794000e-01,1.487901e-10
6.795000e-01,5.477604e-11
6.796000e-01,-3.923797e-11
6.797000e-01,-1.332520e-10
6.798000e-01,-2.272660e-10
6.799000e-01,-3.212800e-10
6.800000e-01,-4.152940e-10
6.801000e-01,-5.093080e-10
6.802000e-01,3.279899e-10
6.803000e-01,2.339759e-10
6.804000e-01,1.399619e-10
6.805000e-01,4.594786e-11
6.806000e-01,-4.806616e-11
6.807000e-01,-1.420802e-10
6.808000e-01,-2.360942e-10
6.809000e-01,-3.301082e-10
6.810000e-01,-4.241222e-10
6.811000e-01,-5.181362e-10
6.812000e-01,3.191617e-10
6.813000e-01,2.251477e-10
6.814000e-01,1.311337e-10
6.815000e-01,3.711967e-11
6.816000e-01,-5.689434e-11
6.817000e-01,-1.509084e-10
6.818000e-01,-2.449224e-10
6.819000e-01,-3.389364e-10
6.820000e-01,-4.329504e-10
6.821000e-01,4.043475e-10
6.822000e-01,3.103335e-10
6.823000e-01,2.163195e-10
6.824000e-01,1.223055e-10
6.825000e-01,2.829149e-11
6.826000e-01,-6.572253e-11
6.827000e-01,-1.597365e-10
6.828000e-01,-2.537506e-10
6.829000e-01,-3.477646e-10
6.830000e-01,-4.417786e-10
6.831000e-01,3.955194e-10
6.832000e-01,3.015053e-10
6.833000e-01,2.074913e-10
6.834000e-01,1.134773e-10
6.835000e-01,1.946330e-11
6.836000e-01,-7.455071e-11
6.837000e-01,-1.685647e-10
6.838000e-01,-2.625787e-10
6.839000e-01,-3.565928e-10
6.840000e-01,4.807052e-10
6.841000e-01,3.866912e-10
6.842000e-01,2.926772e-10
6.843000e-01,1.986631e-10
6.844000e-01,1.046491e-10
6.845000e-01,1.063512e-11
6.846000e-01,-8.337890e-11
6.847000e-01,-1.773929e-10
6.848000e-01,-2.714069e-10
6.849000e-01,-3.654209e-10
6.850000e-01,4.718770e-10
6.851000e-01,3.778630e-10
6.852000e-01,2.838490e-10
6.853000e-01,1.898350e-10
6.854000e-01,9.582094e-11
6.855000e-01,1.806930e-12
6.856000e-01,-9.220708e-11
6.857000e-01,-1.862211e-10
6.858000e-01,-2.802351e-10
6.859000e-01,5.570628e-10
6.860000e-01,4.630488e-10
6.861000e-01,3.690348e-10
6.862000e-01,2.750208e-10
6.863000e-01,1.810068e-10
6.864000e-01,8.699276e-11
6.865000e-01,-7.021255e-12
6.866000e-01,-1.010353e-10
6.867000e-01,-1.950493e-10
6.868000e-01,6.422487e-10
6.869000e-01,5.482346e-10
6.870000e-01,4.542206e-10
6.871000e-01,3.602066e-10
6.872000e-01,2.661926e-10
6.873000e-01,1.721786e-10
6.874000e-01,7.816457e-11
6.875000e-01,-1.584944e-11
6.876000e-01,-1.098635e-10
6.877000e-01,-2.038775e-10
6.878000e-01,6.334205e-10
6.879000e-01,5.394065e-10
6.880000e-01,4.453924e-10
6.881000e-01,3.513784e-10
6.882000e-01,2.573644e-10
6.883000e-01,1.633504e-10
6.884000e-01,6.933639e-11
6.885000e-01,-2.467762e-11
6.886000e-01,-1.186916e-10
6.887000e-01,-2.127057e-10
6.888000e-01,6.245923e-10
6.889000e-01,5.305783e-10
6.890000e-01,4.365643e-10
6.891000e-01,3.425502e-10
6.892000e-01,2.485362e-10
6.893000e-01,1.545222e-10
6.894000e-01,6.050820e-11
6.895000e-01,-3.350581e-11
6.896000e-01,-1.275198e-10
6.897000e-01,-2.215338e-10
6.898000e-01,6.157641e-10
6.899000e-01,5.217501e-10
6.900000e-01,4.277361e-10
6.901000e-01,3.337221e-10
6.902000e-01,2.397080e-10
6.903000e-01,1.456940e-10
6.904000e-01,5.168002e-11
6.905000e-01,-4.233399e-11
6.906000e-01,-1.363480e-10
6.907000e-01,-2.303620e-10
6.908000e-01,6.069359e-10
6.909000e-01,5.129219e-10
6.910000e-01,4.189079e-10
6.911000e-01,3.248939e-10
6.912000e-01,2.308799e-10
6.913000e-01,1.368658e-10
6.914000e-01,4.285183e-11
6.915000e-01,-5.116218e-11
6.916000e-01,-1.451762e-10
6.917000e-01,-2.391902e-10
6.918000e-01,5.981077e-10
6.919000e-01,5.040937e-10
6.920000e-01,4.100797e-10
6.921000e-01,3.160657e-10
6.922000e-01,2.220517e-10
6.923000e-01,1.280377e-10
6.924000e-01,3.402365e-11
6.925000e-01,-5.999036e-11
6.926000e-01,-1.540044e-10
6.927000e-01,-2.480184e-10
6.928000e-01,5.892796e-10
6.929000e-01,4.952655e-10
6.930000e-01,4.012515e-10
6.931000e-01,3.072375e-10
6.932000e-01,2.132235e-10
6.933000e-01,1.192095e-10
6.934000e-01,2.519546e-11
6.935000e-01,-6.881855e-11
6.936000e-01,-1.628326e-10
6.937000e-01,-2.568466e-10
6.938000e-01,5.804514e-10
6.939000e-01,4.864374e-10
6.940000e-01,3.924233e-10
6.941000e-01,2.984093e-10
6.942000e-01,2.043953e-10
6.943000e-01,1.103813e-10
6.944000e-01,1.636728e-11
6.945000e-01,-7.764673e-11
6.946000e-01,-1.716607e-10
6.947000e-01,-2.656748e-10
6.948000e-01,5.716232e-10
6.949000e-01,4.776092e-10
6.950000e-01,3.835952e-10
6.951000e-01,2.895811e-10
6.952000e-01,1.955671e-10
6.953000e-01,1.015531e-10
6.954000e-01,7.539095e-12
6.955000e-01,-8.647492e-11
6.956000e-01,-1.804889e-10
6.957000e-01,-2.745029e-10
6.958000e-01,5.627950e-10
6.959000e-01,4.687810e-10
6.960000e-01,3.747670e-10
6.961000e-01,2.807530e-10
6.962000e-01,1.867389e-10
6.963000e-01,9.272492e-11
6.964000e-01,-1.289090e-12
6.965000e-01,-9.530310e-11
6.966000e-01,-1.893171e-10
6.967000e-01,-2.833311e-10
6.968000e-01,5.539668e-10
6.969000e-01,4.599528e-10
6.970000e-01,3.659388e-10
6.971000e-01,2.719248e-10
6.972000e-01,1.779108e-10
6.973000e-01,8.389674e-11
6.974000e-01,-1.011728e-11
6.975000e-01,-1.041313e-10
6.976000e-01,-1.981453e-10
6.977000e-01,-2.921593e-10
6.978000e-01,5.451386e-10
6.979000e-01,4.511246e-10
6.980000e-01,3.571106e-10
6.981000e-01,2.630966e-10
6.982000e-01,1.690826e-10
6.983000e-01,7.506855e-11
6.984000e-01,-1.894546e-11
6.985000e-01,-1.129595e-10
6.986000e-01,-2.069735e-10
6.987000e-01,-3.009875e-10
6.988000e-01,5.363104e-10
6.989000e-01,4.422964e-10
6.990000e-01,3.482824e-10
6.991000e-01,2.542684e-10
6.992000e-01,1.602544e-10
6.993000e-01,6.624037e-11
6.994000e-01,-2.777365e-11
6.995000e-01,-1.217877e-10
6.996000e-01,-2.158017e-10
6.997000e-01,-3.098157e-10
6.998000e-01,5.274823e-10
6.999000e-01,4.334682e-10
7.000000e-01,3.394542e-10
7.001000e-01,2.454402e-10
7.002000e-01,1.514262e-10
7.003000e-01,5.741218e-11
7.004000e-01,-3.660183e-11
7.005000e-01,-1.306158e-10
7.006000e-01,-2.246299e-10
7.007000e-01,-3.186439e-10
7.008000e-01,-4.126579e-10
7.009000e-01,4.246401e-10
7.010000e-01,3.306260e-10
7.011000e-01,2.366120e-10
7.012000e-01,1.425980e-10
7.013000e-01,4.858400e-11
7.014000e-01,-4.543002e-11
7.015000e-01,-1.394440e-10
7.016000e-01,-2.334580e-10
7.017000e-01,-3.274721e-10
7.018000e-01,-4.214861e-10
7.019000e-01,4.158119e-10
7.020000e-01,3.217979e-10
7.021000e-01,2.277838e-10
7.022000e-01,1.337698e-10
7.023000e-01,3.975581e-11
7.024000e-01,-5.425820e-11
7.025000e-01,-1.482722e-10
7.026000e-01,-2.422862e-10
7.027000e-01,-3.363002e-10
7.028000e-01,-4.303143e-10
7.029000e-01,4.069837e-10
7.030000e-01,3.129697e-10
7.031000e-01,2.189557e-10
7.032000e-01,1.249416e-10
7.033000e-01,3.092763e-11
7.034000e-01,-6.308638e-11
7.035000e-01,-1.571004e-10
7.036000e-01,-2.511144e-10
7.037000e-01,-3.451284e-10
7.038000e-01,-4.391424e-10
7.039000e-01,3.981555e-10
7.040000e-01,3.041415e-10
7.041000e-01,2.101275e-10
7.042000e-01,1.161135e-10
7.043000e-01,2.209944e-11
7.044000e-01,-7.191457e-11
7.045000e-01,-1.659286e-10
7.046000e-01,-2.599426e-10
7.047000e-01,-3.539566e-10
7.048000e-01,-4.479706e-10
7.049000e-01,3.893273e-10
7.050000e-01,2.953133e-10
7.051000e-01,2.012993e-10
7.052000e-01,1.072853e-10
7.053000e-01,1.327126e-11
7.054000e-01,-8.074275e-11
7.055000e-01,-1.747568e-10
7.056000e-01,-2.687708e-10
7.057000e-01,-3.627848e-10
7.058000e-01,-4.567988e-10
7.059000e-01,3.804991e-10
7.060000e-01,2.864851e-10
7.061000e-01,1.924711e-10
7.062000e-01,9.845709e-11
7.063000e-01,4.443074e-12
7.064000e-01,-8.957094e-11
7.065000e-01,-1.835850e-10
7.066000e-01,-2.775990e-10
7.067000e-01,-3.716130e-10
7.068000e-01,-4.656270e-10
7.069000e-01,3.716709e-10
7.070000e-01,2.776569e-10
7.071000e-01,1.836429e-10
7.072000e-01,8.962890e-11
7.073000e-01,-4.385110e-12
7.074000e-01,-9.839912e-11
7.075000e-01,-1.924131e-10
7.076000e-01,-2.864272e-10
7.077000e-01,-3.804412e-10
7.078000e-01,-4.744552e-10
7.079000e-01,3.628428e-10
7.080000e-01,2.688287e-10
7.081000e-01,1.748147e-10
7.082000e-01,8.080072e-11
7.083000e-01,-1.321330e-11
7.084000e-01,-1.072273e-10
7.085000e-01,-2.012413e-10
7.086000e-01,-2.952553e-10
7.087000e-01,-3.892694e-10
7.088000e-01,-4.832834e-10
7.089000e-01,3.540146e-10
7.090000e-01,2.600006e-10
7.091000e-01,1.659865e-10
7.092000e-01,7.197253e-11
7.093000e-01,-2.204148e-11
7.094000e-01,-1.160555e-10
7.095000e-01,-2.100695e-10
7.096000e-01,-3.040835e-10
7.097000e-01,-3.980975e-10
7.098000e-01,-4.921116e-10
7.099000e-01,3.451864e-10
7.100000e-01,2.511724e-10
7.101000e-01,1.571584e-10
7.102000e-01,6.314435e-11
7.103000e-01,-3.086967e-11
7.104000e-01,-1.248837e-10
7.105000e-01,-2.188977e-10
7.106000e-01,-3.129117e-10
7.107000e-01,-4.069257e-10
7.108000e-01,-5.009397e-10
7.109000e-01,3.363582e-10
7.110000e-01,2.423442e-10
7.111000e-01,1.483302e-10
7.112000e-01,5.431616e-11
7.113000e-01,-3.969785e-11
7.114000e-01,-1.337119e-10
7.115000e-01,-2.277259e-10
7.116000e-01,-3.217399e-10
7.117000e-01,-4.157539e-10
7.118000e-01,-5.097679e-10
7.119000e-01,3.275300e-10
7.120000e-01,2.335160e-10
7.121000e-01,1.395020e-10
7.122000e-01,4.548798e-11
7.123000e-01,-4.852604e-11
7.124000e-01,-1.425400e-10
7.125000e-01,-2.365541e-10
7.126000e-01,-3.305681e-10
7.127000e-01,-4.245821e-10
7.128000e-01,-5.185961e-10
7.129000e-01,3.187018e-10
7.130000e-01,2.246878e-10
7.131000e-01,1.306738e-10
7.132000e-01,3.665979e-11
7.133000e-01,-5.735422e-11
7.134000e-01,-1.513682e-10
7.135000e-01,-2.453822e-10
7.136000e-01,-3.393963e-10
7.137000e-01,-4.334103e-10
7.138000e-01,-5.274243e-10
7.139000e-01,-6.214383e-10
7.140000e-01,2.158596e-10
7.141000e-01,1.218456e-10
7.142000e-01,2.783161e-11
7.143000e-01,-6.618241e-11
7.144000e-01,-1.601964e-10
7.145000e-01,-2.542104e-10
7.146000e-01,-3.482244e-10
7.147000e-01,-4.422385e-10
7.148000e-01,-5.362525e-10
7.149000e-01,-6.302665e-10
7.150000e-01,2.070315e-10
7.151000e-01,1.130174e-10
7.152000e-01,1.900342e-11
7.153000e-01,-7.501059e-11
7.154000e-01,-1.690246e-10
7.155000e-01,-2.630386e-10
7.156000e-01,-3.570526e-10
7.157000e-01,-4.510666e-10
7.158000e-01,-5.450807e-10
7.159000e-01,-6.390947e-10
7.160000e-01,1.982033e-10
7.161000e-01,1.041893e-10
7.162000e-01,1.017524e-11
7.163000e-01,-8.383878e-11
7.164000e-01,-1.778528e-10
7.165000e-01,-2.718668e-10
7.166000e-01,-3.658808e-10
7.167000e-01,-4.598948e-10
7.168000e-01,-5.539088e-10
7.169000e-01,-6.479229e-10
7.170000e-01,1.893751e-10
7.171000e-01,9.536107e-11
7.172000e-01,1.347054e-12
7.173000e-01,-9.266696e-11
7.174000e-01,-1.866810e-10
7.175000e-01,-2.806950e-10
7.176000e-01,-3.747090e-10
7.177000e-01,-4.687230e-10
7.178000e-01,-5.627370e-10
7.179000e-01,-6.567510e-10
7.180000e-01,1.805469e-10
7.181000e-01,8.653288e-11
7.182000e-01,-7.481131e-12
7.183000e-01,-1.014951e-10
7.184000e-01,-1.955092e-10
7.185000e-01,-2.895232e-10
7.186000e-01,-3.835372e-10
7.187000e-01,-4.775512e-10
7.188000e-01,-5.715652e-10
7.189000e-01,-6.655792e-10
7.190000e-01,1.717187e-10
7.191000e-01,7.770470e-11
7.192000e-01,-1.630932e-11
7.193000e-01,-1.103233e-10
7.194000e-01,-2.043373e-10
7.195000e-01,-2.983514e-10
7.196000e-01,-3.923654e-10
7.197000e-01,-4.863794e-10
7.198000e-01,-5.803934e-10
7.199000e-01,-6.744074e-10
7.200000e-01,1.628905e-10
7.201000e-01,6.887651e-11
7.202000e-01,-2.513750e-11
7.203000e-01,-1.191515e-10
7.204000e-01,-2.131655e-10
7.205000e-01,-3.071795e-10
7.206000e-01,-4.011936e-10
7.207000e-01,-4.952076e-10
7.208000e-01,-5.892216e-10
7.209000e-01,-6.832356e-10
7.210000e-01,1.540623e-10
7.211000e-01,6.004833e-11
7.212000e-01,-3.396569e-11
7.213000e-01,-1.279797e-10
7.214000e-01,-2.219937e-10
7.215000e-01,-3.160077e-10
7.216000e-01,-4.100217e-10
7.217000e-01,-5.040358e-10
7.218000e-01,-5.980498e-10
7.219000e-01,-6.920638e-10
7.220000e-01,1.452342e-10
7.221000e-01,5.122014e-11
7.222000e-01,-4.279387e-11
7.223000e-01,-1.368079e-10
7.224000e-01,-2.308219e-10
7.225000e-01,-3.248359e-10
7.226000e-01,-4.188499e-10
7.227000e-01,-5.128639e-10
7.228000e-01,-6.068780e-10
7.229000e-01,-7.008920e-10
7.230000e-01,1.364060e-10
7.231000e-01,4.239196e-11
7.232000e-01,-5.162206e-11
7.233000e-01,-1.456361e-10
7.234000e-01,-2.396501e-10
7.235000e-01,-3.336641e-10
7.236000e-01,-4.276781e-10
7.237000e-01,-5.216921e-10
7.238000e-01,-6.157061e-10
7.239000e-01,-7.097202e-10
7.240000e-01,1.275778e-10
7.241000e-01,3.356377e-11
7.242000e-01,-6.045024e-11
7.243000e-01,-1.544643e-10
7.244000e-01,-2.484783e-10
7.245000e-01,-3.424923e-10
7.246000e-01,-4.365063e-10
7.247000e-01,-5.305203e-10
7.248000e-01,-6.245343e-10
7.249000e-01,-7.185483e-10
7.250000e-01,1.187496e-10
7.251000e-01,2.473559e-11
7.252000e-01,-6.927843e-11
7.253000e-01,-1.632924e-10
7.254000e-01,-2.573065e-10
7.255000e-01,-3.513205e-10
7.256000e-01,-4.453345e-10
7.257000e-01,-5.393485e-10
7.258000e-01,-6.333625e-10
7.259000e-01,-7.273765e-10
7.260000e-01,1.099214e-10
7.261000e-01,1.590740e-11
7.262000e-01,-7.810661e-11
7.263000e-01,-1.721206e-10
7.264000e-01,-2.661346e-10
7.265000e-01,-3.601487e-10
7.266000e-01,-4.541627e-10
7.267000e-01,-5.481767e-10
7.268000e-01,-6.421907e-10
7.269000e-01,-7.362047e-10
7.270000e-01,-8.302187e-10
7.271000e-01,7.079219e-12
7.272000e-01,-8.693480e-11
7.273000e-01,-1.809488e-10
7.274000e-01,-2.749628e-10
7.275000e-01,-3.689768e-10
7.276000e-01,-4.629909e-10
7.277000e-01,-5.570049e-10
7.278000e-01,-6.510189e-10
7.279000e-01,-7.450329e-10
7.280000e-01,-8.390469e-10
7.281000e-01,-1.748966e-12
7.282000e-01,-9.576298e-11
7.283000e-01,-1.897770e-10
7.284000e-01,-2.837910e-10
7.285000e-01,-3.778050e-10
7.286000e-01,-4.718190e-10
7.287000e-01,-5.658331e-10
7.288000e-01,-6.598471e-10
7.289000e-01,-7.538611e-10
7.290000e-01,-8.478751e-10
7.291000e-01,-1.057715e-11
7.292000e-01,-1.045912e-10
7.293000e-01,-1.986052e-10
7.294000e-01,-2.926192e-10
7.295000e-01,-3.866332e-10
7.296000e-01,-4.806472e-10
7.297000e-01,-5.746612e-10
7.298000e-01,-6.686753e-10
7.299000e-01,-7.626893e-10
7.300000e-01,-8.567033e-10
7.301000e-01,-1.940534e-11
7.302000e-01,-1.134194e-10
7.303000e-01,-2.074334e-10
7.304000e-01,-3.014474e-10
7.305000e-01,-3.954614e-10
7.306000e-01,-4.894754e-10
7.307000e-01,-5.834894e-10
7.308000e-01,-6.775034e-10
7.309000e-01,-7.715175e-10
7.310000e-01,-8.655315e-10
7.311000e-01,-2.823352e-11
7.312000e-01,-1.222475e-10
7.313000e-01,-2.162615e-10
7.314000e-01,-3.102756e-10
7.315000e-01,-4.042896e-10
7.316000e-01,-4.983036e-10
7.317000e-01,-5.923176e-10
7.318000e-01,-6.863316e-10
7.319000e-01,-7.803456e-10
7.320000e-01,-8.743597e-10
7.321000e-01,-3.706171e-11
7.322000e-01,-1.310757e-10
7.323000e-01,-2.250897e-10
7.324000e-01,-3.191037e-10
7.325000e-01,-4.131178e-10
7.326000e-01,-5.071318e-10
7.327000e-01,-6.011458e-10
7.328000e-01,-6.951598e-10
7.329000e-01,-7.891738e-10
7.330000e-01,-8.831878e-10
7.331000e-01,-4.588989e-11
7.332000e-01,-1.399039e-10
7.333000e-01,-2.339179e-10
7.334000e-01,-3.279319e-10
7.335000e-01,-4.219459e-10
7.336000e-01,-5.159600e-10
7.337000e-01,-6.099740e-10
7.338000e-01,-7.039880e-10
7.339000e-01,-7.980020e-10
7.340000e-01,3.929594e-11
7.341000e-01,-5.471808e-11
7.342000e-01,-1.487321e-10
7.343000e-01,-2.427461e-10
7.344000e-01,-3.367601e-10
7.345000e-01,-4.307741e-10
7.346000e-01,-5.247881e-10
7.347000e-01,-6.188022e-10
7.348000e-01,-7.128162e-10
7.349000e-01,-8.068302e-10
7.350000e-01,3.046775e-11
7.351000e-01,-6.354626e-11
7.352000e-01,-1.575603e-10
7.353000e-01,-2.515743e-10
7.354000e-01,-3.455883e-10
7.355000e-01,-4.396023e-10
7.356000e-01,-5.336163e-10
7.357000e-01,-6.276303e-10
7.358000e-01,-7.216444e-10
7.359000e-01,1.156536e-10
7.360000e-01,2.163957e-11
7.361000e-01,-7.237445e-11
7.362000e-01,-1.663885e-10
7.363000e-01,-2.604025e-10
7.364000e-01,-3.544165e-10
7.365000e-01,-4.484305e-10
7.366000e-01,-5.424445e-10
7.367000e-01,-6.364585e-10
7.368000e-01,2.008394e-10
7.369000e-01,1.068254e-10
7.370000e-01,1.281138e-11
7.371000e-01,-8.120263e-11
7.372000e-01,-1.752166e-10
7.373000e-01,-2.692307e-10
7.374000e-01,-3.632447e-10
7.375000e-01,-4.572587e-10
7.376000e-01,-5.512727e-10
7.377000e-01,-6.452867e-10
7.378000e-01,1.920112e-10
7.379000e-01,9.799721e-11
7.380000e-01,3.983198e-12
7.381000e-01,-9.003082e-11
7.382000e-01,-1.840448e-10
7.383000e-01,-2.780588e-10
7.384000e-01,-3.720729e-10
7.385000e-01,-4.660869e-10
7.386000e-01,-5.601009e-10
7.387000e-01,2.771971e-10
7.388000e-01,1.831830e-10
7.389000e-01,8.916903e-11
7.390000e-01,-4.844987e-12
7.391000e-01,-9.885900e-11
7.392000e-01,-1.928730e-10
7.393000e-01,-2.868870e-10
7.394000e-01,-3.809010e-10
7.395000e-01,-4.749151e-10
7.396000e-01,-5.689291e-10
7.397000e-01,2.683689e-10
7.398000e-01,1.743549e-10
7.399000e-01,8.034084e-11
7.400000e-01,-1.367317e-11
7.401000e-01,-1.076872e-10
7.402000e-01,-2.017012e-10
7.403000e-01,-2.957152e-10
7.404000e-01,-3.897292e-10
7.405000e-01,-4.837432e-10
7.406000e-01,3.535547e-10
7.407000e-01,2.595407e-10
7.408000e-01,1.655267e-10
7.409000e-01,7.151266e-11
7.410000e-01,-2.250136e-11
7.411000e-01,-1.165154e-10
7.412000e-01,-2.105294e-10
7.413000e-01,-3.045434e-10
7.414000e-01,-3.985574e-10
7.415000e-01,-4.925714e-10
7.416000e-01,3.447265e-10
7.417000e-01,2.507125e-10
7.418000e-01,1.566985e-10
7.419000e-01,6.268447e-11
7.420000e-01,-3.132954e-11
7.421000e-01,-1.253436e-10
7.422000e-01,-2.193576e-10
7.423000e-01,-3.133716e-10
7.424000e-01,-4.073856e-10
7.425000e-01,4.299123e-10
7.426000e-01,3.358983e-10
7.427000e-01,2.418843e-10
7.428000e-01,1.478703e-10
7.429000e-01,5.385629e-11
7.430000e-01,-4.015773e-11
7.431000e-01,-1.341717e-10
7.432000e-01,-2.281858e-10
7.433000e-01,-3.221998e-10
7.434000e-01,5.150982e-10
7.435000e-01,4.210842e-10
7.436000e-01,3.270701e-10
7.437000e-01,2.330561e-10
7.438000e-01,1.390421e-10
7.439000e-01,4.502810e-11
7.440000e-01,-4.898591e-11
7.441000e-01,-1.429999e-10
7.442000e-01,-2.370139e-10
7.443000e-01,-3.310280e-10
7.444000e-01,5.062700e-10
7.445000e-01,4.122560e-10
7.446000e-01,3.182420e-10
7.447000e-01,2.242279e-10
7.448000e-01,1.302139e-10
7.449000e-01,3.619992e-11
7.450000e-01,-5.781410e-11
7.451000e-01,-1.518281e-10
7.452000e-01,-2.458421e-10
7.453000e-01,5.914558e-10
7.454000e-01,4.974418e-10
7.455000e-01,4.034278e-10
7.456000e-01,3.094138e-10
7.457000e-01,2.153998e-10
7.458000e-01,1.213857e-10
7.459000e-01,2.737173e-11
7.460000e-01,-6.664228e-11
7.461000e-01,-1.606563e-10
7.462000e-01,-2.546703e-10
7.463000e-01,5.826276e-10
7.464000e-01,4.886136e-10
7.465000e-01,3.945996e-10
7.466000e-01,3.005856e-10
7.467000e-01,2.065716e-10
7.468000e-01,1.125576e-10
7.469000e-01,1.854355e-11
7.470000e-01,-7.547047e-11
7.471000e-01,-1.694845e-10
7.472000e-01,6.678135e-10
7.473000e-01,5.737994e-10
7.474000e-01,4.797854e-10
7.475000e-01,3.857714e-10
7.476000e-01,2.917574e-10
7.477000e-01,1.977434e-10
7.478000e-01,1.037294e-10
7.479000e-01,9.715363e-12
7.480000e-01,-8.429865e-11
7.481000e-01,-1.783127e-10
7.482000e-01,6.589853e-10
7.483000e-01,5.649713e-10
7.484000e-01,4.709572e-10
7.485000e-01,3.769432e-10
7.486000e-01,2.829292e-10
7.487000e-01,1.889152e-10
7.488000e-01,9.490119e-11
7.489000e-01,8.871780e-13
7.490000e-01,-9.312684e-11
7.491000e-01,-1.871409e-10
7.492000e-01,6.501571e-10
7.493000e-01,5.561431e-10
7.494000e-01,4.621291e-10
7.495000e-01,3.681151e-10
7.496000e-01,2.741010e-10
7.497000e-01,1.800870e-10
7.498000e-01,8.607301e-11
7.499000e-01,-7.941007e-12
7.500000e-01,-1.019550e-10
7.501000e-01,-1.959690e-10
7.502000e-01,6.413289e-10
7.503000e-01,5.473149e-10
7.504000e-01,4.533009e-10
7.505000e-01,3.592869e-10
7.506000e-01,2.652729e-10
7.507000e-01,1.712588e-10
7.508000e-01,7.724482e-11
7.509000e-01,-1.676919e-11
7.510000e-01,-1.107832e-10
7.511000e-01,-2.047972e-10
7.512000e-01,6.325007e-10
7.513000e-01,5.384867e-10
7.514000e-01,4.444727e-10
7.515000e-01,3.504587e-10
7.516000e-01,2.564447e-10
7.517000e-01,1.624307e-10
7.518000e-01,6.841664e-11
7.519000e-01,-2.559738e-11
7.520000e-01,-1.196114e-10
7.521000e-01,-2.136254e-10
7.522000e-01,6.236725e-10
7.523000e-01,5.296585e-10
7.524000e-01,4.356445e-10
7.525000e-01,3.416305e-10
7.526000e-01,2.476165e-10
7.527000e-01,1.536025e-10
7.528000e-01,5.958845e-11
7.529000e-01,-3.442556e-11
7.530000e-01,-1.284396e-10
7.531000e-01,-2.224536e-10
7.532000e-01,-3.164676e-10
7.533000e-01,5.208303e-10
7.534000e-01,4.268163e-10
7.535000e-01,3.328023e-10
7.536000e-01,2.387883e-10
7.537000e-01,1.447743e-10
7.538000e-01,5.076027e-11
7.539000e-01,-4.325375e-11
7.540000e-01,-1.372678e-10
7.541000e-01,-2.312818e-10
7.542000e-01,-3.252958e-10
7.543000e-01,5.120022e-10
7.544000e-01,4.179881e-10
7.545000e-01,3.239741e-10
7.546000e-01,2.299601e-10
7.547000e-01,1.359461e-10
7.548000e-01,4.193208e-11
7.549000e-01,-5.208193e-11
7.550000e-01,-1.460959e-10
7.551000e-01,-2.401100e-10
7.552000e-01,-3.341240e-10
7.553000e-01,5.031740e-10
7.554000e-01,4.091600e-10
7.555000e-01,3.151459e-10
7.556000e-01,2.211319e-10
7.557000e-01,1.271179e-10
7.558000e-01,3.310390e-11
7.559000e-01,-6.091012e-11
7.560000e-01,-1.549241e-10
7.561000e-01,-2.489381e-10
7.562000e-01,-3.429522e-10
7.563000e-01,4.943458e-10
7.564000e-01,4.003318e-10
7.565000e-01,3.063178e-10
7.566000e-01,2.123037e-10
7.567000e-01,1.182897e-10
7.568000e-01,2.427571e-11
7.569000e-01,-6.973830e-11
7.570000e-01,-1.637523e-10
7.571000e-01,-2.577663e-10
7.572000e-01,-3.517803e-10
7.573000e-01,4.855176e-10
7.574000e-01,3.915036e-10
7.575000e-01,2.974896e-10
7.576000e-01,2.034756e-10
7.577000e-01,1.094615e-10
7.578000e-01,1.544753e-11
7.579000e-01,-7.856649e-11
7.580000e-01,-1.725805e-10
7.581000e-01,-2.665945e-10
7.582000e-01,-3.606085e-10
7.583000e-01,4.766894e-10
7.584000e-01,3.826754e-10
7.585000e-01,2.886614e-10
7.586000e-01,1.946474e-10
7.587000e-01,1.006334e-10
7.588000e-01,6.619343e-12
7.589000e-01,-8.739467e-11
7.590000e-01,-1.814087e-10
7.591000e-01,-2.754227e-10
7.592000e-01,-3.694367e-10
7.593000e-01,4.678612e-10
7.594000e-01,3.738472e-10
7.595000e-01,2.798332e-10
7.596000e-01,1.858192e-10
7.597000e-01,9.180517e-11
7.598000e-01,-2.208842e-12
7.599000e-01,-9.622286e-11
7.600000e-01,-1.902369e-10
7.601000e-01,-2.842509e-10
7.602000e-01,-3.782649e-10
7.603000e-01,4.590330e-10
7.604000e-01,3.650190e-10
7.605000e-01,2.710050e-10
7.606000e-01,1.769910e-10
7.607000e-01,8.297699e-11
7.608000e-01,-1.103703e-11
7.609000e-01,-1.050510e-10
7.610000e-01,-1.990651e-10
7.611000e-01,-2.930791e-10
7.612000e-01,-3.870931e-10
7.613000e-01,4.502049e-10
7.614000e-01,3.561908e-10
7.615000e-01,2.621768e-10
7.616000e-01,1.681628e-10
7.617000e-01,7.414880e-11
7.618000e-01,-1.986521e-11
7.619000e-01,-1.138792e-10
7.620000e-01,-2.078932e-10
7.621000e-01,-3.019073e-10
7.622000e-01,-3.959213e-10
7.623000e-01,4.413767e-10
7.624000e-01,3.473627e-10
7.625000e-01,2.533486e-10
7.626000e-01,1.593346e-10
7.627000e-01,6.532062e-11
7.628000e-01,-2.869340e-11
7.629000e-01,-1.227074e-10
7.630000e-01,-2.167214e-10
7.631000e-01,-3.107354e-10
7.632000e-01,-4.047495e-10
7.633000e-01,4.325485e-10
7.634000e-01,3.385345e-10
7.635000e-01,2.445205e-10
7.636000e-01,1.505064e-10
7.637000e-01,5.649243e-11
7.638000e-01,-3.752158e-11
7.639000e-01,-1.315356e-10
7.640000e-01,-2.255496e-10
7.641000e-01,-3.195636e-10
7.642000e-01,-4.135776e-10
7.643000e-01,4.237203e-10
7.644000e-01,3.297063e-10
7.645000e-01,2.356923e-10
7.646000e-01,1.416783e-10
7.647000e-01,4.766425e-11
7.648000e-01,-4.634977e-11
7.649000e-01,-1.403638e-10
7.650000e-01,-2.343778e-10
7.651000e-01,-3.283918e-10
7.652000e-01,-4.224058e-10
7.653000e-01,4.148921e-10
7.654000e-01,3.208781e-10
7.655000e-01,2.268641e-10
7.656000e-01,1.328501e-10
7.657000e-01,3.883606e-11
7.658000e-01,-5.517795e-11
7.659000e-01,-1.491920e-10
7.660000e-01,-2.432060e-10
7.661000e-01,-3.372200e-10
7.662000e-01,-4.312340e-10
7.663000e-01,4.060639e-10
7.664000e-01,3.120499e-10
7.665000e-01,2.180359e-10
7.666000e-01,1.240219e-10
7.667000e-01,3.000788e-11
7.668000e-01,-6.400614e-11
7.669000e-01,-1.580202e-10
7.670000e-01,-2.520342e-10
7.671000e-01,-3.460482e-10
7.672000e-01,-4.400622e-10
7.673000e-01,-5.340762e-10
7.674000e-01,3.032217e-10
7.675000e-01,2.092077e-10
7.676000e-01,1.151937e-10
7.677000e-01,2.117969e-11
7.678000e-01,-7.283432e-11
7.679000e-01,-1.668483e-10
7.680000e-01,-2.608624e-10
7.681000e-01,-3.548764e-10
7.682000e-01,-4.488904e-10
7.683000e-01,-5.429044e-10
7.684000e-01,2.943936e-10
7.685000e-01,2.003795e-10
7.686000e-01,1.063655e-10
7.687000e-01,1.235151e-11
7.688000e-01,-8.166251e-11
7.689000e-01,-1.756765e-10
7.690000e-01,-2.696905e-10
7.691000e-01,-3.637046e-10
7.692000e-01,-4.577186e-10
7.693000e-01,-5.517326e-10
7.694000e-01,2.855654e-10
7.695000e-01,1.915514e-10
7.696000e-01,9.753734e-11
7.697000e-01,3.523322e-12
7.698000e-01,-9.049069e-11
7.699000e-01,-1.845047e-10
7.700000e-01,-2.785187e-10
7.701000e-01,-3.725327e-10
7.702000e-01,-4.665467e-10
7.703000e-01,-5.605608e-10
7.704000e-01,2.767372e-10
7.705000e-01,1.827232e-10
7.706000e-01,8.870915e-11
7.707000e-01,-5.304863e-12
7.708000e-01,-9.931888e-11
7.709000e-01,-1.933329e-10
7.710000e-01,-2.873469e-10
7.711000e-01,-3.813609e-10
7.712000e-01,-4.753749e-10
7.713000e-01,-5.693889e-10
7.714000e-01,2.679090e-10
7.715000e-01,1.738950e-10
7.716000e-01,7.988097e-11
7.717000e-01,-1.413305e-11
7.718000e-01,-1.081471e-10
7.719000e-01,-2.021611e-10
7.720000e-01,-2.961751e-10
7.721000e-01,-3.901891e-10
7.722000e-01,-4.842031e-10
7.723000e-01,-5.782171e-10
7.724000e-01,2.590808e-10
7.725000e-01,1.650668e-10
7.726000e-01,7.105278e-11
7.727000e-01,-2.296123e-11
7.728000e-01,-1.169752e-10
7.729000e-01,-2.109893e-10
7.730000e-01,-3.050033e-10
7.731000e-01,-3.990173e-10
7.732000e-01,-4.930313e-10
7.733000e-01,-5.870453e-10
7.734000e-01,2.502526e-10
7.735000e-01,1.562386e-10
7.736000e-01,6.222460e-11
7.737000e-01,-3.178942e-11
7.738000e-01,-1.258034e-10
7.739000e-01,-2.198174e-10
7.740000e-01,-3.138315e-10
7.741000e-01,-4.078455e-10
7.742000e-01,-5.018595e-10
7.743000e-01,-5.958735e-10
7.744000e-01,2.414244e-10
7.745000e-01,1.474104e-10
7.746000e-01,5.339641e-11
7.747000e-01,-4.061760e-11
7.748000e-01,-1.346316e-10
7.749000e-01,-2.286456e-10
7.750000e-01,-3.226596e-10
7.751000e-01,-4.166737e-10
7.752000e-01,-5.106877e-10
7.753000e-01,-6.047017e-10
7.754000e-01,2.325963e-10
7.755000e-01,1.385822e-10
7.756000e-01,4.456823e-11
7.757000e-01,-4.944579e-11
7.758000e-01,-1.434598e-10
7.759000e-01,-2.374738e-10
7.760000e-01,-3.314878e-10
7.761000e-01,-4.255018e-10
7.762000e-01,-5.195159e-10
7.763000e-01,-6.135299e-10
7.764000e-01,2.237681e-10
7.765000e-01,1.297541e-10
7.766000e-01,3.574004e-11
7.767000e-01,-5.827397e-11
7.768000e-01,-1.522880e-10
7.769000e-01,-2.463020e-10
7.770000e-01,-3.403160e-10
7.771000e-01,-4.343300e-10
7.772000e-01,-5.283440e-10
7.773000e-01,-6.223581e-10
7.774000e-01,2.149399e-10
7.775000e-01,1.209259e-10
7.776000e-01,2.691186e-11
7.777000e-01,-6.710216e-11
7.778000e-01,-1.611162e-10
7.779000e-01,-2.551302e-10
7.780000e-01,-3.491442e-10
7.781000e-01,-4.431582e-10
7.782000e-01,-5.371722e-10
7.783000e-01,-6.311862e-10
7.784000e-01,2.061117e-10
7.785000e-01,1.120977e-10
7.786000e-01,1.808367e-11
7.787000e-01,-7.593034e-11
7.788000e-01,-1.699444e-10
7.789000e-01,-2.639584e-10
7.790000e-01,-3.579724e-10
7.791000e-01,-4.519864e-10
7.792000e-01,-5.460004e-10
7.793000e-01,-6.400144e-10
7.794000e-01,1.972835e-10
7.795000e-01,1.032695e-10
7.796000e-01,9.255487e-12
7.797000e-01,-8.475853e-11
7.798000e-01,-1.787725e-10
7.799000e-01,-2.727866e-10
7.800000e-01,-3.668006e-10
7.801000e-01,-4.608146e-10
7.802000e-01,-5.548286e-10
7.803000e-01,-6.488426e-10
7.804000e-01,-7.428566e-10
7.805000e-01,9.444132e-11
7.806000e-01,4.273018e-13
7.807000e-01,-9.358671e-11
7.808000e-01,-1.876007e-10
7.809000e-01,-2.816147e-10
7.810000e-01,-3.756288e-10
7.811000e-01,-4.696428e-10
7.812000e-01,-5.636568e-10
7.813000e-01,-6.576708e-10
7.814000e-01,-7.516848e-10
7.815000e-01,8.561313e-11
7.816000e-01,-8.400883e-12
7.817000e-01,-1.024149e-10
7.818000e-01,-1.964289e-10
7.819000e-01,-2.904429e-10
7.820000e-01,-3.844569e-10
7.821000e-01,-4.784710e-10
7.822000e-01,-5.724850e-10
7.823000e-01,-6.664990e-10
7.824000e-01,-7.605130e-10
7.825000e-01,7.678495e-11
7.826000e-01,-1.722907e-11
7.827000e-01,-1.112431e-10
7.828000e-01,-2.052571e-10
7.829000e-01,-2.992711e-10
7.830000e-01,-3.932851e-10
7.831000e-01,-4.872991e-10
7.832000e-01,-5.813132e-10
7.833000e-01,-6.753272e-10
7.834000e-01,-7.693412e-10
7.835000e-01,6.795676e-11
7.836000e-01,-2.605725e-11
7.837000e-01,-1.200713e-10
7.838000e-01,-2.140853e-10
7.839000e-01,-3.080993e-10
7.840000e-01,-4.021133e-10
7.841000e-01,-4.961273e-10
7.842000e-01,-5.901413e-10
7.843000e-01,-6.841554e-10
7.844000e-01,-7.781694e-10
7.845000e-01,5.912858e-11
7.846000e-01,-3.488544e-11
7.847000e-01,-1.288995e-10
7.848000e-01,-2.229135e-10
7.849000e-01,-3.169275e-10
7.850000e-01,-4.109415e-10
7.851000e-01,-5.049555e-10
7.852000e-01,-5.989695e-10
7.853000e-01,-6.929835e-10
7.854000e-01,-7.869976e-10
7.855000e-01,5.030039e-11
7.856000e-01,-4.371362e-11
7.857000e-01,-1.377276e-10
7.858000e-01,-2.317417e-10
7.859000e-01,-3.257557e-10
7.860000e-01,-4.197697e-10
7.861000e-01,-5.137837e-10
7.862000e-01,-6.077977e-10
7.863000e-01,-7.018117e-10
7.864000e-01,-7.958257e-10
7.865000e-01,4.147221e-11
7.866000e-01,-5.254181e-11
7.867000e-01,-1.465558e-10
7.868000e-01,-2.405698e-10
7.869000e-01,-3.345839e-10
7.870000e-01,-4.285979e-10
7.871000e-01,-5.226119e-10
7.872000e-01,-6.166259e-10
7.873000e-01,-7.106399e-10
7.874000e-01,-8.046539e-10
7.875000e-01,3.264402e-11
7.876000e-01,-6.136999e-11
7.877000e-01,-1.553840e-10
7.878000e-01,-2.493980e-10
7.879000e-01,-3.434120e-10
7.880000e-01,-4.374261e-10
7.881000e-01,-5.314401e-10
7.882000e-01,-6.254541e-10
7.883000e-01,-7.194681e-10
7.884000e-01,-8.134821e-10
7.885000e-01,2.381584e-11
7.886000e-01,-7.019818e-11
7.887000e-01,-1.642122e-10
7.888000e-01,-2.582262e-10
7.889000e-01,-3.522402e-10
7.890000e-01,-4.462542e-10
7.891000e-01,-5.402682e-10
7.892000e-01,-6.342823e-10
7.893000e-01,-7.282963e-10
7.894000e-01,-8.223103e-10
7.895000e-01,1.498765e-11
7.896000e-01,-7.902636e-11
7.897000e-01,-1.730404e-10
7.898000e-01,-2.670544e-10
7.899000e-01,-3.610684e-10
7.900000e-01,-4.550824e-10
7.901000e-01,-5.490964e-10
7.902000e-01,-6.431104e-10
7.903000e-01,-7.371245e-10
7.904000e-01,-8.311385e-10
7.905000e-01,6.159466e-12
7.906000e-01,-8.785455e-11
7.907000e-01,-1.818686e-10
7.908000e-01,-2.758826e-10
7.909000e-01,-3.698966e-10
7.910000e-01,-4.639106e-10
7.911000e-01,-5.579246e-10
7.912000e-01,-6.519386e-10
7.913000e-01,-7.459526e-10
7.914000e-01,-8.399667e-10
7.915000e-01,-2.668719e-12
7.916000e-01,-9.668273e-11
7.917000e-01,-1.906967e-10
7.918000e-01,-2.847108e-10
7.919000e-01,-3.787248e-10
7.920000e-01,-4.727388e-10
7.921000e-01,-5.667528e-10
7.922000e-01,-6.607668e-10
7.923000e-01,-7.547808e-10
7.924000e-01,-8.487948e-10
7.925000e-01,-1.149690e-11
7.926000e-01,-1.055109e-10
7.927000e-01,-1.995249e-10
7.928000e-01,-2.935389e-10
7.929000e-01,-3.875530e-10
7.930000e-01,-4.815670e-10
7.931000e-01,-5.755810e-10
7.932000e-01,-6.695950e-10
7.933000e-01,-7.636090e-10
7.934000e-01,7.368893e-11
7.935000e-01,-2.032509e-11
7.936000e-01,-1.143391e-10
7.937000e-01,-2.083531e-10
7.938000e-01,-3.023671e-10
7.939000e-01,-3.963811e-10
7.940000e-01,-4.903952e-10
7.941000e-01,-5.844092e-10
7.942000e-01,-6.784232e-10
7.943000e-01,-7.724372e-10
7.944000e-01,6.486074e-11
7.945000e-01,-2.915327e-11
7.946000e-01,-1.231673e-10
7.947000e-01,-2.171813e-10
7.948000e-01,-3.111953e-10
7.949000e-01,-4.052093e-10
7.950000e-01,-4.992233e-10
7.951000e-01,-5.932374e-10
7.952000e-01,-6.872514e-10
7.953000e-01,1.500466e-10
7.954000e-01,5.603256e-11
7.955000e-01,-3.798146e-11
7.956000e-01,-1.319955e-10
7.957000e-01,-2.260095e-10
7.958000e-01,-3.200235e-10
7.959000e-01,-4.140375e-10
7.960000e-01,-5.080515e-10
7.961000e-01,-6.020655e-10
7.962000e-01,-6.960796e-10
7.963000e-01,1.412184e-10
7.964000e-01,4.720437e-11
7.965000e-01,-4.680964e-11
7.966000e-01,-1.408237e-10
7.967000e-01,-2.348377e-10
7.968000e-01,-3.288517e-10
7.969000e-01,-4.228657e-10
7.970000e-01,-5.168797e-10
7.971000e-01,-6.108937e-10
7.972000e-01,2.264042e-10
7.973000e-01,1.323902e-10
7.974000e-01,3.837619e-11
7.975000e-01,-5.563783e-11
7.976000e-01,-1.496518e-10
7.977000e-01,-2.436659e-10
7.978000e-01,-3.376799e-10
7.979000e-01,-4.316939e-10
7.980000e-01,-5.257079e-10
7.981000e-01,-6.197219e-10
7.982000e-01,2.175760e-10
7.983000e-01,1.235620e-10
7.984000e-01,2.954800e-11
7.985000e-01,-6.446601e-11
7.986000e-01,-1.584800e-10
7.987000e-01,-2.524940e-10
7.988000e-01,-3.465081e-10
7.989000e-01,-4.405221e-10
7.990000e-01,-5.345361e-10
7.991000e-01,3.027619e-10
7.992000e-01,2.087478e-10
7.993000e-01,1.147338e-10
7.994000e-01,2.071982e-11
7.995000e-01,-7.329420e-11
7.996000e-01,-1.673082e-10
7.997000e-01,-2.613222e-10
7.998000e-01,-3.553362e-10
7.999000e-01,-4.493503e-10
8.000000e-01,-5.433643e-10
8.001000e-01,2.939337e-10
8.002000e-01,1.999197e-10
8.003000e-01,1.059056e-10
8.004000e-01,1.189163e-11
8.005000e-01,-8.212238e-11
8.006000e-01,-1.761364e-10
8.007000e-01,-2.701504e-10
8.008000e-01,-3.641644e-10
8.009000e-01,-4.581784e-10
8.010000e-01,3.791195e-10
8.011000e-01,2.851055e-10
8.012000e-01,1.910915e-10
8.013000e-01,9.707746e-11
8.014000e-01,3.063446e-12
8.015000e-01,-9.095057e-11
8.016000e-01,-1.849646e-10
8.017000e-01,-2.789786e-10
8.018000e-01,-3.729926e-10
8.019000e-01,4.643053e-10
8.020000e-01,3.702913e-10
8.021000e-01,2.762773e-10
8.022000e-01,1.822633e-10
8.023000e-01,8.824928e-11
8.024000e-01,-5.764739e-12
8.025000e-01,-9.977875e-11
8.026000e-01,-1.937928e-10
8.027000e-01,-2.878068e-10
8.028000e-01,-3.818208e-10
8.029000e-01,4.554771e-10
8.030000e-01,3.614631e-10
8.031000e-01,2.674491e-10
8.032000e-01,1.734351e-10
8.033000e-01,7.942109e-11
8.034000e-01,-1.459292e-11
8.035000e-01,-1.086069e-10
8.036000e-01,-2.026210e-10
8.037000e-01,-2.966350e-10
8.038000e-01,5.406630e-10
8.039000e-01,4.466490e-10
8.040000e-01,3.526349e-10
8.041000e-01,2.586209e-10
8.042000e-01,1.646069e-10
8.043000e-01,7.059291e-11
8.044000e-01,-2.342111e-11
8.045000e-01,-1.174351e-10
8.046000e-01,-2.114491e-10
8.047000e-01,-3.054632e-10
8.048000e-01,5.318348e-10
8.049000e-01,4.378208e-10
8.050000e-01,3.438068e-10
8.051000e-01,2.497927e-10
8.052000e-01,1.557787e-10
8.053000e-01,6.176472e-11
8.054000e-01,-3.224929e-11
8.055000e-01,-1.262633e-10
8.056000e-01,-2.202773e-10
8.057000e-01,6.170206e-10
8.058000e-01,5.230066e-10
8.059000e-01,4.289926e-10
8.060000e-01,3.349786e-10
8.061000e-01,2.409646e-10
8.062000e-01,1.469505e-10
8.063000e-01,5.293654e-11
8.064000e-01,-4.107748e-11
8.065000e-01,-1.350915e-10
8.066000e-01,-2.291055e-10
8.067000e-01,6.081924e-10
8.068000e-01,5.141784e-10
8.069000e-01,4.201644e-10
8.070000e-01,3.261504e-10
8.071000e-01,2.321364e-10
8.072000e-01,1.381224e-10
8.073000e-01,4.410835e-11
8.074000e-01,-4.990566e-11
8.075000e-01,-1.439197e-10
8.076000e-01,-2.379337e-10
8.077000e-01,5.993643e-10
8.078000e-01,5.053502e-10
8.079000e-01,4.113362e-10
8.080000e-01,3.173222e-10
8.081000e-01,2.233082e-10
8.082000e-01,1.292942e-10
8.083000e-01,3.528017e-11
8.084000e-01,-5.873385e-11
8.085000e-01,-1.527479e-10
8.086000e-01,-2.467619e-10
8.087000e-01,5.905361e-10
8.088000e-01,4.965221e-10
8.089000e-01,4.025080e-10
8.090000e-01,3.084940e-10
8.091000e-01,2.144800e-10
8.092000e-01,1.204660e-10
8.093000e-01,2.645198e-11
8.094000e-01,-6.756203e-11
8.095000e-01,-1.615760e-10
8.096000e-01,-2.555901e-10
8.097000e-01,5.817079e-10
8.098000e-01,4.876939e-10
8.099000e-01,3.936799e-10
8.100000e-01,2.996658e-10
8.101000e-01,2.056518e-10
8.102000e-01,1.116378e-10
8.103000e-01,1.762380e-11
8.104000e-01,-7.639022e-11
8.105000e-01,-1.704042e-10
8.106000e-01,-2.644182e-10
8.107000e-01,5.728797e-10
8.108000e-01,4.788657e-10
8.109000e-01,3.848517e-10
8.110000e-01,2.908377e-10
8.111000e-01,1.968236e-10
8.112000e-01,1.028096e-10
8.113000e-01,8.795611e-12
8.114000e-01,-8.521840e-11
8.115000e-01,-1.792324e-10
8.116000e-01,-2.732464e-10
8.117000e-01,5.640515e-10
8.118000e-01,4.700375e-10
8.119000e-01,3.760235e-10
8.120000e-01,2.820095e-10
8.121000e-01,1.879955e-10
8.122000e-01,9.398144e-11
8.123000e-01,-3.257431e-14
8.124000e-01,-9.404659e-11
8.125000e-01,-1.880606e-10
8.126000e-01,-2.820746e-10
8.127000e-01,5.552233e-10
8.128000e-01,4.612093e-10
8.129000e-01,3.671953e-10
8.130000e-01,2.731813e-10
8.131000e-01,1.791673e-10
8.132000e-01,8.515326e-11
8.133000e-01,-8.860759e-12
8.134000e-01,-1.028748e-10
8.135000e-01,-1.968888e-10
8.136000e-01,-2.909028e-10
8.137000e-01,5.463951e-10
8.138000e-01,4.523811e-10
8.139000e-01,3.583671e-10
8.140000e-01,2.643531e-10
8.141000e-01,1.703391e-10
8.142000e-01,7.632507e-11
8.143000e-01,-1.768894e-11
8.144000e-01,-1.117030e-10
8.145000e-01,-2.057170e-10
8.146000e-01,-2.997310e-10
8.147000e-01,5.375670e-10
8.148000e-01,4.435529e-10
8.149000e-01,3.495389e-10
8.150000e-01,2.555249e-10
8.151000e-01,1.615109e-10
8.152000e-01,6.749689e-11
8.153000e-01,-2.651713e-11
8.154000e-01,-1.205311e-10
8.155000e-01,-2.145452e-10
8.156000e-01,-3.085592e-10
8.157000e-01,5.287388e-10
8.158000e-01,4.347248e-10
8.159000e-01,3.407107e-10
8.160000e-01,2.466967e-10
8.161000e-01,1.526827e-10
8.162000e-01,5.866870e-11
8.163000e-01,-3.534531e-11
8.164000e-01,-1.293593e-10
8.165000e-01,-2.233733e-10
8.166000e-01,-3.173874e-10
8.167000e-01,5.199106e-10
8.168000e-01,4.258966e-10
8.169000e-01,3.318826e-10
8.170000e-01,2.378685e-10
8.171000e-01,1.438545e-10
8.172000e-01,4.984052e-11
8.173000e-01,-4.417350e-11
8.174000e-01,-1.381875e-10
8.175000e-01,-2.322015e-10
8.176000e-01,-3.262155e-10
8.177000e-01,5.110824e-10
8.178000e-01,4.170684e-10
8.179000e-01,3.230544e-10
8.180000e-01,2.290404e-10
8.181000e-01,1.350263e-10
8.182000e-01,4.101233e-11
8.183000e-01,-5.300168e-11
8.184000e-01,-1.470157e-10
8.185000e-01,-2.410297e-10
8.186000e-01,-3.350437e-10
8.187000e-01,5.022542e-10
8.188000e-01,4.082402e-10
8.189000e-01,3.142262e-10
8.190000e-01,2.202122e-10
8.191000e-01,1.261982e-10
8.192000e-01,3.218415e-11
8.193000e-01,-6.182987e-11
8.194000e-01,-1.558439e-10
8.195000e-01,-2.498579e-10
8.196000e-01,-3.438719e-10
8.197000e-01,-4.378859e-10
8.198000e-01,3.994120e-10
8.199000e-01,3.053980e-10
8.200000e-01,2.113840e-10
8.201000e-01,1.173700e-10
8.202000e-01,2.335596e-11
8.203000e-01,-7.065805e-11
8.204000e-01,-1.646721e-10
8.205000e-01,-2.586861e-10
8.206000e-01,-3.527001e-10
8.207000e-01,-4.467141e-10
8.208000e-01,3.905838e-10
8.209000e-01,2.965698e-10
8.210000e-01,2.025558e-10
8.211000e-01,1.085418e-10
8.212000e-01,1.452778e-11
8.213000e-01,-7.948624e-11
8.214000e-01,-1.735003e-10
8.215000e-01,-2.675143e-10
8.216000e-01,-3.615283e-10
8.217000e-01,-4.555423e-10
8.218000e-01,3.817556e-10
8.219000e-01,2.877416e-10
8.220000e-01,1.937276e-10
8.221000e-01,9.971360e-11
8.222000e-01,5.699590e-12
8.223000e-01,-8.831442e-11
8.224000e-01,-1.823284e-10
8.225000e-01,-2.763425e-10
8.226000e-01,-3.703565e-10
8.227000e-01,-4.643705e-10
8.228000e-01,3.729275e-10
8.229000e-01,2.789134e-10
8.230000e-01,1.848994e-10
8.231000e-01,9.088542e-11
8.232000e-01,-3.128595e-12
8.233000e-01,-9.714261e-11
8.234000e-01,-1.911566e-10
8.235000e-01,-2.851706e-10
8.236000e-01,-3.791847e-10
8.237000e-01,-4.731987e-10
8.238000e-01,3.640993e-10
8.239000e-01,2.700853e-10
8.240000e-01,1.760712e-10
8.241000e-01,8.205723e-11
8.242000e-01,-1.195678e-11
8.243000e-01,-1.059708e-10
8.244000e-01,-1.999848e-10
8.245000e-01,-2.939988e-10
8.246000e-01,-3.880128e-10
8.247000e-01,-4.820269e-10
8.248000e-01,3.552711e-10
8.249000e-01,2.612571e-10
8.250000e-01,1.672431e-10
8.251000e-01,7.322905e-11
8.252000e-01,-2.078496e-11
8.253000e-01,-1.147990e-10
8.254000e-01,-2.088130e-10
8.255000e-01,-3.028270e-10
8.256000e-01,-3.968410e-10
8.257000e-01,-4.908550e-10
8.258000e-01,3.464429e-10
8.259000e-01,2.524289e-10
8.260000e-01,1.584149e-10
8.261000e-01,6.440086e-11
8.262000e-01,-2.961315e-11
8.263000e-01,-1.236272e-10
8.264000e-01,-2.176412e-10
8.265000e-01,-3.116552e-10
8.266000e-01,-4.056692e-10
8.267000e-01,-4.996832e-10
8.268000e-01,3.376147e-10
8.269000e-01,2.436007e-10
8.270000e-01,1.495867e-10
8.271000e-01,5.557268e-11
8.272000e-01,-3.844133e-11
8.273000e-01,-1.324553e-10
8.274000e-01,-2.264694e-10
8.275000e-01,-3.204834e-10
8.276000e-01,-4.144974e-10
8.277000e-01,-5.085114e-10
8.278000e-01,3.287865e-10
8.279000e-01,2.347725e-10
8.280000e-01,1.407585e-10
8.281000e-01,4.674449e-11
8.282000e-01,-4.726952e-11
8.283000e-01,-1.412835e-10
8.284000e-01,-2.352975e-10
8.285000e-01,-3.293116e-10
8.286000e-01,-4.233256e-10
8.287000e-01,-5.173396e-10
8.288000e-01,3.199584e-10
8.289000e-01,2.259443e-10
8.290000e-01,1.319303e-10
8.291000e-01,3.791631e-11
8.292000e-01,-5.609770e-11
8.293000e-01,-1.501117e-10
8.294000e-01,-2.441257e-10
8.295000e-01,-3.381397e-10
8.296000e-01,-4.321538e-10
8.297000e-01,-5.261678e-10
8.298000e-01,3.111302e-10
8.299000e-01,2.171162e-10
8.300000e-01,1.231021e-10
8.301000e-01,2.908812e-11
8.302000e-01,-6.492589e-11
8.303000e-01,-1.589399e-10
8.304000e-01,-2.529539e-10
8.305000e-01,-3.469679e-10
8.306000e-01,-4.409819e-10
8.307000e-01,-5.349960e-10
8.308000e-01,3.023020e-10
8.309000e-01,2.082880e-10
8.310000e-01,1.142740e-10
8.311000e-01,2.025994e-11
8.312000e-01,-7.375407e-11
8.313000e-01,-1.677681e-10
8.314000e-01,-2.617821e-10
8.315000e-01,-3.557961e-10
8.316000e-01,-4.498101e-10
8.317000e-01,-5.438241e-10
8.318000e-01,2.934738e-10
8.319000e-01,1.994598e-10
8.320000e-01,1.054458e-10
8.321000e-01,1.143175e-11
8.322000e-01,-8.258226e-11
8.323000e-01,-1.765963e-10
8.324000e-01,-2.706103e-10
8.325000e-01,-3.646243e-10
8.326000e-01,-4.586383e-10
8.327000e-01,-5.526523e-10
8.328000e-01,-6.466663e-10
8.329000e-01,1.906316e-10
8.330000e-01,9.661758e-11
8.331000e-01,2.603570e-12
8.332000e-01,-9.141044e-11
8.333000e-01,-1.854245e-10
8.334000e-01,-2.794385e-10
8.335000e-01,-3.734525e-10
8.336000e-01,-4.674665e-10
8.337000e-01,-5.614805e-10
8.338000e-01,-6.554945e-10
8.339000e-01,1.818034e-10
8.340000e-01,8.778940e-11
8.341000e-01,-6.224615e-12
8.342000e-01,-1.002386e-10
8.343000e-01,-1.942526e-10
8.344000e-01,-2.882667e-10
8.345000e-01,-3.822807e-10
8.346000e-01,-4.762947e-10
8.347000e-01,-5.703087e-10
8.348000e-01,-6.643227e-10
8.349000e-01,1.729752e-10
8.350000e-01,7.896121e-11
8.351000e-01,-1.505280e-11
8.352000e-01,-1.090668e-10
8.353000e-01,-2.030808e-10
8.354000e-01,-2.970948e-10
8.355000e-01,-3.911089e-10
8.356000e-01,-4.851229e-10
8.357000e-01,-5.791369e-10
8.358000e-01,-6.731509e-10
8.359000e-01,1.641470e-10
8.360000e-01,7.013303e-11
8.361000e-01,-2.388099e-11
8.362000e-01,-1.178950e-10
8.363000e-01,-2.119090e-10
8.364000e-01,-3.059230e-10
8.365000e-01,-3.999370e-10
8.366000e-01,-4.939511e-10
8.367000e-01,-5.879651e-10
8.368000e-01,-6.819791e-10
8.369000e-01,1.553189e-10
8.370000e-01,6.130484e-11
8.371000e-01,-3.270917e-11
8.372000e-01,-1.267232e-10
8.373000e-01,-2.207372e-10
8.374000e-01,-3.147512e-10
8.375000e-01,-4.087652e-10
8.376000e-01,-5.027792e-10
8.377000e-01,-5.967933e-10
8.378000e-01,-6.908073e-10
8.379000e-01,1.464907e-10
8.380000e-01,5.247666e-11
8.381000e-01,-4.153735e-11
8.382000e-01,-1.355514e-10
8.383000e-01,-2.295654e-10
8.384000e-01,-3.235794e-10
8.385000e-01,-4.175934e-10
8.386000e-01,-5.116074e-10
8.387000e-01,-6.056214e-10
8.388000e-01,-6.996355e-10
8.389000e-01,1.376625e-10
8.390000e-01,4.364847e-11
8.391000e-01,-5.036554e-11
8.392000e-01,-1.443796e-10
8.393000e-01,-2.383936e-10
8.394000e-01,-3.324076e-10
8.395000e-01,-4.264216e-10
8.396000e-01,-5.204356e-10
8.397000e-01,-6.144496e-10
8.398000e-01,-7.084636e-10
8.399000e-01,1.288343e-10
8.400000e-01,3.482029e-11
8.401000e-01,-5.919372e-11
8.402000e-01,-1.532077e-10
8.403000e-01,-2.472218e-10
8.404000e-01,-3.412358e-10
8.405000e-01,-4.352498e-10
8.406000e-01,-5.292638e-10
8.407000e-01,-6.232778e-10
8.408000e-01,-7.172918e-10
8.409000e-01,1.200061e-10
8.410000e-01,2.599210e-11
8.411000e-01,-6.802191e-11
8.412000e-01,-1.620359e-10
8.413000e-01,-2.560499e-10
8.414000e-01,-3.500640e-10
8.415000e-01,-4.440780e-10
8.416000e-01,-5.380920e-10
8.417000e-01,-6.321060e-10
8.418000e-01,-7.261200e-10
8.419000e-01,1.111779e-10
8.420000e-01,1.716392e-11
8.421000e-01,-7.685009e-11
8.422000e-01,-1.708641e-10
8.423000e-01,-2.648781e-10
8.424000e-01,-3.588921e-10
8.425000e-01,-4.529062e-10
8.426000e-01,-5.469202e-10
8.427000e-01,-6.409342e-10
8.428000e-01,-7.349482e-10
8.429000e-01,1.023497e-10
8.430000e-01,8.335735e-12
8.431000e-01,-8.567828e-11
8.432000e-01,-1.796923e-10
8.433000e-01,-2.737063e-10
8.434000e-01,-3.677203e-10
8.435000e-01,-4.617343e-10
8.436000e-01,-5.557484e-10
8.437000e-01,-6.497624e-10
8.438000e-01,-7.437764e-10
8.439000e-01,9.352156e-11
8.440000e-01,-4.924505e-13
8.441000e-01,-9.450646e-11
8.442000e-01,-1.885205e-10
8.443000e-01,-2.825345e-10
8.444000e-01,-3.765485e-10
8.445000e-01,-4.705625e-10
8.446000e-01,-5.645765e-10
8.447000e-01,-6.585906e-10
8.448000e-01,-7.526046e-10
8.449000e-01,8.469338e-11
8.450000e-01,-9.320635e-12
8.451000e-01,-1.033346e-10
8.452000e-01,-1.973487e-10
8.453000e-01,-2.913627e-10
8.454000e-01,-3.853767e-10
8.455000e-01,-4.793907e-10
8.456000e-01,-5.734047e-10
8.457000e-01,-6.674187e-10
8.458000e-01,-7.614328e-10
8.459000e-01,-8.554468e-10
8.460000e-01,-1.814882e-11
8.461000e-01,-1.121628e-10
8.462000e-01,-2.061768e-10
8.463000e-01,-3.001909e-10
8.464000e-01,-3.942049e-10
8.465000e-01,-4.882189e-10
8.466000e-01,-5.822329e-10
8.467000e-01,-6.762469e-10
8.468000e-01,-7.702609e-10
8.469000e-01,-8.642749e-10
8.470000e-01,-2.697701e-11
8.471000e-01,-1.209910e-10
8.472000e-01,-2.150050e-10
8.473000e-01,-3.090190e-10
8.474000e-01,-4.030331e-10
8.475000e-01,-4.970471e-10
8.476000e-01,-5.910611e-10
8.477000e-01,-6.850751e-10
8.478000e-01,-7.790891e-10
8.479000e-01,-8.731031e-10
8.480000e-01,-3.580519e-11
8.481000e-01,-1.298192e-10
8.482000e-01,-2.238332e-10
8.483000e-01,-3.178472e-10
8.484000e-01,-4.118612e-10
8.485000e-01,-5.058753e-10
8.486000e-01,-5.998893e-10
8.487000e-01,-6.939033e-10
8.488000e-01,-7.879173e-10
8.489000e-01,-8.819313e-10
8.490000e-01,-4.463338e-11
8.491000e-01,-1.386474e-10
8.492000e-01,-2.326614e-10
8.493000e-01,-3.266754e-10
8.494000e-01,-4.206894e-10
8.495000e-01,-5.147034e-10
8.496000e-01,-6.087175e-10
8.497000e-01,-7.027315e-10
8.498000e-01,-7.967455e-10
8.499000e-01,-8.907595e-10
8.500000e-01,-5.346156e-11
8.501000e-01,-1.474756e-10
8.502000e-01,-2.414896e-10
8.503000e-01,-3.355036e-10
8.504000e-01,-4.295176e-10
8.505000e-01,-5.235316e-10
8.506000e-01,-6.175456e-10
8.507000e-01,-7.115597e-10
8.508000e-01,-8.055737e-10
8.509000e-01,-8.995877e-10
8.510000e-01,-6.228975e-11
8.511000e-01,-1.563038e-10
8.512000e-01,-2.503178e-10
8.513000e-01,-3.443318e-10
8.514000e-01,-4.383458e-10
8.515000e-01,-5.323598e-10
8.516000e-01,-6.263738e-10
8.517000e-01,-7.203878e-10
8.518000e-01,-8.144019e-10
8.519000e-01,2.289608e-11
8.520000e-01,-7.111793e-11
8.521000e-01,-1.651319e-10
8.522000e-01,-2.591460e-10
8.523000e-01,-3.531600e-10
8.524000e-01,-4.471740e-10
8.525000e-01,-5.411880e-10
8.526000e-01,-6.352020e-10
8.527000e-01,-7.292160e-10
8.528000e-01,-8.232300e-10
8.529000e-01,1.406790e-11
8.530000e-01,-7.994612e-11
8.531000e-01,-1.739601e-10
8.532000e-01,-2.679741e-10
8.533000e-01,-3.619882e-10
8.534000e-01,-4.560022e-10
8.535000e-01,-5.500162e-10
8.536000e-01,-6.440302e-10
8.537000e-01,-7.380442e-10
8.538000e-01,9.925373e-11
8.539000e-01,5.239714e-12
8.540000e-01,-8.877430e-11
8.541000e-01,-1.827883e-10
8.542000e-01,-2.768023e-10
8.543000e-01,-3.708163e-10
8.544000e-01,-4.648304e-10
8.545000e-01,-5.588444e-10
8.546000e-01,-6.528584e-10
8.547000e-01,-7.468724e-10
8.548000e-01,9.042554e-11
8.549000e-01,-3.588471e-12
8.550000e-01,-9.760249e-11
8.551000e-01,-1.916165e-10
8.552000e-01,-2.856305e-10
8.553000e-01,-3.796445e-10
8.554000e-01,-4.736585e-10
8.555000e-01,-5.676726e-10
8.556000e-01,-6.616866e-10
8.557000e-01,1.756114e-10
8.558000e-01,8.159736e-11
8.559000e-01,-1.241666e-11
8.560000e-01,-1.064307e-10
8.561000e-01,-2.004447e-10
8.562000e-01,-2.944587e-10
8.563000e-01,-3.884727e-10
8.564000e-01,-4.824867e-10
8.565000e-01,-5.765007e-10
8.566000e-01,-6.705148e-10
8.567000e-01,1.667832e-10
8.568000e-01,7.276917e-11
8.569000e-01,-2.124484e-11
8.570000e-01,-1.152589e-10
8.571000e-01,-2.092729e-10
8.572000e-01,-3.032869e-10
8.573000e-01,-3.973009e-10
8.574000e-01,-4.913149e-10
8.575000e-01,-5.853289e-10
8.576000e-01,2.519690e-10
8.577000e-01,1.579550e-10
8.578000e-01,6.394099e-11
8.579000e-01,-3.007303e-11
8.580000e-01,-1.240870e-10
8.581000e-01,-2.181011e-10
8.582000e-01,-3.121151e-10
8.583000e-01,-4.061291e-10
8.584000e-01,-5.001431e-10
8.585000e-01,3.371548e-10
8.586000e-01,2.431408e-10
8.587000e-01,1.491268e-10
8.588000e-01,5.511280e-11
8.589000e-01,-3.890121e-11
8.590000e-01,-1.329152e-10
8.591000e-01,-2.269292e-10
8.592000e-01,-3.209433e-10
8.593000e-01,-4.149573e-10
8.594000e-01,-5.089713e-10
8.595000e-01,3.283267e-10
8.596000e-01,2.343126e-10
8.597000e-01,1.402986e-10
8.598000e-01,4.628462e-11
8.599000e-01,-4.772940e-11
8.600000e-01,-1.417434e-10
8.601000e-01,-2.357574e-10
8.602000e-01,-3.297714e-10
8.603000e-01,-4.237855e-10
8.604000e-01,4.135125e-10
8.605000e-01,3.194985e-10
8.606000e-01,2.254845e-10
8.607000e-01,1.314704e-10
8.608000e-01,3.745643e-11
8.609000e-01,-5.655758e-11
8.610000e-01,-1.505716e-10
8.611000e-01,-2.445856e-10
8.612000e-01,-3.385996e-10
8.613000e-01,-4.326136e-10
8.614000e-01,4.046843e-10
8.615000e-01,3.106703e-10
8.616000e-01,2.166563e-10
8.617000e-01,1.226423e-10
8.618000e-01,2.862825e-11
8.619000e-01,-6.538577e-11
8.620000e-01,-1.593998e-10
8.621000e-01,-2.534138e-10
8.622000e-01,-3.474278e-10
8.623000e-01,4.898701e-10
8.624000e-01,3.958561e-10
8.625000e-01,3.018421e-10
8.626000e-01,2.078281e-10
8.627000e-01,1.138141e-10
8.628000e-01,1.980006e-11
8.629000e-01,-7.421395e-11
8.630000e-01,-1.682280e-10
8.631000e-01,-2.622420e-10
8.632000e-01,-3.562560e-10
8.633000e-01,4.810420e-10
8.634000e-01,3.870279e-10
8.635000e-01,2.930139e-10
8.636000e-01,1.989999e-10
8.637000e-01,1.049859e-10
8.638000e-01,1.097188e-11
8.639000e-01,-8.304214e-11
8.640000e-01,-1.770562e-10
8.641000e-01,-2.710702e-10
8.642000e-01,5.662278e-10
8.643000e-01,4.722138e-10
8.644000e-01,3.781998e-10
8.645000e-01,2.841857e-10
8.646000e-01,1.901717e-10
8.647000e-01,9.615771e-11
8.648000e-01,2.143694e-12
8.649000e-01,-9.187032e-11
8.650000e-01,-1.858843e-10
8.651000e-01,6.514136e-10
8.652000e-01,5.573996e-10
8.653000e-01,4.633856e-10
8.654000e-01,3.693716e-10
8.655000e-01,2.753576e-10
8.656000e-01,1.813435e-10
8.657000e-01,8.732952e-11
8.658000e-01,-6.684491e-12
8.659000e-01,-1.006985e-10
8.660000e-01,-1.947125e-10
8.661000e-01,6.425854e-10
8.662000e-01,5.485714e-10
8.663000e-01,4.545574e-10
8.664000e-01,3.605434e-10
8.665000e-01,2.665294e-10
8.666000e-01,1.725154e-10
8.667000e-01,7.850134e-11
8.668000e-01,-1.551268e-11
8.669000e-01,-1.095267e-10
8.670000e-01,-2.035407e-10
8.671000e-01,6.337572e-10
8.672000e-01,5.397432e-10
8.673000e-01,4.457292e-10
8.674000e-01,3.517152e-10
8.675000e-01,2.577012e-10
8.676000e-01,1.636872e-10
8.677000e-01,6.967315e-11
8.678000e-01,-2.434086e-11
8.679000e-01,-1.183549e-10
8.680000e-01,-2.123689e-10
8.681000e-01,6.249291e-10
8.682000e-01,5.309150e-10
8.683000e-01,4.369010e-10
8.684000e-01,3.428870e-10
8.685000e-01,2.488730e-10
8.686000e-01,1.548590e-10
8.687000e-01,6.084497e-11
8.688000e-01,-3.316905e-11
8.689000e-01,-1.271831e-10
8.690000e-01,-2.211971e-10
8.691000e-01,6.161009e-10
8.692000e-01,5.220869e-10
8.693000e-01,4.280728e-10
8.694000e-01,3.340588e-10
8.695000e-01,2.400448e-10
8.696000e-01,1.460308e-10
8.697000e-01,5.201678e-11
8.698000e-01,-4.199723e-11
8.699000e-01,-1.360112e-10
8.700000e-01,-2.300253e-10
8.701000e-01,6.072727e-10
8.702000e-01,5.132587e-10
8.703000e-01,4.192447e-10
8.704000e-01,3.252306e-10
8.705000e-01,2.312166e-10
8.706000e-01,1.372026e-10
8.707000e-01,4.318860e-11
8.708000e-01,-5.082542e-11
8.709000e-01,-1.448394e-10
8.710000e-01,-2.388534e-10
8.711000e-01,5.984445e-10
8.712000e-01,5.044305e-10
8.713000e-01,4.104165e-10
8.714000e-01,3.164025e-10
8.715000e-01,2.223884e-10
8.716000e-01,1.283744e-10
8.717000e-01,3.436041e-11
8.718000e-01,-5.965360e-11
8.719000e-01,-1.536676e-10
8.720000e-01,-2.476816e-10
8.721000e-01,-3.416956e-10
8.722000e-01,4.956023e-10
8.723000e-01,4.015883e-10
8.724000e-01,3.075743e-10
8.725000e-01,2.135603e-10
8.726000e-01,1.195462e-10
8.727000e-01,2.553223e-11
8.728000e-01,-6.848179e-11
8.729000e-01,-1.624958e-10
8.730000e-01,-2.565098e-10
8.731000e-01,-3.505238e-10
8.732000e-01,4.867741e-10
8.733000e-01,3.927601e-10
8.734000e-01,2.987461e-10
8.735000e-01,2.047321e-10
8.736000e-01,1.107181e-10
8.737000e-01,1.670404e-11
8.738000e-01,-7.730997e-11
8.739000e-01,-1.713240e-10
8.740000e-01,-2.653380e-10
8.741000e-01,-3.593520e-10
8.742000e-01,4.779459e-10
8.743000e-01,3.839319e-10
8.744000e-01,2.899179e-10
8.745000e-01,1.959039e-10
8.746000e-01,1.018899e-10
8.747000e-01,7.875858e-12
8.748000e-01,-8.613816e-11
8.749000e-01,-1.801522e-10
8.750000e-01,-2.741662e-10
8.751000e-01,-3.681802e-10
8.752000e-01,4.691177e-10
8.753000e-01,3.751037e-10
8.754000e-01,2.810897e-10
8.755000e-01,1.870757e-10
8.756000e-01,9.306169e-11
8.757000e-01,-9.523266e-13
8.758000e-01,-9.496634e-11
8.759000e-01,-1.889804e-10
8.760000e-01,-2.829944e-10
8.761000e-01,-3.770084e-10
8.762000e-01,4.602896e-10
8.763000e-01,3.662755e-10
8.764000e-01,2.722615e-10
8.765000e-01,1.782475e-10
8.766000e-01,8.423350e-11
8.767000e-01,-9.780512e-12
8.768000e-01,-1.037945e-10
8.769000e-01,-1.978085e-10
8.770000e-01,-2.918226e-10
8.771000e-01,-3.858366e-10
8.772000e-01,4.514614e-10
8.773000e-01,3.574474e-10
8.774000e-01,2.634333e-10
8.775000e-01,1.694193e-10
8.776000e-01,7.540532e-11
8.777000e-01,-1.860870e-11
8.778000e-01,-1.126227e-10
8.779000e-01,-2.066367e-10
8.780000e-01,-3.006507e-10
8.781000e-01,-3.946648e-10
8.782000e-01,4.426332e-10
8.783000e-01,3.486192e-10
8.784000e-01,2.546052e-10
8.785000e-01,1.605911e-10
8.786000e-01,6.657713e-11
8.787000e-01,-2.743688e-11
8.788000e-01,-1.214509e-10
8.789000e-01,-2.154649e-10
8.790000e-01,-3.094789e-10
8.791000e-01,-4.034929e-10
8.792000e-01,4.338050e-10
8.793000e-01,3.397910e-10
8.794000e-01,2.457770e-10
8.795000e-01,1.517630e-10
8.796000e-01,5.774895e-11
8.797000e-01,-3.626507e-11
8.798000e-01,-1.302791e-10
8.799000e-01,-2.242931e-10
8.800000e-01,-3.183071e-10
8.801000e-01,-4.123211e-10
8.802000e-01,4.249768e-10
8.803000e-01,3.309628e-10
8.804000e-01,2.369488e-10
8.805000e-01,1.429348e-10
8.806000e-01,4.892076e-11
8.807000e-01,-4.509325e-11
8.808000e-01,-1.391073e-10
8.809000e-01,-2.331213e-10
8.810000e-01,-3.271353e-10
8.811000e-01,-4.211493e-10
8.812000e-01,4.161486e-10
8.813000e-01,3.221346e-10
8.814000e-01,2.281206e-10
8.815000e-01,1.341066e-10
8.816000e-01,4.009258e-11
8.817000e-01,-5.392144e-11
8.818000e-01,-1.479355e-10
8.819000e-01,-2.419495e-10
8.820000e-01,-3.359635e-10
8.821000e-01,-4.299775e-10
8.822000e-01,4.073205e-10
8.823000e-01,3.133064e-10
8.824000e-01,2.192924e-10
8.825000e-01,1.252784e-10
8.826000e-01,3.126439e-11
8.827000e-01,-6.274962e-11
8.828000e-01,-1.567636e-10
8.829000e-01,-2.507777e-10
8.830000e-01,-3.447917e-10
8.831000e-01,-4.388057e-10
8.832000e-01,3.984923e-10
8.833000e-01,3.044783e-10
8.834000e-01,2.104642e-10
8.835000e-01,1.164502e-10
8.836000e-01,2.243621e-11
8.837000e-01,-7.157781e-11
8.838000e-01,-1.655918e-10
8.839000e-01,-2.596058e-10
8.840000e-01,-3.536198e-10
8.841000e-01,-4.476339e-10
8.842000e-01,3.896641e-10
8.843000e-01,2.956501e-10
8.844000e-01,2.016361e-10
8.845000e-01,1.076220e-10
8.846000e-01,1.360802e-11
8.847000e-01,-8.040599e-11
8.848000e-01,-1.744200e-10
8.849000e-01,-2.684340e-10
8.850000e-01,-3.624480e-10
8.851000e-01,-4.564620e-10
8.852000e-01,3.808359e-10
8.853000e-01,2.868219e-10
8.854000e-01,1.928079e-10
8.855000e-01,9.879385e-11
8.856000e-01,4.779838e-12
8.857000e-01,-8.923418e-11
8.858000e-01,-1.832482e-10
8.859000e-01,-2.772622e-10
8.860000e-01,-3.712762e-10
8.861000e-01,-4.652902e-10
8.862000e-01,-5.593042e-10
8.863000e-01,2.779937e-10
8.864000e-01,1.839797e-10
8.865000e-01,8.996567e-11
8.866000e-01,-4.048347e-12
8.867000e-01,-9.806236e-11
8.868000e-01,-1.920764e-10
8.869000e-01,-2.860904e-10
8.870000e-01,-3.801044e-10
8.871000e-01,-4.741184e-10
8.872000e-01,-5.681324e-10
8.873000e-01,2.691655e-10
8.874000e-01,1.751515e-10
8.875000e-01,8.113748e-11
8.876000e-01,-1.287653e-11
8.877000e-01,-1.068905e-10
8.878000e-01,-2.009046e-10
8.879000e-01,-2.949186e-10
8.880000e-01,-3.889326e-10
8.881000e-01,-4.829466e-10
8.882000e-01,-5.769606e-10
8.883000e-01,2.603373e-10
8.884000e-01,1.663233e-10
8.885000e-01,7.230930e-11
8.886000e-01,-2.170472e-11
8.887000e-01,-1.157187e-10
8.888000e-01,-2.097327e-10
8.889000e-01,-3.037468e-10
8.890000e-01,-3.977608e-10
8.891000e-01,-4.917748e-10
8.892000e-01,-5.857888e-10
8.893000e-01,2.515091e-10
8.894000e-01,1.574951e-10
8.895000e-01,6.348111e-11
8.896000e-01,-3.053290e-11
8.897000e-01,-1.245469e-10
8.898000e-01,-2.185609e-10
8.899000e-01,-3.125749e-10
8.900000e-01,-4.065890e-10
8.901000e-01,-5.006030e-10
8.902000e-01,-5.946170e-10
8.903000e-01,2.426810e-10
8.904000e-01,1.486669e-10
8.905000e-01,5.465293e-11
8.906000e-01,-3.936109e-11
8.907000e-01,-1.333751e-10
8.908000e-01,-2.273891e-10
8.909000e-01,-3.214031e-10
8.910000e-01,-4.154171e-10
8.911000e-01,-5.094312e-10
8.912000e-01,-6.034452e-10
8.913000e-01,2.338528e-10
8.914000e-01,1.398388e-10
8.915000e-01,4.582474e-11
8.916000e-01,-4.818927e-11
8.917000e-01,-1.422033e-10
8.918000e-01,-2.362173e-10
8.919000e-01,-3.302313e-10
8.920000e-01,-4.242453e-10
8.921000e-01,-5.182593e-10
8.922000e-01,-6.122734e-10
8.923000e-01,2.250246e-10
8.924000e-01,1.310106e-10
8.925000e-01,3.699656e-11
8.926000e-01,-5.701746e-11
8.927000e-01,-1.510315e-10
8.928000e-01,-2.450455e-10
8.929000e-01,-3.390595e-10
8.930000e-01,-4.330735e-10
8.931000e-01,-5.270875e-10
8.932000e-01,-6.211015e-10
8.933000e-01,2.161964e-10
8.934000e-01,1.221824e-10
8.935000e-01,2.816837e-11
8.936000e-01,-6.584564e-11
8.937000e-01,-1.598597e-10
8.938000e-01,-2.538737e-10
8.939000e-01,-3.478877e-10
8.940000e-01,-4.419017e-10
8.941000e-01,-5.359157e-10
8.942000e-01,-6.299297e-10
8.943000e-01,2.073682e-10
8.944000e-01,1.133542e-10
8.945000e-01,1.934019e-11
8.946000e-01,-7.467383e-11
8.947000e-01,-1.686878e-10
8.948000e-01,-2.627019e-10
8.949000e-01,-3.567159e-10
8.950000e-01,-4.507299e-10
8.951000e-01,-5.447439e-10
8.952000e-01,-6.387579e-10
8.953000e-01,1.985400e-10
8.954000e-01,1.045260e-10
8.955000e-01,1.051200e-11
8.956000e-01,-8.350201e-11
8.957000e-01,-1.775160e-10
8.958000e-01,-2.715300e-10
8.959000e-01,-3.655441e-10
8.960000e-01,-4.595581e-10
8.961000e-01,-5.535721e-10
8.962000e-01,-6.475861e-10
8.963000e-01,1.897118e-10
8.964000e-01,9.569783e-11
8.965000e-01,1.683818e-12
8.966000e-01,-9.233020e-11
8.967000e-01,-1.863442e-10
8.968000e-01,-2.803582e-10
8.969000e-01,-3.743722e-10
8.970000e-01,-4.683863e-10
8.971000e-01,-5.624003e-10
8.972000e-01,-6.564143e-10
8.973000e-01,1.808837e-10
8.974000e-01,8.686965e-11
8.975000e-01,-7.144367e-12
8.976000e-01,-1.011584e-10
8.977000e-01,-1.951724e-10
8.978000e-01,-2.891864e-10
8.979000e-01,-3.832004e-10
8.980000e-01,-4.772144e-10
8.981000e-01,-5.712285e-10
8.982000e-01,-6.652425e-10
8.983000e-01,1.720555e-10
8.984000e-01,7.804146e-11
8.985000e-01,-1.597255e-11
8.986000e-01,-1.099866e-10
8.987000e-01,-2.040006e-10
8.988000e-01,-2.980146e-10
8.989000e-01,-3.920286e-10
8.990000e-01,-4.860426e-10
8.991000e-01,-5.800566e-10
8.992000e-01,-6.740707e-10
8.993000e-01,-7.680847e-10
8.994000e-01,6.921328e-11
8.995000e-01,-2.480074e-11
8.996000e-01,-1.188148e-10
8.997000e-01,-2.128288e-10
8.998000e-01,-3.068428e-10
8.999000e-01,-4.008568e-10
9.000000e-01,-4.948708e-10
9.001000e-01,-5.888848e-10
9.002000e-01,-6.828988e-10
9.003000e-01,-7.769129e-10
9.004000e-01,6.038509e-11
9.005000e-01,-3.362892e-11
9.006000e-01,-1.276429e-10
9.007000e-01,-2.216570e-10
9.008000e-01,-3.156710e-10
9.009000e-01,-4.096850e-10
9.010000e-01,-5.036990e-10
9.011000e-01,-5.977130e-10
9.012000e-01,-6.917270e-10
9.013000e-01,-7.857410e-10
9.014000e-01,5.155691e-11
9.015000e-01,-4.245711e-11
9.016000e-01,-1.364711e-10
9.017000e-01,-2.304851e-10
9.018000e-01,-3.244992e-10
9.019000e-01,-4.185132e-10
9.020000e-01,-5.125272e-10
9.021000e-01,-6.065412e-10
9.022000e-01,-7.005552e-10
9.023000e-01,-7.945692e-10
9.024000e-01,4.272872e-11
9.025000e-01,-5.128529e-11
9.026000e-01,-1.452993e-10
9.027000e-01,-2.393133e-10
9.028000e-01,-3.333273e-10
9.029000e-01,-4.273413e-10
9.030000e-01,-5.213554e-10
9.031000e-01,-6.153694e-10
9.032000e-01,-7.093834e-10
9.033000e-01,-8.033974e-10
9.034000e-01,3.390054e-11
9.035000e-01,-6.011348e-11
9.036000e-01,-1.541275e-10
9.037000e-01,-2.481415e-10
9.038000e-01,-3.421555e-10
9.039000e-01,-4.361695e-10
9.040000e-01,-5.301835e-10
9.041000e-01,-6.241976e-10
9.042000e-01,-7.182116e-10
9.043000e-01,-8.122256e-10
9.044000e-01,2.507235e-11
9.045000e-01,-6.894166e-11
9.046000e-01,-1.629557e-10
9.047000e-01,-2.569697e-10
9.048000e-01,-3.509837e-10
9.049000e-01,-4.449977e-10
9.050000e-01,-5.390117e-10
9.051000e-01,-6.330257e-10
9.052000e-01,-7.270398e-10
9.053000e-01,-8.210538e-10
9.054000e-01,1.624417e-11
9.055000e-01,-7.776985e-11
9.056000e-01,-1.717839e-10
9.057000e-01,-2.657979e-10
9.058000e-01,-3.598119e-10
9.059000e-01,-4.538259e-10
9.060000e-01,-5.478399e-10
9.061000e-01,-6.418539e-10
9.062000e-01,-7.358679e-10
9.063000e-01,-8.298820e-10
9.064000e-01,7.415982e-12
9.065000e-01,-8.659803e-11
9.066000e-01,-1.806120e-10
9.067000e-01,-2.746261e-10
9.068000e-01,-3.686401e-10
9.069000e-01,-4.626541e-10
9.070000e-01,-5.566681e-10
9.071000e-01,-6.506821e-10
9.072000e-01,-7.446961e-10
9.073000e-01,-8.387101e-10
9.074000e-01,-1.412203e-12
9.075000e-01,-9.542622e-11
9.076000e-01,-1.894402e-10
9.077000e-01,-2.834542e-10
9.078000e-01,-3.774683e-10
9.079000e-01,-4.714823e-10
9.080000e-01,-5.654963e-10
9.081000e-01,-6.595103e-10
9.082000e-01,-7.535243e-10
9.083000e-01,-8.475383e-10
9.084000e-01,-1.024039e-11
9.085000e-01,-1.042544e-10
9.086000e-01,-1.982684e-10
9.087000e-01,-2.922824e-10
9.088000e-01,-3.862964e-10
9.089000e-01,-4.803105e-10
9.090000e-01,-5.743245e-10
9.091000e-01,-6.683385e-10
9.092000e-01,-7.623525e-10
9.093000e-01,-8.563665e-10
9.094000e-01,-1.906857e-11
9.095000e-01,-1.130826e-10
9.096000e-01,-2.070966e-10
9.097000e-01,-3.011106e-10
9.098000e-01,-3.951246e-10
9.099000e-01,-4.891386e-10
9.100000e-01,-5.831527e-10
9.101000e-01,-6.771667e-10
9.102000e-01,-7.711807e-10
9.103000e-01,-8.651947e-10
9.104000e-01,-2.789676e-11
9.105000e-01,-1.219108e-10
9.106000e-01,-2.159248e-10
9.107000e-01,-3.099388e-10
9.108000e-01,-4.039528e-10
9.109000e-01,-4.979668e-10
9.110000e-01,-5.919808e-10
9.111000e-01,-6.859949e-10
9.112000e-01,-7.800089e-10
9.113000e-01,-8.740229e-10
9.114000e-01,-3.672494e-11
9.115000e-01,-1.307390e-10
9.116000e-01,-2.247530e-10
9.117000e-01,-3.187670e-10
9.118000e-01,-4.127810e-10
9.119000e-01,-5.067950e-10
9.120000e-01,-6.008090e-10
9.121000e-01,-6.948230e-10
9.122000e-01,-7.888371e-10
9.123000e-01,4.846089e-11
9.124000e-01,-4.555313e-11
9.125000e-01,-1.395671e-10
9.126000e-01,-2.335812e-10
9.127000e-01,-3.275952e-10
9.128000e-01,-4.216092e-10
9.129000e-01,-5.156232e-10
9.130000e-01,-6.096372e-10
9.131000e-01,-7.036512e-10
9.132000e-01,-7.976652e-10
9.133000e-01,3.963270e-11
9.134000e-01,-5.438131e-11
9.135000e-01,-1.483953e-10
9.136000e-01,-2.424093e-10
9.137000e-01,-3.364234e-10
9.138000e-01,-4.304374e-10
9.139000e-01,-5.244514e-10
9.140000e-01,-6.184654e-10
9.141000e-01,-7.124794e-10
9.142000e-01,1.248185e-10
9.143000e-01,3.080452e-11
9.144000e-01,-6.320950e-11
9.145000e-01,-1.572235e-10
9.146000e-01,-2.512375e-10
9.147000e-01,-3.452515e-10
9.148000e-01,-4.392656e-10
9.149000e-01,-5.332796e-10
9.150000e-01,-6.272936e-10
9.151000e-01,2.100044e-10
9.152000e-01,1.159903e-10
9.153000e-01,2.197633e-11
9.154000e-01,-7.203768e-11
9.155000e-01,-1.660517e-10
9.156000e-01,-2.600657e-10
9.157000e-01,-3.540797e-10
9.158000e-01,-4.480937e-10
9.159000e-01,-5.421078e-10
9.160000e-01,-6.361218e-10
9.161000e-01,2.011762e-10
9.162000e-01,1.071622e-10
9.163000e-01,1.314815e-11
9.164000e-01,-8.086587e-11
9.165000e-01,-1.748799e-10
9.166000e-01,-2.688939e-10
9.167000e-01,-3.629079e-10
9.168000e-01,-4.569219e-10
9.169000e-01,-5.509359e-10
9.170000e-01,2.863620e-10
9.171000e-01,1.923480e-10
9.172000e-01,9.833398e-11
9.173000e-01,4.319962e-12
9.174000e-01,-8.969405e-11
9.175000e-01,-1.837081e-10
9.176000e-01,-2.777221e-10
9.177000e-01,-3.717361e-10
9.178000e-01,-4.657501e-10
9.179000e-01,-5.597641e-10
9.180000e-01,2.775338e-10
9.181000e-01,1.835198e-10
9.182000e-01,8.950579e-11
9.183000e-01,-4.508223e-12
9.184000e-01,-9.852224e-11
9.185000e-01,-1.925363e-10
9.186000e-01,-2.865503e-10
9.187000e-01,-3.805643e-10
9.188000e-01,-4.745783e-10
9.189000e-01,3.627196e-10
9.190000e-01,2.687056e-10
9.191000e-01,1.746916e-10
9.192000e-01,8.067761e-11
9.193000e-01,-1.333641e-11
9.194000e-01,-1.073504e-10
9.195000e-01,-2.013644e-10
9.196000e-01,-2.953785e-10
9.197000e-01,-3.893925e-10
9.198000e-01,-4.834065e-10
9.199000e-01,3.538915e-10
9.200000e-01,2.598775e-10
9.201000e-01,1.658634e-10
9.202000e-01,7.184942e-11
9.203000e-01,-2.216459e-11
9.204000e-01,-1.161786e-10
9.205000e-01,-2.101926e-10
9.206000e-01,-3.042066e-10
9.207000e-01,-3.982207e-10
9.208000e-01,4.390773e-10
9.209000e-01,3.450633e-10
9.210000e-01,2.510493e-10
9.211000e-01,1.570353e-10
9.212000e-01,6.302124e-11
9.213000e-01,-3.099278e-11
9.214000e-01,-1.250068e-10
9.215000e-01,-2.190208e-10
9.216000e-01,-3.130348e-10
9.217000e-01,-4.070488e-10
9.218000e-01,4.302491e-10
9.219000e-01,3.362351e-10
9.220000e-01,2.422211e-10
9.221000e-01,1.482071e-10
9.222000e-01,5.419305e-11
9.223000e-01,-3.982096e-11
9.224000e-01,-1.338350e-10
9.225000e-01,-2.278490e-10
9.226000e-01,-3.218630e-10
9.227000e-01,5.154349e-10
9.228000e-01,4.214209e-10
9.229000e-01,3.274069e-10
9.230000e-01,2.333929e-10
9.231000e-01,1.393789e-10
9.232000e-01,4.536487e-11
9.233000e-01,-4.864915e-11
9.234000e-01,-1.426632e-10
9.235000e-01,-2.366772e-10
9.236000e-01,6.006208e-10
9.237000e-01,5.066068e-10
9.238000e-01,4.125927e-10
9.239000e-01,3.185787e-10
9.240000e-01,2.245647e-10
9.241000e-01,1.305507e-10
9.242000e-01,3.653668e-11
9.243000e-01,-5.747733e-11
9.244000e-01,-1.514913e-10
9.245000e-01,-2.455054e-10
9.246000e-01,5.917926e-10
9.247000e-01,4.977786e-10
9.248000e-01,4.037646e-10
9.249000e-01,3.097505e-10
9.250000e-01,2.157365e-10
9.251000e-01,1.217225e-10
9.252000e-01,2.770850e-11
9.253000e-01,-6.630552e-11
9.254000e-01,-1.603195e-10
9.255000e-01,-2.543335e-10
9.256000e-01,5.829644e-10
9.257000e-01,4.889504e-10
9.258000e-01,3.949364e-10
9.259000e-01,3.009224e-10
9.260000e-01,2.069083e-10
9.261000e-01,1.128943e-10
9.262000e-01,1.888031e-11
9.263000e-01,-7.513370e-11
9.264000e-01,-1.691477e-10
9.265000e-01,-2.631617e-10
9.266000e-01,5.741362e-10
9.267000e-01,4.801222e-10
9.268000e-01,3.861082e-10
9.269000e-01,2.920942e-10
9.270000e-01,1.980802e-10
9.271000e-01,1.040661e-10
9.272000e-01,1.005213e-11
9.273000e-01,-8.396189e-11
9.274000e-01,-1.779759e-10
9.275000e-01,-2.719899e-10
9.276000e-01,5.653080e-10
9.277000e-01,4.712940e-10
9.278000e-01,3.772800e-10
9.279000e-01,2.832660e-10
9.280000e-01,1.892520e-10
9.281000e-01,9.523796e-11
9.282000e-01,1.223941e-12
9.283000e-01,-9.279007e-11
9.284000e-01,-1.868041e-10
9.285000e-01,-2.808181e-10
9.286000e-01,5.564798e-10
9.287000e-01,4.624658e-10
9.288000e-01,3.684518e-10
9.289000e-01,2.744378e-10
9.290000e-01,1.804238e-10
9.291000e-01,8.640977e-11
9.292000e-01,-7.604243e-12
9.293000e-01,-1.016183e-10
9.294000e-01,-1.956323e-10
9.295000e-01,-2.896463e-10
9.296000e-01,5.476517e-10
9.297000e-01,4.536376e-10
9.298000e-01,3.596236e-10
9.299000e-01,2.656096e-10
9.300000e-01,1.715956e-10
9.301000e-01,7.758159e-11
9.302000e-01,-1.643243e-11
9.303000e-01,-1.104464e-10
9.304000e-01,-2.044605e-10
9.305000e-01,-2.984745e-10
9.306000e-01,5.388235e-10
9.307000e-01,4.448095e-10
9.308000e-01,3.507954e-10
9.309000e-01,2.567814e-10
9.310000e-01,1.627674e-10
9.311000e-01,6.875340e-11
9.312000e-01,-2.526061e-11
9.313000e-01,-1.192746e-10
9.314000e-01,-2.132886e-10
9.315000e-01,-3.073027e-10
9.316000e-01,5.299953e-10
9.317000e-01,4.359813e-10
9.318000e-01,3.419673e-10
9.319000e-01,2.479532e-10
9.320000e-01,1.539392e-10
9.321000e-01,5.992522e-11
9.322000e-01,-3.408880e-11
9.323000e-01,-1.281028e-10
9.324000e-01,-2.221168e-10
9.325000e-01,-3.161308e-10
9.326000e-01,5.211671e-10
9.327000e-01,4.271531e-10
9.328000e-01,3.331391e-10
9.329000e-01,2.391251e-10
9.330000e-01,1.451110e-10
9.331000e-01,5.109703e-11
9.332000e-01,-4.291698e-11
9.333000e-01,-1.369310e-10
9.334000e-01,-2.309450e-10
9.335000e-01,-3.249590e-10
9.336000e-01,5.123389e-10
9.337000e-01,4.183249e-10
9.338000e-01,3.243109e-10
9.339000e-01,2.302969e-10
9.340000e-01,1.362829e-10
9.341000e-01,4.226885e-11
9.342000e-01,-5.174517e-11
9.343000e-01,-1.457592e-10
9.344000e-01,-2.397732e-10
9.345000e-01,-3.337872e-10
9.346000e-01,5.035107e-10
9.347000e-01,4.094967e-10
9.348000e-01,3.154827e-10
9.349000e-01,2.214687e-10
9.350000e-01,1.274547e-10
9.351000e-01,3.344066e-11
9.352000e-01,-6.057335e-11
9.353000e-01,-1.545874e-10
9.354000e-01,-2.486014e-10
9.355000e-01,-3.426154e-10
9.356000e-01,4.946825e-10
9.357000e-01,4.006685e-10
9.358000e-01,3.066545e-10
9.359000e-01,2.126405e-10
9.360000e-01,1.186265e-10
9.361000e-01,2.461248e-11
9.362000e-01,-6.940154e-11
9.363000e-01,-1.634156e-10
9.364000e-01,-2.574296e-10
9.365000e-01,-3.514436e-10
9.366000e-01,4.858544e-10
9.367000e-01,3.918403e-10
9.368000e-01,2.978263e-10
9.369000e-01,2.038123e-10
9.370000e-01,1.097983e-10
9.371000e-01,1.578429e-11
9.372000e-01,-7.822972e-11
9.373000e-01,-1.722437e-10
9.374000e-01,-2.662578e-10
9.375000e-01,-3.602718e-10
9.376000e-01,4.770262e-10
9.377000e-01,3.830122e-10
9.378000e-01,2.889981e-10
9.379000e-01,1.949841e-10
9.380000e-01,1.009701e-10
9.381000e-01,6.956106e-12
9.382000e-01,-8.705791e-11
9.383000e-01,-1.810719e-10
9.384000e-01,-2.750859e-10
9.385000e-01,-3.691000e-10
9.386000e-01,-4.631140e-10
9.387000e-01,3.741840e-10
9.388000e-01,2.801700e-10
9.389000e-01,1.861559e-10
9.390000e-01,9.214194e-11
9.391000e-01,-1.872079e-12
9.392000e-01,-9.588609e-11
9.393000e-01,-1.899001e-10
9.394000e-01,-2.839141e-10
9.395000e-01,-3.779281e-10
9.396000e-01,-4.719422e-10
9.397000e-01,3.653558e-10
9.398000e-01,2.713418e-10
9.399000e-01,1.773278e-10
9.400000e-01,8.331375e-11
9.401000e-01,-1.070026e-11
9.402000e-01,-1.047143e-10
9.403000e-01,-1.987283e-10
9.404000e-01,-2.927423e-10
9.405000e-01,-3.867563e-10
9.406000e-01,-4.807703e-10
9.407000e-01,3.565276e-10
9.408000e-01,2.625136e-10
9.409000e-01,1.684996e-10
9.410000e-01,7.448557e-11
9.411000e-01,-1.952845e-11
9.412000e-01,-1.135425e-10
9.413000e-01,-2.075565e-10
9.414000e-01,-3.015705e-10
9.415000e-01,-3.955845e-10
9.416000e-01,-4.895985e-10
9.417000e-01,3.476994e-10
9.418000e-01,2.536854e-10
9.419000e-01,1.596714e-10
9.420000e-01,6.565738e-11
9.421000e-01,-2.835663e-11
9.422000e-01,-1.223706e-10
9.423000e-01,-2.163847e-10
9.424000e-01,-3.103987e-10
9.425000e-01,-4.044127e-10
9.426000e-01,-4.984267e-10
9.427000e-01,3.388712e-10
9.428000e-01,2.448572e-10
9.429000e-01,1.508432e-10
9.430000e-01,5.682920e-11
9.431000e-01,-3.718482e-11
9.432000e-01,-1.311988e-10
9.433000e-01,-2.252128e-10
9.434000e-01,-3.192269e-10
9.435000e-01,-4.132409e-10
9.436000e-01,-5.072549e-10
9.437000e-01,3.300431e-10
9.438000e-01,2.360290e-10
9.439000e-01,1.420150e-10
9.440000e-01,4.800101e-11
9.441000e-01,-4.601300e-11
9.442000e-01,-1.400270e-10
9.443000e-01,-2.340410e-10
9.444000e-01,-3.280550e-10
9.445000e-01,-4.220691e-10
9.446000e-01,-5.160831e-10
9.447000e-01,3.212149e-10
9.448000e-01,2.272009e-10
9.449000e-01,1.331868e-10
9.450000e-01,3.917283e-11
9.451000e-01,-5.484119e-11
9.452000e-01,-1.488552e-10
9.453000e-01,-2.428692e-10
9.454000e-01,-3.368832e-10
9.455000e-01,-4.308972e-10
9.456000e-01,-5.249113e-10
9.457000e-01,3.123867e-10
9.458000e-01,2.183727e-10
9.459000e-01,1.243587e-10
9.460000e-01,3.034464e-11
9.461000e-01,-6.366937e-11
9.462000e-01,-1.576834e-10
9.463000e-01,-2.516974e-10
9.464000e-01,-3.457114e-10
9.465000e-01,-4.397254e-10
9.466000e-01,-5.337394e-10
9.467000e-01,3.035585e-10
9.468000e-01,2.095445e-10
9.469000e-01,1.155305e-10
9.470000e-01,2.151646e-11
9.471000e-01,-7.249756e-11
9.472000e-01,-1.665116e-10
9.473000e-01,-2.605256e-10
9.474000e-01,-3.545396e-10
9.475000e-01,-4.485536e-10
9.476000e-01,-5.425676e-10
9.477000e-01,2.947303e-10
9.478000e-01,2.007163e-10
9.479000e-01,1.067023e-10
9.480000e-01,1.268827e-11
9.481000e-01,-8.132574e-11
9.482000e-01,-1.753398e-10
9.483000e-01,-2.693538e-10
9.484000e-01,-3.633678e-10
9.485000e-01,-4.573818e-10
9.486000e-01,-5.513958e-10
9.487000e-01,2.859021e-10
9.488000e-01,1.918881e-10
9.489000e-01,9.787410e-11
9.490000e-01,3.860086e-12
9.491000e-01,-9.015393e-11
9.492000e-01,-1.841679e-10
9.493000e-01,-2.781820e-10
9.494000e-01,-3.721960e-10
9.495000e-01,-4.662100e-10
9.496000e-01,-5.602240e-10
9.497000e-01,2.770739e-10
9.498000e-01,1.830599e-10
9.499000e-01,8.904592e-11
9.500000e-01,-4.968099e-12
9.501000e-01,-9.898211e-11
9.502000e-01,-1.929961e-10
9.503000e-01,-2.870101e-10
9.504000e-01,-3.810242e-10
9.505000e-01,-4.750382e-10
9.506000e-01,-5.690522e-10
9.507000e-01,2.682458e-10
9.508000e-01,1.742317e-10
9.509000e-01,8.021773e-11
9.510000e-01,-1.379628e-11
9.511000e-01,-1.078103e-10
9.512000e-01,-2.018243e-10
9.513000e-01,-2.958383e-10
9.514000e-01,-3.898523e-10
9.515000e-01,-4.838664e-10
9.516000e-01,-5.778804e-10
9.517000e-01,-6.718944e-10
9.518000e-01,1.654036e-10
9.519000e-01,7.138955e-11
9.520000e-01,-2.262447e-11
9.521000e-01,-1.166385e-10
9.522000e-01,-2.106525e-10
9.523000e-01,-3.046665e-10
9.524000e-01,-3.986805e-10
9.525000e-01,-4.926945e-10
9.526000e-01,-5.867086e-10
9.527000e-01,-6.807226e-10
9.528000e-01,1.565754e-10
9.529000e-01,6.256136e-11
9.530000e-01,-3.145265e-11
9.531000e-01,-1.254667e-10
9.532000e-01,-2.194807e-10
9.533000e-01,-3.134947e-10
9.534000e-01,-4.075087e-10
9.535000e-01,-5.015227e-10
9.536000e-01,-5.955367e-10
9.537000e-01,-6.895508e-10
9.538000e-01,1.477472e-10
9.539000e-01,5.373318e-11
9.540000e-01,-4.028084e-11
9.541000e-01,-1.342949e-10
9.542000e-01,-2.283089e-10
9.543000e-01,-3.223229e-10
9.544000e-01,-4.163369e-10
9.545000e-01,-5.103509e-10
9.546000e-01,-6.043649e-10
9.547000e-01,-6.983789e-10
9.548000e-01,1.389190e-10
9.549000e-01,4.490499e-11
9.550000e-01,-4.910902e-11
9.551000e-01,-1.431230e-10
9.552000e-01,-2.371371e-10
9.553000e-01,-3.311511e-10
9.554000e-01,-4.251651e-10
9.555000e-01,-5.191791e-10
9.556000e-01,-6.131931e-10
9.557000e-01,-7.072071e-10
9.558000e-01,1.300908e-10
9.559000e-01,3.607681e-11
9.560000e-01,-5.793721e-11
9.561000e-01,-1.519512e-10
9.562000e-01,-2.459652e-10
9.563000e-01,-3.399793e-10
9.564000e-01,-4.339933e-10
9.565000e-01,-5.280073e-10
9.566000e-01,-6.220213e-10
9.567000e-01,-7.160353e-10
9.568000e-01,1.212626e-10
9.569000e-01,2.724862e-11
9.570000e-01,-6.676539e-11
9.571000e-01,-1.607794e-10
9.572000e-01,-2.547934e-10
9.573000e-01,-3.488074e-10
9.574000e-01,-4.428215e-10
9.575000e-01,-5.368355e-10
9.576000e-01,-6.308495e-10
9.577000e-01,-7.248635e-10
9.578000e-01,1.124344e-10
9.579000e-01,1.842044e-11
9.580000e-01,-7.559358e-11
9.581000e-01,-1.696076e-10
9.582000e-01,-2.636216e-10
9.583000e-01,-3.576356e-10
9.584000e-01,-4.516496e-10
9.585000e-01,-5.456637e-10
9.586000e-01,-6.396777e-10
9.587000e-01,-7.336917e-10
9.588000e-01,1.036063e-10
9.589000e-01,9.592250e-12
9.590000e-01,-8.442176e-11
9.591000e-01,-1.784358e-10
9.592000e-01,-2.724498e-10
9.593000e-01,-3.664638e-10
9.594000e-01,-4.604778e-10
9.595000e-01,-5.544918e-10
9.596000e-01,-6.485059e-10
9.597000e-01,-7.425199e-10
9.598000e-01,9.477808e-11
9.599000e-01,7.640654e-13
9.600000e-01,-9.324995e-11
9.601000e-01,-1.872640e-10
9.602000e-01,-2.812780e-10
9.603000e-01,-3.752920e-10
9.604000e-01,-4.693060e-10
9.605000e-01,-5.633200e-10
9.606000e-01,-6.573340e-10
9.607000e-01,-7.513480e-10
9.608000e-01,8.594989e-11
9.609000e-01,-8.064120e-12
9.610000e-01,-1.020781e-10
9.611000e-01,-1.960921e-10
9.612000e-01,-2.901062e-10
9.613000e-01,-3.841202e-10
9.614000e-01,-4.781342e-10
9.615000e-01,-5.721482e-10
9.616000e-01,-6.661622e-10
9.617000e-01,-7.601762e-10
9.618000e-01,7.712171e-11
9.619000e-01,-1.689230e-11
9.620000e-01,-1.109063e-10
9.621000e-01,-2.049203e-10
9.622000e-01,-2.989343e-10
9.623000e-01,-3.929484e-10
9.624000e-01,-4.869624e-10
9.625000e-01,-5.809764e-10
9.626000e-01,-6.749904e-10
9.627000e-01,-7.690044e-10
9.628000e-01,6.829352e-11
9.629000e-01,-2.572049e-11
9.630000e-01,-1.197345e-10
9.631000e-01,-2.137485e-10
9.632000e-01,-3.077625e-10
9.633000e-01,-4.017765e-10
9.634000e-01,-4.957906e-10
9.635000e-01,-5.898046e-10
9.636000e-01,-6.838186e-10
9.637000e-01,-7.778326e-10
9.638000e-01,5.946534e-11
9.639000e-01,-3.454867e-11
9.640000e-01,-1.285627e-10
9.641000e-01,-2.225767e-10
9.642000e-01,-3.165907e-10
9.643000e-01,-4.106047e-10
9.644000e-01,-5.046187e-10
9.645000e-01,-5.986328e-10
9.646000e-01,-6.926468e-10
9.647000e-01,-7.866608e-10
9.648000e-01,-8.806748e-10
9.649000e-01,-4.337686e-11
9.650000e-01,-1.373909e-10
9.651000e-01,-2.314049e-10
9.652000e-01,-3.254189e-10
9.653000e-01,-4.194329e-10
9.654000e-01,-5.134469e-10
9.655000e-01,-6.074609e-10
9.656000e-01,-7.014750e-10
9.657000e-01,-7.954890e-10
9.658000e-01,-8.895030e-10
9.659000e-01,-5.220504e-11
9.660000e-01,-1.462191e-10
9.661000e-01,-2.402331e-10
9.662000e-01,-3.342471e-10
9.663000e-01,-4.282611e-10
9.664000e-01,-5.222751e-10
9.665000e-01,-6.162891e-10
9.666000e-01,-7.103031e-10
9.667000e-01,-8.043172e-10
9.668000e-01,-8.983312e-10
9.669000e-01,-6.103323e-11
9.670000e-01,-1.550472e-10
9.671000e-01,-2.490613e-10
9.672000e-01,-3.430753e-10
9.673000e-01,-4.370893e-10
9.674000e-01,-5.311033e-10
9.675000e-01,-6.251173e-10
9.676000e-01,-7.191313e-10
9.677000e-01,-8.131453e-10
9.678000e-01,-9.071594e-10
9.679000e-01,-6.986141e-11
9.680000e-01,-1.638754e-10
9.681000e-01,-2.578894e-10
9.682000e-01,-3.519035e-10
9.683000e-01,-4.459175e-10
9.684000e-01,-5.399315e-10
9.685000e-01,-6.339455e-10
9.686000e-01,-7.279595e-10
9.687000e-01,-8.219735e-10
9.688000e-01,-9.159875e-10
9.689000e-01,-7.868960e-11
9.690000e-01,-1.727036e-10
9.691000e-01,-2.667176e-10
9.692000e-01,-3.607316e-10
9.693000e-01,-4.547457e-10
9.694000e-01,-5.487597e-10
9.695000e-01,-6.427737e-10
9.696000e-01,-7.367877e-10
9.697000e-01,-8.308017e-10
9.698000e-01,-9.248157e-10
9.699000e-01,-8.751778e-11
9.700000e-01,-1.815318e-10
9.701000e-01,-2.755458e-10
9.702000e-01,-3.695598e-10
9.703000e-01,-4.635738e-10
9.704000e-01,-5.575879e-10
9.705000e-01,-6.516019e-10
9.706000e-01,-7.456159e-10
9.707000e-01,-8.396299e-10
9.708000e-01,-2.331955e-12
9.709000e-01,-9.634597e-11
9.710000e-01,-1.903600e-10
9.711000e-01,-2.843740e-10
9.712000e-01,-3.783880e-10
9.713000e-01,-4.724020e-10
9.714000e-01,-5.664160e-10
9.715000e-01,-6.604301e-10
9.716000e-01,-7.544441e-10
9.717000e-01,8.285387e-11
9.718000e-01,-1.116014e-11
9.719000e-01,-1.051742e-10
9.720000e-01,-1.991882e-10
9.721000e-01,-2.932022e-10
9.722000e-01,-3.872162e-10
9.723000e-01,-4.812302e-10
9.724000e-01,-5.752442e-10
9.725000e-01,-6.692582e-10
9.726000e-01,-7.632723e-10
9.727000e-01,7.402569e-11
9.728000e-01,-1.998832e-11
9.729000e-01,-1.140023e-10
9.730000e-01,-2.080164e-10
9.731000e-01,-3.020304e-10
9.732000e-01,-3.960444e-10
9.733000e-01,-4.900584e-10
9.734000e-01,-5.840724e-10
9.735000e-01,-6.780864e-10
9.736000e-01,1.592115e-10
9.737000e-01,6.519750e-11
9.738000e-01,-2.881651e-11
9.739000e-01,-1.228305e-10
9.740000e-01,-2.168445e-10
9.741000e-01,-3.108586e-10
9.742000e-01,-4.048726e-10
9.743000e-01,-4.988866e-10
9.744000e-01,-5.929006e-10
9.745000e-01,-6.869146e-10
9.746000e-01,1.503833e-10
9.747000e-01,5.636932e-11
9.748000e-01,-3.764469e-11
9.749000e-01,-1.316587e-10
9.750000e-01,-2.256727e-10
9.751000e-01,-3.196867e-10
9.752000e-01,-4.137008e-10
9.753000e-01,-5.077148e-10
9.754000e-01,-6.017288e-10
9.755000e-01,2.355692e-10
9.756000e-01,1.415551e-10
9.757000e-01,4.754113e-11
9.758000e-01,-4.647288e-11
9.759000e-01,-1.404869e-10
9.760000e-01,-2.345009e-10
9.761000e-01,-3.285149e-10
9.762000e-01,-4.225289e-10
9.763000e-01,-5.165430e-10
9.764000e-01,-6.105570e-10
9.765000e-01,2.267410e-10
9.766000e-01,1.327270e-10
9.767000e-01,3.871295e-11
9.768000e-01,-5.530106e-11
9.769000e-01,-1.493151e-10
9.770000e-01,-2.433291e-10
9.771000e-01,-3.373431e-10
9.772000e-01,-4.313571e-10
9.773000e-01,-5.253711e-10
9.774000e-01,3.119268e-10
9.775000e-01,2.179128e-10
9.776000e-01,1.238988e-10
9.777000e-01,2.988476e-11
9.778000e-01,-6.412925e-11
9.779000e-01,-1.581433e-10
9.780000e-01,-2.521573e-10
9.781000e-01,-3.461713e-10
9.782000e-01,-4.401853e-10
9.783000e-01,-5.341993e-10
9.784000e-01,3.030986e-10
9.785000e-01,2.090846e-10
9.786000e-01,1.150706e-10
9.787000e-01,2.105658e-11
9.788000e-01,-7.295743e-11
9.789000e-01,-1.669714e-10
9.790000e-01,-2.609855e-10
9.791000e-01,-3.549995e-10
9.792000e-01,-4.490135e-10
9.793000e-01,3.882845e-10
9.794000e-01,2.942704e-10
9.795000e-01,2.002564e-10
9.796000e-01,1.062424e-10
9.797000e-01,1.222839e-11
9.798000e-01,-8.178562e-11
9.799000e-01,-1.757996e-10
9.800000e-01,-2.698136e-10
9.801000e-01,-3.638277e-10
9.802000e-01,4.734703e-10
9.803000e-01,3.794563e-10
9.804000e-01,2.854423e-10
9.805000e-01,1.914282e-10
9.806000e-01,9.741422e-11
9.807000e-01,3.400210e-12
9.808000e-01,-9.061380e-11
9.809000e-01,-1.846278e-10
9.810000e-01,-2.786418e-10
9.811000e-01,-3.726558e-10
9.812000e-01,4.646421e-10
9.813000e-01,3.706281e-10
9.814000e-01,2.766141e-10
9.815000e-01,1.826001e-10
9.816000e-01,8.858604e-11
9.817000e-01,-5.427975e-12
9.818000e-01,-9.944199e-11
9.819000e-01,-1.934560e-10
9.820000e-01,-2.874700e-10
9.821000e-01,5.498279e-10
9.822000e-01,4.558139e-10
9.823000e-01,3.617999e-10
9.824000e-01,2.677859e-10
9.825000e-01,1.737719e-10
9.826000e-01,7.975785e-11
9.827000e-01,-1.425616e-11
9.828000e-01,-1.082702e-10
9.829000e-01,-2.022842e-10
9.830000e-01,-2.962982e-10
9.831000e-01,5.409997e-10
9.832000e-01,4.469857e-10
9.833000e-01,3.529717e-10
9.834000e-01,2.589577e-10
9.835000e-01,1.649437e-10
9.836000e-01,7.092967e-11
9.837000e-01,-2.308435e-11
9.838000e-01,-1.170984e-10
9.839000e-01,-2.111124e-10
9.840000e-01,6.261856e-10
9.841000e-01,5.321716e-10
9.842000e-01,4.381575e-10
9.843000e-01,3.441435e-10
9.844000e-01,2.501295e-10
9.845000e-01,1.561155e-10
9.846000e-01,6.210148e-11
9.847000e-01,-3.191253e-11
9.848000e-01,-1.259265e-10
9.849000e-01,-2.199406e-10
9.850000e-01,6.173574e-10
9.851000e-01,5.233434e-10
9.852000e-01,4.293294e-10
9.853000e-01,3.353153e-10
9.854000e-01,2.413013e-10
9.855000e-01,1.472873e-10
9.856000e-01,5.327330e-11
9.857000e-01,-4.074072e-11
9.858000e-01,-1.347547e-10
9.859000e-01,-2.287687e-10
9.860000e-01,6.085292e-10
9.861000e-01,5.145152e-10
9.862000e-01,4.205012e-10
9.863000e-01,3.264872e-10
9.864000e-01,2.324731e-10
9.865000e-01,1.384591e-10
9.866000e-01,4.444511e-11
9.867000e-01,-4.956890e-11
9.868000e-01,-1.435829e-10
9.869000e-01,-2.375969e-10
9.870000e-01,5.997010e-10
9.871000e-01,5.056870e-10
9.872000e-01,4.116730e-10
9.873000e-01,3.176590e-10
9.874000e-01,2.236450e-10
9.875000e-01,1.296309e-10
9.876000e-01,3.561693e-11
9.877000e-01,-5.839709e-11
9.878000e-01,-1.524111e-10
9.879000e-01,-2.464251e-10
9.880000e-01,5.908728e-10
9.881000e-01,4.968588e-10
9.882000e-01,4.028448e-10
9.883000e-01,3.088308e-10
9.884000e-01,2.148168e-10
9.885000e-01,1.208028e-10
9.886000e-01,2.678874e-11
9.887000e-01,-6.722527e-11
9.888000e-01,-1.612393e-10
9.889000e-01,-2.552533e-10
9.890000e-01,5.820446e-10
9.891000e-01,4.880306e-10
9.892000e-01,3.940166e-10
9.893000e-01,3.000026e-10
9.894000e-01,2.059886e-10
9.895000e-01,1.119746e-10
9.896000e-01,1.796056e-11
9.897000e-01,-7.605346e-11
9.898000e-01,-1.700675e-10
9.899000e-01,-2.640815e-10
9.900000e-01,5.732165e-10
9.901000e-01,4.792024e-10
9.902000e-01,3.851884e-10
9.903000e-01,2.911744e-10
9.904000e-01,1.971604e-10
9.905000e-01,1.031464e-10
9.906000e-01,9.132374e-12
9.907000e-01,-8.488164e-11
9.908000e-01,-1.788957e-10
9.909000e-01,-2.729097e-10
9.910000e-01,-3.669237e-10
9.911000e-01,4.703743e-10
9.912000e-01,3.763602e-10
9.913000e-01,2.823462e-10
9.914000e-01,1.883322e-10
9.915000e-01,9.431820e-11
9.916000e-01,3.041892e-13
9.917000e-01,-9.370983e-11
9.918000e-01,-1.877238e-10
9.919000e-01,-2.817379e-10
9.920000e-01,-3.757519e-10
9.921000e-01,4.615461e-10
9.922000e-01,3.675321e-10
9.923000e-01,2.735180e-10
9.924000e-01,1.795040e-10
9.925000e-01,8.549002e-11
9.926000e-01,-8.523996e-12
9.927000e-01,-1.025380e-10
9.928000e-01,-1.965520e-10
9.929000e-01,-2.905660e-10
9.930000e-01,-3.845801e-10
9.931000e-01,4.527179e-10
9.932000e-01,3.587039e-10
9.933000e-01,2.646899e-10
9.934000e-01,1.706758e-10
9.935000e-01,7.666183e-11
9.936000e-01,-1.735218e-11
9.937000e-01,-1.113662e-10
9.938000e-01,-2.053802e-10
9.939000e-01,-2.993942e-10
9.940000e-01,-3.934082e-10
9.941000e-01,4.438897e-10
9.942000e-01,3.498757e-10
9.943000e-01,2.558617e-10
9.944000e-01,1.618477e-10
9.945000e-01,6.783365e-11
9.946000e-01,-2.618037e-11
9.947000e-01,-1.201944e-10
9.948000e-01,-2.142084e-10
9.949000e-01,-3.082224e-10
9.950000e-01,-4.022364e-10
9.951000e-01,4.350615e-10
9.952000e-01,3.410475e-10
9.953000e-01,2.470335e-10
9.954000e-01,1.530195e-10
9.955000e-01,5.900546e-11
9.956000e-01,-3.500855e-11
9.957000e-01,-1.290226e-10
9.958000e-01,-2.230366e-10
9.959000e-01,-3.170506e-10
9.960000e-01,-4.110646e-10
9.961000e-01,4.262333e-10
9.962000e-01,3.322193e-10
9.963000e-01,2.382053e-10
9.964000e-01,1.441913e-10
9.965000e-01,5.017728e-11
9.966000e-01,-4.383674e-11
9.967000e-01,-1.378508e-10
9.968000e-01,-2.318648e-10
9.969000e-01,-3.258788e-10
9.970000e-01,-4.198928e-10
9.971000e-01,4.174052e-10
9.972000e-01,3.233911e-10
9.973000e-01,2.293771e-10
9.974000e-01,1.353631e-10
9.975000e-01,4.134909e-11
9.976000e-01,-5.266492e-11
9.977000e-01,-1.466789e-10
9.978000e-01,-2.406929e-10
9.979000e-01,-3.347070e-10
9.980000e-01,-4.287210e-10
9.981000e-01,4.085770e-10
9.982000e-01,3.145630e-10
9.983000e-01,2.205489e-10
9.984000e-01,1.265349e-10
9.985000e-01,3.252091e-11
9.986000e-01,-6.149311e-11
9.987000e-01,-1.555071e-10
9.988000e-01,-2.495211e-10
9.989000e-01,-3.435351e-10
9.990000e-01,-4.375492e-10
9.991000e-01,3.997488e-10
9.992000e-01,3.057348e-10
9.993000e-01,2.117208e-10
9.994000e-01,1.177067e-10
9.995000e-01,2.369272e-11
9.996000e-01,-7.032129e-11
9.997000e-01,-1.643353e-10
9.998000e-01,-2.583493e-10
9.999000e-01,-3.523633e-10
