Epsilon Scale,Force (N)
0.1,565281794097.5536
0.5,113056358819.51073
1.0,56528179409.75536
2.0,28264089704.87768
5.0,11305635881.951073
10.0,5652817940.975536
