Epsilon Scale,Force (N)
0.1,718299783736.7689
0.5,143659956747.3538
1.0,71829978373.6769
2.0,35914989186.83845
5.0,14365995674.73538
10.0,7182997837.36769
